A,Z,az_order,exc_keV,spin_parity,isomer_char
1,1,0,,1/2+*, 
2,1,0,,1+*, 
3,1,0,,1/2+*, 
3,2,0,,1/2+*, 
4,1,0,,2-, 
4,2,0,,0+, 
4,3,0,,2-, 
5,1,0,,(1/2+), 
5,2,0,,3/2-, 
5,3,0,,3/2-, 
6,1,0,,2-#, 
6,2,0,,0+, 
6,3,0,,1+*, 
6,3,1,3562.88,0+      T=1,i
6,4,0,,0+, 
7,1,0,,1/2+#, 
7,2,0,,(3/2)-, 
7,3,0,,3/2-*, 
7,4,0,,3/2-, 
7,5,0,,(3/2-), 
8,2,0,,0+, 
8,3,0,,2+, 
8,4,0,,0+, 
8,5,0,,2+, 
8,6,0,,0+, 
9,2,0,,1/2(+), 
9,3,0,,3/2-, 
9,4,0,,3/2-*, 
9,4,1,14390.3,3/2-    T=3/2,i
9,5,0,,3/2-, 
9,6,0,,3/2-, 
10,2,0,,0+, 
10,3,0,,"(1-,2-)", 
10,3,1,200.0,1+,m
10,3,2,480.0,(2+),n
10,4,0,,0+, 
10,5,0,,3+*, 
10,6,0,,0+, 
10,7,0,,"1-,2-", 
11,3,0,,3/2-*, 
11,4,0,,1/2+*, 
11,4,1,21158.0,3/2-    T=5/2,i
11,5,0,,3/2-*, 
11,6,0,,3/2-*, 
11,7,0,,1/2+, 
11,7,1,740.0,1/2-,m
11,8,0,,(3/2-), 
12,4,0,,0+, 
12,4,1,2251.0,0+,m
12,5,0,,1+*, 
12,6,0,,0+, 
12,7,0,,1+*, 
12,8,0,,0+, 
13,3,0,,3/2-#, 
13,4,0,,(1/2-), 
13,5,0,,3/2-, 
13,6,0,,1/2-*, 
13,7,0,,1/2-*, 
13,8,0,,(3/2-), 
14,4,0,,0+, 
14,5,0,,2-, 
14,5,1,17065.0,0+      T=3,i
14,6,0,,0+, 
14,7,0,,1+*, 
14,8,0,,0+, 
14,9,0,,2-, 
15,4,0,,(5/2+), 
15,5,0,,3/2-, 
15,6,0,,1/2+, 
15,7,0,,1/2-*, 
15,8,0,,1/2-*, 
15,9,0,,1/2+, 
15,10,0,,(3/2-), 
16,4,0,,0+, 
16,6,0,,0+, 
16,7,0,,2-, 
16,7,1,120.42,0-      T=1,m
16,8,0,,0+, 
16,9,0,,0-, 
17,5,0,,(3/2-), 
17,6,0,,3/2+, 
17,7,0,,1/2-, 
17,8,0,,5/2+*, 
17,9,0,,5/2+, 
17,10,0,,1/2-*, 
18,6,0,,0+, 
18,7,0,,1-, 
18,8,0,,0+, 
18,9,0,,1+, 
18,9,1,1121.36,5+,m
18,10,0,,0+, 
18,11,0,,1-#, 
19,5,0,,(3/2-), 
19,6,0,,1/2+, 
19,7,0,,1/2-, 
19,8,0,,5/2+, 
19,9,0,,1/2+*, 
19,10,0,,1/2+*, 
19,12,0,,1/2-#, 
20,6,0,,0+, 
20,7,0,,(2-), 
20,8,0,,0+, 
20,9,0,,2+, 
20,10,0,,0+, 
20,11,0,,2+*, 
20,12,0,,0+, 
21,7,0,,(1/2-), 
21,8,0,,(5/2+), 
21,9,0,,5/2+, 
21,10,0,,3/2+*, 
21,11,0,,3/2+*, 
21,12,0,,5/2+*, 
22,6,0,,0+, 
22,7,0,,0-#, 
22,8,0,,0+, 
22,9,0,,(4+), 
22,10,0,,0+, 
22,11,0,,3+*, 
22,11,1,583.05,1+,m
22,11,2,657.0,0+      T=1,i
22,12,0,,0+, 
22,13,0,,(4)+, 
22,14,0,,0+, 
23,7,0,,1/2-#, 
23,8,0,,1/2+, 
23,9,0,,5/2+, 
23,10,0,,5/2+*, 
23,11,0,,3/2+*, 
23,11,1,7891.2,5/2+    T=3/2,i
23,12,0,,3/2+*, 
23,13,0,,5/2+, 
23,14,0,,3/2+#, 
24,8,0,,0+, 
24,9,0,,3+, 
24,10,0,,0+, 
24,11,0,,4+*, 
24,11,1,472.2074,1+,m
24,12,0,,0+, 
24,13,0,,4+, 
24,13,1,425.8,1+,m
24,14,0,,0+, 
25,8,0,,3/2+#, 
25,9,0,,(5/2+), 
25,10,0,,1/2+*, 
25,11,0,,5/2+*, 
25,12,0,,5/2+*, 
25,13,0,,5/2+, 
25,14,0,,5/2+, 
26,8,0,,0+, 
26,9,0,,1+, 
26,9,1,643.4,(4+),m
26,10,0,,0+, 
26,11,0,,3+*, 
26,11,1,82.4,1+,m
26,12,0,,0+, 
26,13,0,,5+, 
26,13,1,228.306,0+      T=1,m
26,14,0,,0+, 
26,15,0,,(3)+, 
26,15,1,164.4,(1+),m
27,9,0,,5/2+#, 
27,10,0,,(3/2+), 
27,11,0,,5/2+*, 
27,12,0,,1/2+*, 
27,13,0,,5/2+*, 
27,14,0,,5/2+, 
27,15,0,,1/2+, 
27,16,0,,(5/2+), 
28,9,0,,(4-), 
28,10,0,,0+, 
28,11,0,,1+*, 
28,12,0,,0+, 
28,13,0,,3+*, 
28,14,0,,0+, 
28,14,1,12541.04,(3+),r
28,15,0,,3+, 
28,16,0,,0+, 
29,9,0,,(5/2+), 
29,10,0,,(3/2-), 
29,11,0,,3/2+*, 
29,12,0,,3/2+*, 
29,13,0,,5/2+*, 
29,14,0,,1/2+*, 
29,15,0,,1/2+, 
29,16,0,,5/2+#, 
29,17,0,,(1/2+), 
30,10,0,,0+, 
30,11,0,,2+*, 
30,12,0,,0+, 
30,13,0,,3+*, 
30,14,0,,0+, 
30,15,0,,1+*     T=0, 
30,16,0,,0+, 
31,10,0,,(3/2-), 
31,11,0,,3/2+*, 
31,12,0,,1/2+*, 
31,13,0,,5/2+*, 
31,14,0,,3/2+, 
31,15,0,,1/2+*, 
31,16,0,,1/2+, 
31,17,0,,3/2+, 
31,18,0,,5/2+*, 
32,10,0,,0+, 
32,11,0,,(3-), 
32,12,0,,0+, 
32,13,0,,1+*, 
32,13,1,956.6,(4+),m
32,14,0,,0+, 
32,15,0,,1+*, 
32,16,0,,0+, 
32,17,0,,1+, 
32,18,0,,0+, 
33,11,0,,(3/2+), 
33,12,0,,3/2-*, 
33,13,0,,5/2+*, 
33,14,0,,3/2+*, 
33,15,0,,1/2+, 
33,16,0,,3/2+, 
33,17,0,,3/2+, 
33,18,0,,1/2+, 
34,11,0,,1+, 
34,12,0,,0+, 
34,13,0,,4-, 
34,13,1,46.47,1+*,m
34,14,0,,0+, 
34,15,0,,1+, 
34,16,0,,0+, 
34,17,0,,0+      T=1, 
34,17,1,146.36,3+      T=0,m
34,18,0,,0+, 
35,11,0,,3/2+#, 
35,12,0,,"(3/2-,5/2-)", 
35,13,0,,"(5/2+,3/2+)", 
35,14,0,,7/2-#, 
35,15,0,,1/2+, 
35,16,0,,3/2+*, 
35,17,0,,3/2+*, 
35,18,0,,3/2+, 
35,19,0,,3/2+, 
35,20,0,,1/2+#, 
36,12,0,,0+, 
36,13,0,,, 
36,14,0,,0+, 
36,15,0,,4-, 
36,16,0,,0+, 
36,17,0,,2+*, 
36,18,0,,0+, 
36,19,0,,2+*, 
36,20,0,,0+, 
37,12,0,,(3/2-), 
37,13,0,,5/2+#, 
37,14,0,,(5/2-), 
37,15,0,,(1/2+), 
37,16,0,,7/2-, 
37,17,0,,3/2+*, 
37,18,0,,3/2+*, 
37,19,0,,3/2+*, 
37,20,0,,3/2+*, 
38,13,0,,0-#, 
38,14,0,,0+, 
38,15,0,,(2-), 
38,16,0,,0+, 
38,17,0,,2-, 
38,17,1,671.365,5-,m
38,18,0,,0+, 
38,19,0,,3+*     T=0, 
38,19,1,130.15,0+*     T=1,m
38,19,2,3458.1,(7)+,n
38,20,0,,0+, 
39,13,0,,5/2+#, 
39,14,0,,(5/2-), 
39,15,0,,(1/2+), 
39,16,0,,(7/2)-, 
39,17,0,,3/2+, 
39,18,0,,7/2-*, 
39,19,0,,3/2+*, 
39,20,0,,3/2+*, 
39,22,0,,3/2+#, 
40,14,0,,0+, 
40,15,0,,"(2-,3-)", 
40,16,0,,0+, 
40,17,0,,2-, 
40,18,0,,0+, 
40,19,0,,4-*, 
40,19,1,1643.638,0+,m
40,20,0,,0+, 
40,21,0,,4-, 
40,22,0,,0+, 
41,14,0,,7/2-#, 
41,15,0,,1/2+#, 
41,16,0,,7/2-#, 
41,17,0,,(1/2+), 
41,18,0,,7/2-, 
41,19,0,,3/2+*, 
41,20,0,,7/2-*, 
41,21,0,,7/2-, 
41,22,0,,3/2+, 
42,14,0,,0+, 
42,15,0,,, 
42,16,0,,0+, 
42,17,0,,(2-), 
42,18,0,,0+, 
42,19,0,,2-*, 
42,20,0,,0+, 
42,21,0,,0+      T=1, 
42,21,1,616.81,7+,m
42,22,0,,0+, 
42,24,0,,0+, 
43,15,0,,(1/2+), 
43,16,0,,3/2-, 
43,16,1,320.7,(7/2-),m
43,17,0,,(3/2+), 
43,18,0,,5/2(-), 
43,19,0,,3/2+*, 
43,19,1,738.3,7/2-,m
43,20,0,,7/2-*, 
43,21,0,,7/2-*, 
43,21,1,151.79,3/2+,m
43,21,2,3123.73,19/2-,n
43,22,0,,7/2-, 
43,22,1,313.0,(3/2+),m
43,22,2,3066.4,(19/2-),n
43,23,0,,7/2-#, 
43,24,0,,(3/2+), 
44,15,0,,, 
44,16,0,,0+, 
44,16,1,1365.0,0+,m
44,17,0,,(2-), 
44,18,0,,0+, 
44,19,0,,2-*, 
44,20,0,,0+, 
44,21,0,,2+*, 
44,21,1,67.8679,1-,m
44,21,2,146.1914,0-,n
44,21,3,271.24,6+*,p
44,22,0,,0+, 
44,23,0,,(2)+, 
44,23,1,271.0,(6)+,m
44,24,0,,0+, 
45,16,0,,3/2-#, 
45,17,0,,(3/2+), 
45,18,0,,"(5/2-,7/2-)", 
45,19,0,,3/2+*, 
45,20,0,,7/2-*, 
45,21,0,,7/2-*, 
45,21,1,12.4,3/2+,m
45,22,0,,7/2-*, 
45,22,1,36.53,3/2-,m
45,23,0,,7/2-, 
45,23,1,56.8,(3/2-),m
45,24,0,,7/2-#, 
45,26,0,,3/2+#, 
46,16,0,,0+, 
46,17,0,,2-#, 
46,18,0,,0+, 
46,19,0,,2-*, 
46,20,0,,0+, 
46,21,0,,4+*, 
46,21,1,52.011,6+,m
46,21,2,142.528,1-,n
46,22,0,,0+, 
46,23,0,,0+      T=1, 
46,23,1,801.46,3+      T=0,m
46,24,0,,0+, 
46,25,0,,(4+), 
46,26,0,,0+, 
47,17,0,,3/2+#, 
47,18,0,,(3/2)-, 
47,19,0,,1/2+*, 
47,20,0,,7/2-*, 
47,21,0,,7/2-*, 
47,21,1,766.83,(3/2)+,m
47,22,0,,5/2-*, 
47,23,0,,3/2-*, 
47,24,0,,3/2-, 
47,25,0,,5/2-#, 
47,26,0,,7/2-#, 
48,18,0,,0+, 
48,19,0,,1-*, 
48,20,0,,0+, 
48,21,0,,6+*, 
48,22,0,,0+, 
48,23,0,,4+*, 
48,24,0,,0+, 
48,25,0,,4+, 
48,26,0,,0+, 
48,28,0,,0+, 
49,18,0,,3/2-#, 
49,19,0,,1/2+*, 
49,20,0,,3/2-*, 
49,21,0,,7/2-, 
49,22,0,,7/2-*, 
49,23,0,,7/2-*, 
49,24,0,,5/2-*, 
49,25,0,,5/2-, 
49,26,0,,(7/2-), 
49,28,0,,7/2-#, 
50,18,0,,0+, 
50,19,0,,0-*, 
50,19,1,172.0,(2-),m
50,20,0,,0+, 
50,21,0,,5+, 
50,21,1,256.895,2+,m
50,22,0,,0+, 
50,23,0,,6+*, 
50,24,0,,0+, 
50,25,0,,0+*     T=1, 
50,25,1,225.31,5+*     T=0,m
50,26,0,,0+, 
50,27,0,,(6+), 
50,28,0,,0+, 
51,19,0,,3/2+*, 
51,20,0,,3/2-*, 
51,21,0,,(7/2)-, 
51,22,0,,3/2-, 
51,23,0,,7/2-*, 
51,24,0,,7/2-*, 
51,25,0,,5/2-*, 
51,26,0,,5/2-, 
51,27,0,,7/2-, 
51,28,0,,7/2-#, 
52,19,0,,2-#, 
52,20,0,,0+, 
52,21,0,,3(+), 
52,22,0,,0+, 
52,23,0,,3+, 
52,24,0,,0+, 
52,25,0,,6+*, 
52,25,1,377.749,2+*,m
52,26,0,,0+, 
52,26,1,6960.7,12+,m
52,27,0,,6+, 
52,27,1,376.0,2+,m
52,28,0,,0+, 
53,19,0,,3/2+, 
53,20,0,,1/2-#, 
53,21,0,,(7/2-), 
53,22,0,,(3/2)-, 
53,23,0,,7/2-, 
53,24,0,,3/2-*, 
53,25,0,,7/2-*, 
53,26,0,,7/2-, 
53,26,1,3040.4,19/2-,m
53,27,0,,7/2-#, 
53,27,1,3174.3,(19/2-),m
53,28,0,,(7/2-), 
54,19,0,,2-#, 
54,20,0,,0+, 
54,21,0,,(3)+, 
54,21,1,110.5,"(5+,4+)",m
54,22,0,,0+, 
54,23,0,,3+, 
54,23,1,108.0,(5)+,m
54,24,0,,0+, 
54,25,0,,3+*, 
54,26,0,,0+, 
54,26,1,6527.1,10+,m
54,27,0,,0+      T=1, 
54,27,1,197.57,7+      T=0,m
54,28,0,,0+, 
54,28,1,6457.4,10+,m
54,30,0,,0+, 
55,20,0,,5/2-#, 
55,21,0,,(7/2)-, 
55,22,0,,(1/2)-, 
55,23,0,,7/2-#, 
55,24,0,,3/2-, 
55,25,0,,5/2-*, 
55,26,0,,3/2-, 
55,27,0,,7/2-*, 
55,28,0,,7/2-, 
55,29,0,,3/2-#, 
55,30,0,,5/2-#, 
56,20,0,,0+, 
56,21,0,,(1+), 
56,21,1,0.0,"(6+,5+)",m
56,21,2,775.0,(4+),n
56,22,0,,0+, 
56,23,0,,(1+), 
56,24,0,,0+, 
56,25,0,,3+*, 
56,26,0,,0+, 
56,27,0,,4+*, 
56,28,0,,0+, 
56,29,0,,(4+), 
56,30,0,,0+, 
57,21,0,,7/2-#, 
57,22,0,,5/2-#, 
57,23,0,,(7/2-), 
57,24,0,,(3/2)-, 
57,25,0,,5/2-*, 
57,26,0,,1/2-*, 
57,27,0,,7/2-*, 
57,28,0,,3/2-, 
57,29,0,,3/2-*, 
57,30,0,,7/2-#, 
58,21,0,,3+#, 
58,21,1,1420.7,,m
58,22,0,,0+, 
58,23,0,,(1+), 
58,24,0,,0+, 
58,25,0,,1+*, 
58,25,1,71.77,4+*,m
58,26,0,,0+, 
58,27,0,,2+*, 
58,27,1,24.95,5+,m
58,27,2,53.15,4+,n
58,28,0,,0+, 
58,29,0,,1+*     T=0, 
58,30,0,,0+, 
59,22,0,,5/2-#, 
59,22,1,108.5,1/2-#,m
59,23,0,,(5/2-), 
59,24,0,,(1/2-), 
59,24,1,502.7,(9/2+),m
59,25,0,,5/2-*, 
59,26,0,,3/2-*, 
59,27,0,,7/2-*, 
59,28,0,,3/2-, 
59,29,0,,3/2-*, 
59,30,0,,3/2-, 
59,32,0,,7/2-#, 
60,22,0,,0+, 
60,23,0,,3+#, 
60,23,1,0.0,1+#,m
60,23,2,203.7,(4+),n
60,24,0,,0+, 
60,25,0,,1+*, 
60,25,1,271.9,4+*,m
60,26,0,,0+, 
60,27,0,,5+*, 
60,27,1,58.59,2+*,m
60,28,0,,0+, 
60,29,0,,2+*, 
60,30,0,,0+, 
60,31,0,,(2+), 
60,32,0,,0+, 
61,22,0,,1/2-#, 
61,22,1,125.0,5/2-#,m
61,22,2,700.1,9/2+#,n
61,23,0,,(3/2-), 
61,24,0,,(5/2-), 
61,25,0,,5/2-*, 
61,26,0,,(3/2-), 
61,26,1,861.67,9/2+,m
61,27,0,,7/2-, 
61,28,0,,3/2-*, 
61,29,0,,3/2-*, 
61,30,0,,3/2-, 
61,31,0,,3/2-, 
61,32,0,,3/2-#, 
62,23,0,,3+#, 
62,24,0,,0+, 
62,25,0,,1+*, 
62,25,1,343.0,4+*,m
62,26,0,,0+, 
62,27,0,,(2)+, 
62,27,1,22.0,(5)+,m
62,28,0,,0+, 
62,29,0,,1+*, 
62,30,0,,0+, 
62,31,0,,0+      T=1, 
62,32,0,,0+, 
63,23,0,,"(3/2-,5/2-)", 
63,24,0,,1/2-#, 
63,25,0,,5/2-*, 
63,26,0,,(5/2-), 
63,27,0,,7/2-, 
63,28,0,,1/2-*, 
63,28,1,87.15,5/2-,m
63,29,0,,3/2-*, 
63,30,0,,3/2-*, 
63,31,0,,3/2-*, 
63,32,0,,3/2-#, 
63,34,0,,3/2-#, 
64,23,0,,"(1,2)", 
64,24,0,,0+, 
64,25,0,,1+*, 
64,25,1,174.1,(4+)*,m
64,26,0,,0+, 
64,27,0,,1+, 
64,28,0,,0+, 
64,29,0,,1+*, 
64,30,0,,0+, 
64,31,0,,0(+#), 
64,31,1,42.85,(2+),m
64,32,0,,0+, 
64,33,0,,0+#, 
64,34,0,,0+, 
65,24,0,,1/2-#, 
65,25,0,,(5/2-), 
65,26,0,,(1/2-), 
65,26,1,393.7,(9/2+),m
65,26,2,397.6,(5/2+),n
65,27,0,,(7/2)-, 
65,28,0,,5/2-, 
65,28,1,63.37,1/2-,m
65,29,0,,3/2-*, 
65,30,0,,5/2-*, 
65,30,1,53.928,1/2-,m
65,31,0,,3/2-*, 
65,32,0,,3/2-, 
65,33,0,,3/2-#, 
65,34,0,,3/2-#, 
66,24,0,,0+, 
66,25,0,,(1+), 
66,25,1,464.5,(5-),m
66,26,0,,0+, 
66,27,0,,(1+), 
66,27,1,175.1,(3+),m
66,28,0,,0+, 
66,29,0,,1+*, 
66,29,1,1154.2,(6)-,m
66,30,0,,0+, 
66,31,0,,0+*, 
66,32,0,,0+, 
66,33,0,,0+      T=1, 
66,33,1,1356.63,5+,m
66,33,2,3023.8,9+,n
66,34,0,,0+, 
67,25,0,,5/2-#, 
67,26,0,,(1/2-), 
67,26,1,403.0,"(5/2+,7/2+)",m
67,26,2,450.0,(9/2+),n
67,27,0,,(7/2-), 
67,27,1,491.55,(1/2-),m
67,28,0,,1/2-, 
67,28,1,1006.6,9/2+,m
67,29,0,,3/2-*, 
67,30,0,,5/2-*, 
67,30,1,93.312,1/2-,m
67,30,2,604.48,9/2+,n
67,31,0,,3/2-*, 
67,32,0,,1/2-, 
67,32,1,18.2,5/2-,m
67,32,2,751.7,9/2+,n
67,33,0,,(5/2-), 
67,34,0,,5/2-#, 
67,36,0,,3/2-#, 
68,25,0,,(3), 
68,26,0,,0+, 
68,27,0,,(7-), 
68,27,1,150.0,(2-),m
68,27,2,195.0,(1),n
68,28,0,,0+, 
68,28,1,1603.51,0+,m
68,28,2,2849.1,5-,n
68,29,0,,1+*, 
68,29,1,721.26,6-*,m
68,30,0,,0+, 
68,31,0,,1+*, 
68,32,0,,0+, 
68,33,0,,3+, 
68,33,1,425.1,1+,m
68,34,0,,0+, 
68,36,0,,0+, 
69,25,0,,5/2-#, 
69,26,0,,1/2-#, 
69,27,0,,(7/2-), 
69,27,1,170.0,1/2-#,m
69,28,0,,(9/2+), 
69,28,1,321.0,(1/2-),m
69,28,2,2700.0,(17/2-),n
69,29,0,,3/2-*, 
69,30,0,,1/2-*, 
69,30,1,438.636,9/2+*,m
69,31,0,,3/2-*, 
69,32,0,,5/2-*, 
69,32,1,86.76,1/2-,m
69,32,2,397.94,9/2+,n
69,33,0,,5/2-*, 
69,34,0,,1/2-, 
69,34,1,38.85,5/2-,m
69,34,2,574.0,9/2+,n
69,36,0,,(5/2-), 
70,25,0,,"(4,5)", 
70,26,0,,0+, 
70,27,0,,(1+), 
70,27,1,200.0,(7-),m
70,28,0,,0+, 
70,28,1,2860.91,8+,m
70,29,0,,6-*, 
70,29,1,101.1,3-*,m
70,29,2,242.6,1+*,n
70,30,0,,0+, 
70,31,0,,1+*, 
70,32,0,,0+, 
70,33,0,,4+*, 
70,33,1,32.046,2+,m
70,34,0,,0+, 
70,35,0,,0+      T=1, 
70,35,1,2292.3,9+      T=0,m
70,36,0,,0+, 
71,26,0,,7/2+#, 
71,27,0,,(7/2-), 
71,28,0,,(9/2+), 
71,28,1,499.0,(1/2-),m
71,29,0,,3/2-*, 
71,29,1,2755.7,(19/2-),m
71,30,0,,1/2-*, 
71,30,1,157.7,9/2+*,m
71,31,0,,3/2-*, 
71,32,0,,1/2-*, 
71,32,1,198.354,9/2+,m
71,33,0,,5/2-*, 
71,34,0,,(5/2-), 
71,34,1,48.79,(1/2-),m
71,34,2,260.48,(9/2+),n
71,35,0,,(5/2)-, 
71,36,0,,(5/2)-, 
72,26,0,,0+, 
72,27,0,,"(6-,7-)", 
72,27,1,200.0,"(0+,1+)",m
72,28,0,,0+, 
72,29,0,,2-*, 
72,29,1,270.3,(6-),m
72,30,0,,0+, 
72,31,0,,3-*, 
72,31,1,119.66,(0+),m
72,32,0,,0+, 
72,32,1,691.43,0+,m
72,33,0,,2-*, 
72,34,0,,0+, 
72,35,0,,1+, 
72,35,1,100.76,(3-),m
72,36,0,,0+, 
72,37,0,,1+#, 
73,26,0,,7/2+#, 
73,27,0,,(7/2-), 
73,28,0,,(9/2+), 
73,29,0,,3/2-*, 
73,30,0,,1/2-*, 
73,30,1,195.5,5/2+*,m
73,31,0,,1/2-*, 
73,32,0,,9/2+*, 
73,32,1,13.2845,5/2+,m
73,32,2,66.725,1/2-,n
73,33,0,,3/2-, 
73,33,1,427.902,9/2+,m
73,34,0,,9/2+*, 
73,34,1,25.71,3/2-,m
73,35,0,,1/2-, 
73,36,0,,(3/2)-, 
73,36,1,433.55,(9/2+),m
73,38,0,,(5/2-), 
74,26,0,,0+, 
74,27,0,,7-#, 
74,28,0,,0+, 
74,29,0,,2-*, 
74,30,0,,0+, 
74,31,0,,(3-)*, 
74,31,1,59.571,(0)(+#),m
74,32,0,,0+, 
74,33,0,,2-, 
74,34,0,,0+, 
74,35,0,,(0-), 
74,35,1,13.58,4+*,m
74,36,0,,0+, 
74,37,0,,0+*     T=1, 
74,38,0,,0+, 
75,27,0,,7/2-#, 
75,28,0,,9/2+#, 
75,29,0,,5/2-*, 
75,29,1,61.7,1/2-,m
75,29,2,66.2,3/2-,n
75,30,0,,7/2+*, 
75,31,0,,3/2-*, 
75,32,0,,1/2-*, 
75,32,1,139.69,7/2+,m
75,32,2,192.19,5/2+,n
75,33,0,,3/2-*, 
75,33,1,303.9243,9/2+,m
75,34,0,,5/2+*, 
75,35,0,,3/2-, 
75,36,0,,5/2+*, 
75,37,0,,3/2-*, 
75,38,0,,(3/2-), 
76,27,0,,(8-), 
76,27,1,100.0,(1-),m
76,27,2,740.0,(3+),n
76,28,0,,0+, 
76,28,1,2418.0,(8+),m
76,29,0,,3-*, 
76,29,1,,"(1,3)",m
76,30,0,,0+, 
76,31,0,,2-*, 
76,32,0,,0+, 
76,33,0,,2-*, 
76,33,1,44.425,(1)+,m
76,34,0,,0+, 
76,35,0,,1-*, 
76,35,1,102.58,(4)+,m
76,36,0,,0+, 
76,37,0,,1-*, 
76,37,1,316.93,(4+),m
76,38,0,,0+, 
76,39,0,,1-#, 
77,27,0,,7/2-#, 
77,28,0,,9/2+#, 
77,29,0,,5/2-*, 
77,30,0,,7/2+*, 
77,30,1,772.44,1/2-*,m
77,31,0,,3/2-*, 
77,32,0,,7/2+, 
77,32,1,159.71,1/2-,m
77,33,0,,3/2-, 
77,33,1,475.48,9/2+,m
77,34,0,,1/2-*, 
77,34,1,161.9223,7/2+,m
77,35,0,,3/2-*, 
77,35,1,105.86,9/2+*,m
77,36,0,,5/2+*, 
77,36,1,66.5,3/2-,m
77,37,0,,3/2-*, 
77,38,0,,5/2+*, 
77,39,0,,5/2+#, 
78,28,0,,0+, 
78,29,0,,(6-)*, 
78,30,0,,0+, 
78,30,1,2673.7,(8+),m
78,31,0,,2-*, 
78,31,1,498.9,,m
78,32,0,,0+, 
78,33,0,,2-, 
78,34,0,,0+, 
78,35,0,,1+*, 
78,35,1,180.89,(4+),m
78,36,0,,0+, 
78,37,0,,0+*, 
78,37,1,46.84,(1-),m
78,37,2,111.19,4-*,n
78,38,0,,0+, 
78,39,0,,(0+), 
78,39,1,0.0,(5+),m
79,28,0,,5/2+#, 
79,29,0,,(5/2-)*, 
79,30,0,,9/2+*, 
79,31,0,,3/2-*, 
79,32,0,,(1/2)-, 
79,32,1,185.95,7/2+#,m
79,33,0,,3/2-, 
79,33,1,772.81,(9/2)+,m
79,34,0,,7/2+*, 
79,34,1,95.77,1/2-,m
79,35,0,,3/2-*, 
79,35,1,207.61,9/2+,m
79,36,0,,1/2-*, 
79,36,1,129.77,7/2+*,m
79,37,0,,5/2+*, 
79,38,0,,3/2-*, 
79,39,0,,5/2+#, 
79,40,0,,5/2+#, 
80,28,0,,0+, 
80,29,0,,, 
80,30,0,,0+, 
80,31,0,,6-*, 
80,31,1,22.45,3-*,m
80,32,0,,0+, 
80,33,0,,1+, 
80,34,0,,0+, 
80,35,0,,1+*, 
80,35,1,85.843,5-*,m
80,36,0,,0+, 
80,37,0,,1+*, 
80,37,1,493.9,(6+),m
80,38,0,,0+, 
80,39,0,,4-, 
80,39,1,228.5,1-,m
80,39,2,312.6,(2+),n
80,40,0,,0+, 
81,29,0,,5/2-#, 
81,30,0,,"(1/2+,5/2+)", 
81,31,0,,5/2-*, 
81,32,0,,9/2+#, 
81,32,1,679.14,(1/2+),m
81,33,0,,3/2-, 
81,34,0,,1/2-, 
81,34,1,103.0,7/2+,m
81,35,0,,3/2-*, 
81,35,1,536.2,9/2+,m
81,36,0,,7/2+*, 
81,36,1,190.64,1/2-*,m
81,37,0,,3/2-*, 
81,37,1,86.31,9/2+*,m
81,38,0,,1/2-*, 
81,38,1,79.23,(5/2)-,m
81,38,2,89.05,(7/2+),n
81,39,0,,(5/2+), 
81,40,0,,(3/2-), 
82,29,0,,, 
82,30,0,,0+, 
82,31,0,,2-*, 
82,31,1,140.7,(4-),m
82,32,0,,0+, 
82,33,0,,(2-), 
82,33,1,131.6,(5-),m
82,34,0,,0+, 
82,35,0,,5-*, 
82,35,1,45.9492,2-,m
82,36,0,,0+, 
82,37,0,,1+*, 
82,37,1,69.0,5-*,m
82,38,0,,0+, 
82,39,0,,1+, 
82,39,1,402.63,4-,m
82,39,2,507.5,6+,n
82,40,0,,0+, 
82,41,0,,(0+), 
82,41,1,1180.0,(5+),m
83,30,0,,3/2+#, 
83,31,0,,5/2-#, 
83,32,0,,(5/2+), 
83,33,0,,5/2-#, 
83,34,0,,9/2+, 
83,34,1,228.92,1/2-,m
83,35,0,,3/2-, 
83,35,1,3069.2,(19/2-),m
83,36,0,,9/2+*, 
83,36,1,9.4053,7/2+,m
83,36,2,41.5575,1/2-*,n
83,37,0,,5/2-*, 
83,37,1,42.078,9/2+,m
83,38,0,,7/2+*, 
83,38,1,259.15,1/2-*,m
83,39,0,,(9/2+), 
83,39,1,62.04,(3/2-),m
83,40,0,,1/2-#, 
83,40,1,52.72,(5/2-),m
83,40,2,77.04,(7/2+),n
83,41,0,,9/2+#, 
83,42,0,,3/2-#, 
84,30,0,,0+, 
84,31,0,,0-#, 
84,32,0,,0+, 
84,33,0,,(2-), 
84,33,1,,,m
84,34,0,,0+, 
84,35,0,,2-, 
84,35,1,310.0,(6)-,m
84,36,0,,0+, 
84,36,1,3236.07,8+,m
84,37,0,,2-*, 
84,37,1,463.59,6-*,m
84,38,0,,0+, 
84,39,0,,(6+), 
84,39,1,67.0,1+,m
84,39,2,210.42,(4-),n
84,40,0,,0+, 
84,41,0,,(1+), 
84,41,1,48.0,(3+),m
84,41,2,337.7,(5-),n
84,42,0,,0+, 
85,31,0,,(5/2-), 
85,32,0,,"(3/2+,5/2+)#", 
85,33,0,,(5/2-), 
85,34,0,,(5/2)+, 
85,35,0,,3/2-, 
85,36,0,,9/2+*, 
85,36,1,304.871,1/2-*,m
85,36,2,1991.8,(17/2+),n
85,37,0,,5/2-*, 
85,37,1,514.0065,9/2+,m
85,38,0,,9/2+*, 
85,38,1,238.79,1/2-*,m
85,39,0,,(1/2)-, 
85,39,1,19.68,(9/2)+,m
85,39,2,266.18,(5/2)-,n
85,40,0,,(7/2+), 
85,40,1,292.2,1/2-#,m
85,41,0,,9/2+#, 
85,41,1,150.0,(1/2-),m
85,41,2,,,n
85,42,0,,(1/2+), 
86,31,0,,, 
86,32,0,,0+, 
86,33,0,,"(1-,2-)", 
86,34,0,,0+, 
86,35,0,,(1-), 
86,36,0,,0+, 
86,37,0,,2-*, 
86,37,1,556.05,6-*,m
86,38,0,,0+, 
86,38,1,2956.09,8+,m
86,39,0,,4-*, 
86,39,1,218.21,(8+),m
86,39,2,302.18,6+,n
86,40,0,,0+, 
86,41,0,,(6+), 
86,41,1,150.0,"(0-,1-,2-)",m
86,42,0,,0+, 
86,43,0,,(0+), 
86,43,1,1524.0,(6+),m
87,31,0,,5/2-#, 
87,32,0,,5/2+#, 
87,33,0,,"(5/2-,3/2-)", 
87,34,0,,(3/2+), 
87,35,0,,5/2-, 
87,36,0,,5/2+*, 
87,37,0,,3/2-*, 
87,38,0,,9/2+*, 
87,38,1,388.5287,1/2-*,m
87,39,0,,1/2-*, 
87,39,1,380.82,9/2+*,m
87,40,0,,9/2+, 
87,40,1,335.84,1/2-,m
87,41,0,,(1/2)-, 
87,41,1,3.9,(9/2)+,m
87,42,0,,7/2+#, 
87,43,0,,9/2+#, 
87,43,1,7.0,1/2-#,m
88,32,0,,0+, 
88,33,0,,, 
88,34,0,,0+, 
88,35,0,,(1-), 
88,35,1,270.17,(4-),m
88,36,0,,0+, 
88,37,0,,2-*, 
88,37,1,1373.8,(7+),m
88,38,0,,0+, 
88,39,0,,4-*, 
88,39,1,392.86,1+,m
88,39,2,674.55,8+*,n
88,40,0,,0+, 
88,40,1,2887.79,8+,m
88,41,0,,(8+), 
88,41,1,130.0,(4-),m
88,42,0,,0+, 
88,43,0,,(2+), 
88,43,1,70.0,(6+),m
88,43,2,95.0,(4+),n
88,44,0,,0+, 
89,34,0,,5/2+#, 
89,35,0,,"(3/2-,5/2-)", 
89,36,0,,3/2+*, 
89,37,0,,3/2-*, 
89,38,0,,5/2+*, 
89,39,0,,1/2-*, 
89,39,1,908.97,9/2+*,m
89,40,0,,9/2+, 
89,40,1,587.82,1/2-,m
89,41,0,,(9/2+), 
89,41,1,0.0,(1/2)-,m
89,42,0,,(9/2+), 
89,42,1,387.5,(1/2-),m
89,43,0,,(9/2+), 
89,43,1,62.6,(1/2-),m
89,44,0,,(9/2+), 
90,33,0,,, 
90,34,0,,0+, 
90,35,0,,, 
90,36,0,,0+, 
90,37,0,,0-*, 
90,37,1,106.9,3-*,m
90,38,0,,0+, 
90,39,0,,2-*, 
90,39,1,682.01,7+*,m
90,40,0,,0+, 
90,40,1,2319.0,5-,m
90,40,2,3589.418,8+,n
90,41,0,,8+*, 
90,41,1,122.37,6+,m
90,41,2,124.67,4-*,n
90,41,3,171.1,7+,p
90,41,4,382.01,1+,q
90,42,0,,0+, 
90,42,1,2874.73,8+,m
90,43,0,,(8+), 
90,43,1,144.0,1+,m
90,44,0,,0+, 
90,45,0,,(0+), 
90,45,1,0.0,(7+),m
91,34,0,,1/2+#, 
91,35,0,,5/2-#, 
91,36,0,,5/2+*, 
91,37,0,,3/2-*, 
91,38,0,,5/2+*, 
91,39,0,,1/2-*, 
91,39,1,555.58,9/2+,m
91,40,0,,5/2+*, 
91,40,1,3167.3,(21/2+),m
91,41,0,,9/2+*, 
91,41,1,104.6,1/2-*,m
91,41,2,2034.42,(17/2-),n
91,42,0,,9/2+, 
91,42,1,653.01,1/2-,m
91,43,0,,(9/2)+, 
91,43,1,139.3,(1/2)-,m
91,44,0,,(9/2+), 
91,44,1,-340.0,(1/2-),m
91,45,0,,(9/2+), 
91,46,0,,7/2+#, 
92,34,0,,0+, 
92,35,0,,(2-), 
92,35,1,662.0,,m
92,35,2,1138.0,,n
92,36,0,,0+, 
92,37,0,,0-*, 
92,38,0,,0+, 
92,39,0,,2-*, 
92,39,1,807.0,7+#,m
92,40,0,,0+, 
92,41,0,,7+*, 
92,41,1,135.5,(2)+,m
92,41,2,225.8,(2)-,n
92,41,3,2203.3,(11-),p
92,42,0,,0+, 
92,42,1,2760.52,8+,m
92,43,0,,(8)+, 
92,43,1,270.09,(4+),m
92,44,0,,0+, 
92,44,1,2833.9,(8+),m
92,45,0,,(6+), 
92,45,1,50.0,(2+),m
92,45,2,105.0,(4+),n
92,46,0,,0+, 
93,34,0,,1/2+#, 
93,35,0,,5/2-#, 
93,36,0,,1/2+*, 
93,37,0,,5/2-*, 
93,37,1,4423.1,(27/2-),m
93,38,0,,5/2+*, 
93,39,0,,1/2-*, 
93,39,1,758.719,9/2+*,m
93,40,0,,5/2+, 
93,41,0,,9/2+*, 
93,41,1,30.76,1/2-,m
93,41,2,7460.0,33/2-#,n
93,42,0,,5/2+, 
93,42,1,2424.95,21/2+,m
93,42,2,9695.0,(39/2-),n
93,43,0,,9/2+, 
93,43,1,391.84,1/2-,m
93,43,2,2185.16,(17/2)-,n
93,44,0,,(9/2)+, 
93,44,1,734.4,(1/2)-,m
93,44,2,2082.5,(21/2)+,n
93,45,0,,9/2+#, 
93,46,0,,(9/2+), 
93,47,0,,9/2+#, 
94,34,0,,0+, 
94,35,0,,2-#, 
94,35,1,294.6,,m
94,36,0,,0+, 
94,37,0,,3-*, 
94,37,1,104.2,(0-),m
94,37,2,2074.9,(10-),n
94,38,0,,0+, 
94,39,0,,2-*, 
94,39,1,1202.3,(5+),m
94,40,0,,0+, 
94,41,0,,6+, 
94,41,1,40.892,3+,m
94,42,0,,0+, 
94,43,0,,7+*, 
94,43,1,76.0,(2)+,m
94,44,0,,0+, 
94,44,1,2644.1,8+,m
94,45,0,,(4+), 
94,45,1,54.6,(2+),m
94,45,2,300.0,(8+),n
94,46,0,,0+, 
94,46,1,4883.1,(14+),m
94,46,2,7209.8,(19-),n
94,47,0,,0+#, 
94,47,1,1350.0,(7+),m
94,47,2,6500.0,(21+),n
95,35,0,,5/2-#, 
95,36,0,,1/2+*, 
95,36,1,195.5,(7/2+),m
95,37,0,,5/2-*, 
95,38,0,,1/2+*, 
95,39,0,,1/2-*, 
95,39,1,1087.6,9/2+,m
95,40,0,,5/2+, 
95,41,0,,9/2+, 
95,41,1,235.69,1/2-,m
95,42,0,,5/2+*, 
95,43,0,,9/2+*, 
95,43,1,38.91,1/2-,m
95,44,0,,5/2+, 
95,45,0,,(9/2)+, 
95,45,1,543.3,(1/2)-,m
95,46,0,,9/2+#, 
95,46,1,1875.13,(21/2+),m
95,47,0,,(9/2+), 
95,48,0,,9/2+#, 
96,35,0,,, 
96,36,0,,0+, 
96,37,0,,2-*, 
96,37,1,0.0,1(+#),m
96,38,0,,0+, 
96,39,0,,0-*, 
96,39,1,1540.0,8+*,m
96,39,2,1655.0,(6+),n
96,40,0,,0+, 
96,41,0,,6+, 
96,42,0,,0+, 
96,43,0,,7+*, 
96,43,1,34.23,4+,m
96,44,0,,0+, 
96,45,0,,6+, 
96,45,1,51.98,3+,m
96,46,0,,0+, 
96,46,1,2530.57,8+#,m
96,47,0,,(8)+, 
96,47,1,0.0,(2+),m
96,47,2,2461.4,(13-),n
96,47,3,2686.7,(15+),p
96,47,4,6951.8,(19+),q
96,48,0,,0+, 
96,48,1,6030.0,16+,m
96,48,2,5605.0,"(12-,13-)",n
97,36,0,,3/2+#, 
97,37,0,,3/2+*, 
97,37,1,76.6,"(1/2,3/2)-",m
97,38,0,,1/2+*, 
97,38,1,308.13,7/2+,m
97,38,2,830.83,(9/2+),n
97,39,0,,1/2-*, 
97,39,1,667.52,9/2+*,m
97,39,2,3522.6,(27/2-)*,n
97,40,0,,1/2+*, 
97,40,1,1264.35,7/2+,m
97,41,0,,9/2+, 
97,41,1,743.35,1/2-,m
97,42,0,,5/2+*, 
97,43,0,,9/2+*, 
97,43,1,96.57,1/2-,m
97,44,0,,5/2+, 
97,45,0,,9/2+, 
97,45,1,258.76,1/2-,m
97,46,0,,5/2+#, 
97,47,0,,(9/2)+*, 
97,48,0,,(9/2+), 
97,48,1,1245.1,(1/2-),m
97,48,2,2620.0,(25/2+),n
97,49,0,,9/2+#, 
97,49,1,400.0,1/2-#,m
98,36,0,,0+, 
98,37,0,,(0-)*, 
98,37,1,73.0,(3+)*,m
98,37,2,178.5,(2-),n
98,38,0,,0+, 
98,39,0,,0-*, 
98,39,1,170.78,2-,m
98,39,2,465.7,"(6,7)+",n
98,39,3,496.1,(4)-,p
98,39,4,594.0,"(3-,4-)",q
98,39,5,972.17,(8+),r
98,39,6,1181.5,(10-),x
98,40,0,,0+, 
98,40,1,6601.9,(17-),m
98,41,0,,1+, 
98,41,1,84.0,(5)+,m
98,42,0,,0+, 
98,43,0,,6+*, 
98,43,1,90.77,"(2,3)-",m
98,44,0,,0+, 
98,45,0,,(2)+, 
98,45,1,56.3,(5+),m
98,46,0,,0+, 
98,47,0,,(6)+*, 
98,47,1,107.28,(4+),m
98,48,0,,0+, 
98,48,1,2428.3,(8+),m
98,48,2,6635.0,(12+),n
98,49,0,,(0+), 
98,49,1,820.0,(9+),m
99,36,0,,5/2-#, 
99,37,0,,(3/2+), 
99,38,0,,3/2+*, 
99,39,0,,5/2+*, 
99,39,1,2141.65,(17/2+),m
99,40,0,,1/2+*, 
99,40,1,251.96,7/2+,m
99,41,0,,9/2+*, 
99,41,1,365.27,1/2-,m
99,42,0,,1/2+*, 
99,42,1,97.785,5/2+,m
99,42,2,684.1,11/2-,n
99,43,0,,9/2+*, 
99,43,1,142.6836,1/2-*,m
99,44,0,,5/2+*, 
99,45,0,,1/2-, 
99,45,1,64.4,9/2+*,m
99,46,0,,(5/2)+, 
99,47,0,,(9/2)+*, 
99,47,1,506.2,(1/2)-*,m
99,48,0,,5/2+#, 
99,49,0,,9/2+#, 
99,50,0,,9/2+#, 
100,36,0,,0+, 
100,37,0,,4-#, 
100,38,0,,0+, 
100,38,1,1618.72,(4-),m
100,39,0,,4+*, 
100,39,1,144.0,1+#,m
100,40,0,,0+, 
100,41,0,,1+, 
100,41,1,313.0,(5+),m
100,41,2,347.0,"(4-,5-)",n
100,41,3,734.0,(8-),p
100,42,0,,0+, 
100,43,0,,1+, 
100,43,1,200.67,(4)+,m
100,43,2,243.95,(6)+,n
100,44,0,,0+, 
100,45,0,,1-*, 
100,45,1,74.782,(2)+,m
100,45,2,107.6,(5+),n
100,45,3,219.61,(7+),p
100,46,0,,0+, 
100,47,0,,(5)+*, 
100,47,1,15.52,(2)+,m
100,48,0,,0+, 
100,49,0,,6+#, 
100,50,0,,0+, 
101,37,0,,3/2+#, 
101,38,0,,(5/2-), 
101,39,0,,5/2+*, 
101,39,1,1205.0,13/2-#,m
101,40,0,,3/2+*, 
101,41,0,,5/2+*, 
101,42,0,,1/2+, 
101,42,1,13.497,3/2+,m
101,42,2,57.015,5/2+,n
101,43,0,,9/2+, 
101,43,1,207.526,1/2-,m
101,44,0,,5/2+*, 
101,44,1,527.56,11/2-,m
101,45,0,,1/2-, 
101,45,1,157.32,9/2+*,m
101,46,0,,5/2+, 
101,47,0,,9/2+*, 
101,47,1,274.1,(1/2)-*,m
101,48,0,,5/2+*, 
101,49,0,,(9/2+), 
101,50,0,,(7/2+), 
102,37,0,,(4+), 
102,38,0,,0+, 
102,39,0,,(5-), 
102,39,1,100.0,"(0-,1-)",m
102,40,0,,0+, 
102,41,0,,(4+), 
102,41,1,94.0,(1+),m
102,42,0,,0+, 
102,43,0,,1+, 
102,43,1,50.0,(4+),m
102,44,0,,0+, 
102,45,0,,2-*, 
102,45,1,140.73,6+*,m
102,46,0,,0+, 
102,47,0,,5+*, 
102,47,1,9.4,2+*,m
102,48,0,,0+, 
102,49,0,,(6+), 
102,50,0,,0+, 
102,50,1,2017.0,(6+),m
103,37,0,,3/2+#, 
103,38,0,,5/2+#, 
103,39,0,,5/2+#, 
103,40,0,,(5/2-), 
103,41,0,,5/2+*, 
103,42,0,,3/2+, 
103,43,0,,5/2+, 
103,44,0,,3/2+, 
103,44,1,238.2,11/2-,m
103,45,0,,1/2-*, 
103,45,1,39.753,7/2+,m
103,46,0,,5/2+, 
103,47,0,,7/2+*, 
103,47,1,134.45,1/2-,m
103,48,0,,5/2+*, 
103,49,0,,(9/2+), 
103,49,1,631.7,(1/2-),m
103,50,0,,5/2+#, 
104,38,0,,0+, 
104,39,0,,"(0+,1+)#", 
104,40,0,,0+, 
104,41,0,,(5-), 
104,41,1,9.8,"(0-,1-)",m
104,42,0,,0+, 
104,43,0,,(3-), 
104,43,1,69.7,(5-),m
104,43,2,106.1,4#,n
104,44,0,,0+, 
104,45,0,,1+, 
104,45,1,128.9679,5+,m
104,46,0,,0+, 
104,47,0,,5+*, 
104,47,1,6.9,2+*,m
104,48,0,,0+, 
104,49,0,,(5+)*, 
104,49,1,93.48,(3+),m
104,50,0,,0+, 
104,51,0,,, 
105,38,0,,5/2+#, 
105,39,0,,5/2+#, 
105,40,0,,1/2+#, 
105,41,0,,(5/2+), 
105,42,0,,(5/2-), 
105,43,0,,(3/2-), 
105,44,0,,3/2+, 
105,44,1,20.606,5/2+,m
105,45,0,,7/2+, 
105,45,1,129.742,1/2-,m
105,46,0,,5/2+*, 
105,46,1,489.1,11/2-,m
105,47,0,,1/2-*, 
105,47,1,25.468,7/2+,m
105,48,0,,5/2+*, 
105,48,1,2517.6,(21/2+),m
105,49,0,,9/2+*, 
105,49,1,674.09,(1/2)-,m
105,50,0,,(5/2+), 
105,51,0,,(5/2+), 
105,52,0,,(7/2+), 
106,38,0,,0+, 
106,39,0,,2+#, 
106,40,0,,0+, 
106,41,0,,1-#, 
106,41,1,100.0,(4-),m
106,41,2,204.8,(3+),n
106,42,0,,0+, 
106,43,0,,"(1,2)(+#)", 
106,44,0,,0+, 
106,45,0,,1+, 
106,45,1,132.0,(6)+,m
106,46,0,,0+, 
106,47,0,,1+*, 
106,47,1,89.66,6+*,m
106,48,0,,0+, 
106,49,0,,7+*, 
106,49,1,28.6,(2)+,m
106,50,0,,0+, 
106,51,0,,(2+), 
106,51,1,103.5,(4+),m
106,52,0,,0+, 
107,39,0,,5/2+#, 
107,40,0,,5/2+#, 
107,41,0,,(5/2+), 
107,42,0,,(1/2+), 
107,42,1,65.4,(5/2+),m
107,43,0,,(3/2-), 
107,43,1,30.1,(1/2+),m
107,43,2,65.72,(5/2+),n
107,44,0,,(5/2)+, 
107,45,0,,7/2+, 
107,46,0,,5/2+, 
107,46,1,115.74,1/2+,m
107,46,2,214.6,11/2-,n
107,47,0,,1/2-*, 
107,47,1,93.125,7/2+,m
107,48,0,,5/2+*, 
107,49,0,,9/2+*, 
107,49,1,678.5,1/2-,m
107,50,0,,(5/2+), 
107,51,0,,5/2+#, 
107,52,0,,5/2+#, 
108,39,0,,6-#, 
108,40,0,,0+, 
108,40,1,2074.5,(6+),m
108,41,0,,(2+), 
108,41,1,166.6,6-#,m
108,42,0,,0+, 
108,43,0,,(2)+, 
108,44,0,,0+, 
108,45,0,,1+, 
108,45,1,115.0,(5+),m
108,46,0,,0+, 
108,47,0,,1+*, 
108,47,1,109.466,6+*,m
108,48,0,,0+, 
108,49,0,,7+*, 
108,49,1,29.75,2+*,m
108,50,0,,0+, 
108,51,0,,(4+), 
108,52,0,,0+, 
108,53,0,,1+#, 
108,54,0,,0+, 
109,39,0,,5/2+#, 
109,40,0,,5/2+#, 
109,41,0,,3/2-#, 
109,41,1,312.5,7/2+#,m
109,42,0,,(1/2+), 
109,42,1,69.7,5/2+#,m
109,43,0,,(5/2+), 
109,44,0,,(5/2+), 
109,44,1,96.14,(5/2-),m
109,45,0,,7/2+, 
109,45,1,225.873,3/2+,m
109,46,0,,5/2+, 
109,46,1,113.4,1/2+,m
109,46,2,188.9903,11/2-,n
109,47,0,,1/2-*, 
109,47,1,88.0337,7/2+*,m
109,48,0,,5/2+*, 
109,48,1,59.6,1/2+,m
109,48,2,463.1,11/2-,n
109,49,0,,9/2+*, 
109,49,1,649.79,1/2-,m
109,49,2,2101.86,19/2+,n
109,50,0,,5/2+*, 
109,51,0,,5/2+#, 
109,52,0,,(5/2+), 
109,53,0,,"(1/2+,3/2+)", 
109,54,0,,(7/2+), 
110,40,0,,0+, 
110,41,0,,5+#, 
110,41,1,100.0,2+#,m
110,42,0,,0+, 
110,43,0,,"(2+,3+)", 
110,44,0,,0+, 
110,45,0,,(1+), 
110,45,1,220.0,(6+),m
110,46,0,,0+, 
110,47,0,,1+*, 
110,47,1,1.112,2-,m
110,47,2,117.59,6+*,n
110,48,0,,0+, 
110,49,0,,7+*, 
110,49,1,62.08,2+*,m
110,50,0,,0+, 
110,51,0,,(3+), 
110,52,0,,0+, 
110,53,0,,(1+), 
110,54,0,,0+, 
111,40,0,,5/2+#, 
111,41,0,,3/2-#, 
111,42,0,,1/2+#, 
111,43,0,,5/2+#, 
111,44,0,,5/2+, 
111,45,0,,(7/2+), 
111,46,0,,5/2+, 
111,46,1,172.18,11/2-,m
111,47,0,,1/2-*, 
111,47,1,59.82,7/2+,m
111,48,0,,1/2+*, 
111,48,1,396.214,11/2-*,m
111,49,0,,9/2+*, 
111,49,1,536.99,1/2-,m
111,50,0,,7/2+*, 
111,50,1,254.71,1/2+,m
111,51,0,,(5/2+), 
111,52,0,,(5/2)+, 
111,53,0,,5/2+#, 
111,54,0,,5/2+#, 
112,40,0,,0+, 
112,41,0,,1+#, 
112,42,0,,0+, 
112,43,0,,(2+), 
112,43,1,352.3,,m
112,44,0,,0+, 
112,45,0,,(1+), 
112,45,1,340.0,(6+),m
112,46,0,,0+, 
112,47,0,,2-*, 
112,48,0,,0+, 
112,49,0,,1+*, 
112,49,1,156.592,4+*,m
112,49,2,350.8,(7)+,n
112,49,3,613.82,8-*,p
112,50,0,,0+, 
112,51,0,,(3+), 
112,51,1,825.9,(8-),m
112,52,0,,0+, 
112,53,0,,1+#, 
112,54,0,,0+, 
112,55,0,,1+#, 
113,41,0,,3/2-#, 
113,42,0,,5/2+#, 
113,43,0,,5/2+#, 
113,43,1,114.4,5/2-#,m
113,44,0,,(1/2+), 
113,44,1,131.0,(7/2-),m
113,45,0,,(7/2+), 
113,46,0,,(5/2+), 
113,46,1,81.1,(9/2-),m
113,47,0,,1/2-*, 
113,47,1,43.5,7/2+,m
113,48,0,,1/2+*, 
113,48,1,263.54,11/2-*,m
113,49,0,,9/2+*, 
113,49,1,391.699,1/2-*,m
113,50,0,,1/2+*, 
113,50,1,77.389,7/2+*,m
113,51,0,,5/2+, 
113,52,0,,(7/2+), 
113,53,0,,5/2+#, 
113,54,0,,5/2+#, 
113,54,1,403.6,(11/2-),m
113,55,0,,(3/2+), 
114,41,0,,2-#, 
114,42,0,,0+, 
114,43,0,,5+#, 
114,43,1,160.0,1+#,m
114,44,0,,0+, 
114,45,0,,1+, 
114,45,1,200.0,(7-),m
114,46,0,,0+, 
114,47,0,,1+, 
114,47,1,198.9,(6+),m
114,48,0,,0+, 
114,49,0,,1+, 
114,49,1,190.2682,5+*,m
114,49,2,501.948,8-,n
114,50,0,,0+, 
114,50,1,3087.37,7-,m
114,51,0,,3+, 
114,51,1,495.5,(8-),m
114,52,0,,0+, 
114,53,0,,1+, 
114,53,1,265.9,(7-),m
114,54,0,,0+, 
114,55,0,,(1+), 
114,56,0,,0+, 
115,41,0,,3/2-#, 
115,42,0,,3/2+#, 
115,43,0,,5/2+#, 
115,44,0,,(1/2+), 
115,44,1,82.0,(7/2-),m
115,45,0,,(7/2+), 
115,46,0,,(1/2)+, 
115,46,1,89.21,(7/2-),m
115,47,0,,1/2-, 
115,47,1,41.16,7/2+,m
115,48,0,,1/2+*, 
115,48,1,181.0,11/2-*,m
115,49,0,,9/2+*, 
115,49,1,336.244,1/2-*,m
115,50,0,,1/2+*, 
115,50,1,612.81,7/2+,m
115,50,2,713.64,11/2-,n
115,51,0,,5/2+, 
115,51,1,2796.26,(19/2)-,m
115,52,0,,7/2+, 
115,52,1,10.0,(1/2+),m
115,52,2,280.05,11/2-,n
115,53,0,,5/2+#, 
115,54,0,,(5/2+), 
115,55,0,,9/2+#, 
115,56,0,,5/2+#, 
116,42,0,,0+, 
116,43,0,,2+#, 
116,44,0,,0+, 
116,45,0,,1+, 
116,45,1,200.0,(6-),m
116,46,0,,0+, 
116,47,0,,(0-), 
116,47,1,47.9,(3+),m
116,47,2,129.8,(6-),n
116,48,0,,0+, 
116,49,0,,1+, 
116,49,1,127.267,5+*,m
116,49,2,289.66,8-*,n
116,50,0,,0+, 
116,50,1,2365.975,5-,m
116,50,2,3547.16,10+,n
116,51,0,,3+*, 
116,51,1,93.99,1+,m
116,51,2,390.0,8-*,n
116,52,0,,0+, 
116,53,0,,1+, 
116,53,1,430.4,(7-),m
116,54,0,,0+, 
116,55,0,,(1+), 
116,55,1,100.0,(7+),m
116,56,0,,0+, 
117,42,0,,3/2+#, 
117,43,0,,5/2+#, 
117,44,0,,3/2+#, 
117,44,1,185.0,7/2-#,m
117,45,0,,7/2+#, 
117,45,1,321.2,3/2+#,m
117,46,0,,(3/2+), 
117,46,1,203.3,(9/2-),m
117,47,0,,1/2-#, 
117,47,1,28.6,7/2+#,m
117,48,0,,1/2+*, 
117,48,1,136.4,11/2-*,m
117,49,0,,9/2+*, 
117,49,1,315.303,1/2-*,m
117,50,0,,1/2+*, 
117,50,1,314.58,11/2-*,m
117,50,2,2406.4,(19/2+),n
117,51,0,,5/2+*, 
117,51,1,3130.76,(25/2)+,m
117,51,2,3230.7,(23/2-),n
117,52,0,,1/2+*, 
117,52,1,296.1,(11/2-),m
117,53,0,,(5/2)+, 
117,54,0,,5/2+*, 
117,55,0,,9/2+#, 
117,55,1,150.0,3/2+#,m
117,56,0,,(3/2+), 
117,57,0,,(3/2+), 
117,57,1,,(9/2+),m
118,42,0,,0+, 
118,43,0,,2+#, 
118,44,0,,0+, 
118,45,0,,1+#, 
118,45,1,200.0,6-#,m
118,46,0,,0+, 
118,47,0,,(2-), 
118,47,1,45.79,"(1,2)-",m
118,48,0,,0+, 
118,49,0,,1+, 
118,49,1,100.0,5+*,m
118,49,2,240.0,8-*,n
118,50,0,,0+, 
118,50,1,2574.91,7-,m
118,50,2,3108.06,(10+),n
118,51,0,,1+*, 
118,51,1,50.814,3+,m
118,51,2,250.0,8-*,n
118,52,0,,0+, 
118,53,0,,(2-), 
118,53,1,188.8,(7-),m
118,54,0,,0+, 
118,55,0,,2+*, 
118,55,1,100.0,(7-),m
118,56,0,,0+, 
119,43,0,,5/2+#, 
119,44,0,,3/2+#, 
119,44,1,227.1,,m
119,45,0,,7/2+#, 
119,46,0,,3/2+#, 
119,47,0,,1/2-#, 
119,47,1,20.0,7/2+#,m
119,48,0,,1/2+*, 
119,48,1,146.54,11/2-*,m
119,49,0,,9/2+*, 
119,49,1,311.37,1/2-*,m
119,49,2,654.27,(3/2)+,n
119,49,3,2656.9,(25/2+),p
119,50,0,,1/2+*, 
119,50,1,89.531,11/2-*,m
119,50,2,2127.0,(19/2+),n
119,50,3,2369.0,23/2+,p
119,51,0,,5/2+*, 
119,51,1,2553.6,19/2-,m
119,51,2,2841.7,25/2+,n
119,52,0,,1/2+*, 
119,52,1,260.96,11/2-*,m
119,53,0,,5/2+, 
119,54,0,,5/2+*, 
119,55,0,,9/2+*, 
119,55,1,50.0,3/2+*,m
119,56,0,,(5/2+), 
120,43,0,,3+#, 
120,44,0,,0+, 
120,45,0,,8-#, 
120,45,1,157.2,6#,m
120,46,0,,0+, 
120,47,0,,4(+), 
120,47,1,0.0,"(0-,1-)",m
120,47,2,203.2,7(-),n
120,48,0,,0+, 
120,49,0,,1+, 
120,49,1,50.0,5+*,m
120,49,2,300.0,8-*,n
120,50,0,,0+, 
120,50,1,2481.63,7-,m
120,50,2,2902.22,10+,n
120,51,0,,1+*, 
120,51,1,0.0,8-*,m
120,51,2,78.16,(3+),n
120,51,3,2328.0,13+,p
120,52,0,,0+, 
120,53,0,,2-, 
120,53,1,72.61,3+,m
120,53,2,320.0,(7-),n
120,54,0,,0+, 
120,55,0,,2+*, 
120,55,1,100.0,(7-),m
120,56,0,,0+, 
120,57,0,,1-#, 
121,43,0,,5/2+#, 
121,44,0,,3/2+#, 
121,45,0,,7/2+#, 
121,46,0,,3/2+#, 
121,46,1,135.5,7/2+#,m
121,46,2,160.0,11/2-#,n
121,47,0,,7/2+#, 
121,48,0,,3/2+*, 
121,48,1,214.86,11/2-*,m
121,49,0,,9/2+*, 
121,49,1,313.68,1/2-*,m
121,49,2,2550.0,(25/2+),n
121,50,0,,3/2+*, 
121,50,1,6.31,11/2-*,m
121,50,2,1998.68,19/2+,n
121,50,3,2222.0,23/2+,p
121,50,4,2833.9,27/2-,q
121,51,0,,5/2+*, 
121,51,1,2751.0,(25/2+),m
121,52,0,,1/2+, 
121,52,1,293.974,11/2-,m
121,53,0,,5/2+*, 
121,53,1,2376.9,21/2+#,m
121,54,0,,5/2+*, 
121,55,0,,3/2+*, 
121,55,1,68.5,9/2+*,m
121,56,0,,5/2+*, 
121,57,0,,11/2-#, 
121,58,0,,5/2(+#), 
121,59,0,,(3/2)(+#), 
122,44,0,,0+, 
122,45,0,,7-#, 
122,45,1,271.0,4+#,m
122,46,0,,0+, 
122,47,0,,(3+), 
122,47,1,80.0,(1-),m
122,47,2,80.0,(9-),n
122,47,3,171.0,(1+),p
122,48,0,,0+, 
122,49,0,,1+, 
122,49,1,40.0,5+*,m
122,49,2,290.0,8-*,n
122,50,0,,0+, 
122,50,1,2409.03,7-,m
122,50,2,2765.5,10+,n
122,50,3,4721.2,15-,p
122,51,0,,2-*, 
122,51,1,61.4131,3+,m
122,51,2,137.4726,5+,n
122,51,3,163.5591,8-,p
122,52,0,,0+, 
122,53,0,,1+, 
122,53,1,314.9,7-,m
122,53,2,379.4,7-,n
122,53,3,394.1,(8+),p
122,53,4,444.1,8-,q
122,54,0,,0+, 
122,55,0,,1+*, 
122,55,1,45.87,3+,m
122,55,2,140.0,8-*,n
122,56,0,,0+, 
122,57,0,,(1-), 
123,44,0,,3/2+#, 
123,45,0,,7/2+#, 
123,46,0,,3/2+#, 
123,47,0,,(7/2+)*, 
123,47,1,59.5,(1/2-)*,m
123,47,2,1450.0,,n
123,48,0,,3/2+*, 
123,48,1,143.0,11/2-*,m
123,49,0,,9/2+*, 
123,49,1,327.21,1/2-*,m
123,49,2,2078.1,(17/2-),n
123,50,0,,11/2-*, 
123,50,1,24.6,3/2+*,m
123,50,2,1944.9,19/2+,n
123,50,3,2152.66,23/2+,p
123,50,4,2712.47,27/2-,q
123,51,0,,7/2+*, 
123,51,1,2237.8,19/2-,m
123,51,2,2613.4,23/2+,n
123,52,0,,1/2+*, 
123,52,1,247.47,11/2-,m
123,53,0,,5/2+*, 
123,54,0,,1/2+*, 
123,54,1,185.18,7/2-,m
123,55,0,,1/2+*, 
123,55,1,156.27,11/2-,m
123,55,2,252.0,(9/2+),n
123,56,0,,5/2+*, 
123,56,1,120.95,1/2+#,m
123,57,0,,11/2-#, 
123,58,0,,(5/2)(+#), 
124,44,0,,0+, 
124,45,0,,2+#, 
124,46,0,,0+, 
124,47,0,,(2-), 
124,47,1,50.0,9-#,m
124,47,2,155.6,(1+),n
124,47,3,231.1,(1-),p
124,48,0,,0+, 
124,49,0,,3+*, 
124,49,1,-20.0,8-*,m
124,50,0,,0+, 
124,50,1,2204.62,5-,m
124,50,2,2324.96,7-,n
124,50,3,2656.6,10+,p
124,50,4,4552.4,15-,q
124,51,0,,3-*, 
124,51,1,10.8627,5+,m
124,51,2,36.844,(8)-,n
124,51,3,40.8038,(3+),p
124,52,0,,0+, 
124,53,0,,2-*, 
124,54,0,,0+, 
124,55,0,,1+*, 
124,55,1,462.63,(7)+,m
124,56,0,,0+, 
124,57,0,,"(7,8-)", 
124,57,1,100.0,2-#,m
124,58,0,,0+, 
124,59,0,,, 
125,45,0,,7/2+#, 
125,46,0,,3/2+#, 
125,46,1,100.0,11/2-#,m
125,47,0,,(9/2+)*, 
125,47,1,97.1,(1/2-)*,m
125,48,0,,3/2+*, 
125,48,1,186.0,11/2-*,m
125,48,2,1648.0,(19/2+),n
125,49,0,,9/2+*, 
125,49,1,352.0,1/2-*,m
125,49,2,2009.4,(19/2+),n
125,49,3,2161.2,(23/2-),p
125,50,0,,11/2-*, 
125,50,1,27.5,3/2+*,m
125,50,2,1892.8,19/2+,n
125,50,3,2059.5,23/2+,p
125,50,4,2623.5,27/2-,q
125,51,0,,7/2+*, 
125,51,1,1971.25,15/2-,m
125,51,2,2112.1,19/2-,n
125,51,3,2471.0,(23/2)+,q
125,52,0,,1/2+*, 
125,52,1,144.775,11/2-,m
125,53,0,,5/2+*, 
125,54,0,,1/2+*, 
125,54,1,252.61,9/2-*,m
125,54,2,295.89,7/2+,n
125,55,0,,1/2+*, 
125,55,1,266.1,(11/2-),m
125,56,0,,1/2+*, 
125,56,1,120.0,(7/2-),m
125,57,0,,11/2-#, 
125,57,1,107.0,(3/2+),m
125,58,0,,(7/2-), 
125,58,1,93.6,(1/2+),m
125,59,0,,3/2+#, 
125,60,0,,(5/2)(+#), 
126,45,0,,1-#, 
126,46,0,,0+, 
126,46,1,2023.5,(5-),m
126,46,2,2109.7,(7-),n
126,46,3,2406.0,(10+),p
126,47,0,,3+#, 
126,47,1,100.0,9-#,m
126,47,2,254.8,1-#,n
126,48,0,,0+, 
126,49,0,,3+*, 
126,49,1,90.0,8-*,m
126,49,2,243.3,1-,n
126,50,0,,0+, 
126,50,1,2218.99,7-,m
126,50,2,2564.5,10+,n
126,50,3,4347.4,15-,p
126,51,0,,8-, 
126,51,1,17.7,5+,m
126,51,2,40.4,3-,n
126,51,3,104.6,3+,p
126,52,0,,0+, 
126,53,0,,2-*, 
126,53,1,111.0,3+,m
126,54,0,,0+, 
126,55,0,,1+*, 
126,55,1,273.0,(4-),m
126,56,0,,0+, 
126,57,0,,5-#, 
126,57,1,210.0,1-#,m
126,58,0,,0+, 
126,59,0,,"(4,5)", 
127,45,0,,7/2+#, 
127,46,0,,11/2-#, 
127,46,1,1717.91,(19/2+),m
127,47,0,,(9/2+)*, 
127,47,1,20.0,(1/2-)*,m
127,48,0,,3/2+*, 
127,48,1,285.0,11/2-*,m
127,48,2,1845.0,(19/2+),n
127,49,0,,9/2+*, 
127,49,1,394.0,1/2-#,m
127,49,2,1770.0,(21/2-),n
127,49,3,2364.7,(29/2+),p
127,50,0,,11/2-*, 
127,50,1,5.07,3/2+*,m
127,50,2,1826.67,19/2+,n
127,50,3,1930.97,(23/2+),p
127,50,4,2552.4,(27/2-),q
127,51,0,,7/2+, 
127,51,1,1920.19,15/2-,m
127,51,2,2324.7,23/2+,n
127,52,0,,3/2+, 
127,52,1,88.23,11/2-,m
127,53,0,,5/2+*, 
127,54,0,,1/2+*, 
127,54,1,297.1,9/2-*,m
127,55,0,,1/2+*, 
127,55,1,452.23,(11/2)-,m
127,56,0,,1/2+*, 
127,56,1,80.32,7/2-,m
127,57,0,,(11/2-), 
127,57,1,14.2,(3/2+),m
127,58,0,,(1/2+), 
127,58,1,7.3,(5/2+),m
127,59,0,,3/2+#, 
127,60,0,,5/2+#, 
128,46,0,,0+, 
128,46,1,2151.0,(8+),m
128,47,0,,3+#, 
128,48,0,,0+, 
128,48,1,1870.5,(5-),m
128,48,2,2714.6,(10+),n
128,48,3,4286.6,(15-),p
128,49,0,,(3)+, 
128,49,1,247.87,(1)-,m
128,49,2,285.1,(8-),n
128,50,0,,0+, 
128,50,1,2091.5,7-,m
128,50,2,2491.91,10+,n
128,50,3,4099.5,(15-),p
128,51,0,,8-*, 
128,51,1,10.0,5+,m
128,51,2,1617.3,(11+),n
128,51,3,1769.9,(13+),p
128,52,0,,0+, 
128,52,1,2790.8,(10+),m
128,53,0,,1+*, 
128,53,1,137.851,4-,m
128,53,2,167.368,(6)-,n
128,54,0,,0+, 
128,54,1,2787.2,8-,m
128,55,0,,1+*, 
128,56,0,,0+, 
128,57,0,,(5+), 
128,58,0,,0+, 
128,59,0,,(3+), 
128,61,0,,4+#, 
129,46,0,,7/2-#, 
129,47,0,,9/2+#, 
129,48,0,,11/2-*, 
129,48,1,343.0,3/2+*,m
129,49,0,,9/2+, 
129,49,1,450.73,1/2-,m
129,49,2,1687.97,(17/2-),n
129,49,3,1650.0,(23/2-),p
129,49,4,1941.0,(29/2+),q
129,50,0,,3/2+*, 
129,50,1,35.15,11/2-*,m
129,50,2,1761.6,(19/2+),n
129,50,3,1802.6,23/2+,p
129,50,4,2552.9,(27/2-),q
129,51,0,,7/2+, 
129,51,1,1851.31,19/2-,m
129,51,2,1861.06,15/2-,n
129,51,3,2139.4,23/2+,p
129,52,0,,3/2+, 
129,52,1,105.51,11/2-,m
129,53,0,,7/2+*, 
129,54,0,,1/2+*, 
129,54,1,236.14,11/2-*,m
129,55,0,,1/2+*, 
129,55,1,575.4,(11/2-),m
129,56,0,,1/2+, 
129,56,1,8.42,7/2+,m
129,57,0,,(3/2+), 
129,57,1,172.33,(11/2-),m
129,58,0,,(5/2+), 
129,59,0,,(3/2+), 
129,60,0,,7/2-#, 
129,60,1,50.0,1/2+#,m
129,61,0,,5/2+#, 
129,62,0,,"(1/2+,3/2+)", 
130,47,0,,1-#, 
130,48,0,,0+, 
130,48,1,2129.6,(8+),m
130,49,0,,1(-), 
130,49,1,66.5,(10-),m
130,49,2,385.4,(5+),n
130,49,3,388.3,(3+),p
130,50,0,,0+, 
130,50,1,1946.88,7-,m
130,50,2,2434.79,(10+),n
130,51,0,,8-, 
130,51,1,4.8,4+,m
130,51,2,84.67,6-,n
130,51,3,1508.0,(11+),p
130,51,4,1544.7,(13+),q
130,52,0,,0+, 
130,52,1,2146.41,7-,m
130,52,2,2667.2,(10+),n
130,52,3,4373.9,(15-),p
130,53,0,,5+*, 
130,53,1,39.9525,2+,m
130,53,2,69.5865,6-,n
130,53,3,82.396,(8-),p
130,53,4,85.1099,6-,q
130,54,0,,0+, 
130,55,0,,1+*, 
130,55,1,163.25,5-*,m
130,56,0,,0+, 
130,56,1,2475.12,8-,m
130,57,0,,3(+), 
130,57,1,214.0,(5+),m
130,58,0,,0+, 
130,58,1,2453.6,7-,m
130,59,0,,"(6,7)(+#)", 
130,60,0,,0+, 
130,61,0,,"(5+,6+,4+)", 
130,63,0,,(1+), 
131,47,0,,9/2+#, 
131,48,0,,7/2-#, 
131,49,0,,9/2+, 
131,49,1,376.0,1/2-,m
131,49,2,3750.0,(21/2+),n
131,49,3,3783.6,(17/2+),p
131,50,0,,3/2+*, 
131,50,1,65.1,11/2-*,m
131,50,2,4670.0,(23/2-),n
131,51,0,,7/2+, 
131,51,1,1676.06,15/2-,m
131,51,2,1687.2,19/2-,n
131,51,3,2165.6,23/2+,p
131,52,0,,3/2+, 
131,52,1,182.258,11/2-,m
131,52,2,1940.0,(23/2+),n
131,53,0,,7/2+*, 
131,53,1,1918.4,19/2-,m
131,54,0,,3/2+*, 
131,54,1,163.93,11/2-*,m
131,55,0,,5/2+*, 
131,56,0,,1/2+*, 
131,56,1,187.995,9/2-*,m
131,57,0,,3/2+*, 
131,57,1,304.6,11/2-,m
131,58,0,,7/2+, 
131,58,1,63.09,(1/2+),m
131,59,0,,(3/2+), 
131,59,1,152.4,(11/2-),m
131,60,0,,(5/2+), 
131,61,0,,(11/2-), 
131,62,0,,5/2+#, 
131,63,0,,3/2+, 
132,47,0,,6-#, 
132,48,0,,0+, 
132,49,0,,(7-), 
132,50,0,,0+, 
132,50,1,4848.52,8+,m
132,51,0,,(4)+, 
132,51,1,150.0,(8-),m
132,51,2,254.5,(6-),n
132,52,0,,0+, 
132,52,1,1774.8,6+,m
132,52,2,1925.47,7-,n
132,52,3,2723.3,(10+),p
132,53,0,,4+*, 
132,53,1,110.0,(8-),m
132,54,0,,0+, 
132,54,1,2752.21,(10+),m
132,55,0,,2+*, 
132,56,0,,0+, 
132,57,0,,2-*, 
132,57,1,188.2,6-*,m
132,58,0,,0+, 
132,58,1,2341.15,8-,m
132,59,0,,(2+), 
132,59,1,30.0,(5+),m
132,59,2,250.0,(8+),n
132,60,0,,0+, 
132,61,0,,(3+), 
132,62,0,,0+, 
133,48,0,,7/2-#, 
133,49,0,,(9/2+), 
133,49,1,330.0,(1/2-),m
133,50,0,,7/2-*, 
133,51,0,,(7/2+), 
133,51,1,4541.0,(21/2+),m
133,52,0,,3/2+#, 
133,52,1,334.26,(11/2-),m
133,52,2,1610.4,(19/2-),n
133,53,0,,7/2+*, 
133,53,1,1634.148,(19/2-),m
133,53,2,1729.137,(15/2-),n
133,54,0,,3/2+*, 
133,54,1,233.221,11/2-*,m
133,54,2,2147.0,(23/2+),n
133,55,0,,7/2+*, 
133,56,0,,1/2+*, 
133,56,1,288.252,11/2-*,m
133,57,0,,5/2+*, 
133,58,0,,1/2+*, 
133,58,1,37.2,9/2-*,m
133,59,0,,5/2+*, 
133,59,1,192.12,(11/2-),m
133,60,0,,(7/2+), 
133,60,1,127.97,(1/2)+,m
133,61,0,,(3/2+), 
133,62,0,,(5/2+), 
133,62,1,120.0,(1/2-),m
134,48,0,,0+, 
134,49,0,,7-#, 
134,49,1,56.7,(5-),m
134,50,0,,0+, 
134,50,1,1247.4,6+,m
134,51,0,,(0-), 
134,51,1,279.0,(7-),m
134,52,0,,0+, 
134,52,1,1691.34,6+,m
134,53,0,,(4)+, 
134,53,1,316.49,(8)-,m
134,54,0,,0+, 
134,54,1,1965.5,7-,m
134,54,2,3025.2,(10+),n
134,55,0,,4+*, 
134,55,1,138.7441,8-*,m
134,56,0,,0+, 
134,56,1,2957.2,10+,m
134,57,0,,1+, 
134,57,1,440.0,(6-),m
134,58,0,,0+, 
134,58,1,3208.6,10+,m
134,59,0,,2-*, 
134,60,0,,0+, 
134,60,1,2293.0,8-,m
134,61,0,,(5+), 
134,61,1,50.0,(2+),m
134,62,0,,0+, 
134,63,0,,, 
135,49,0,,9/2+#, 
135,50,0,,7/2-#, 
135,51,0,,(7/2+), 
135,52,0,,(7/2-), 
135,52,1,1554.89,(19/2-),m
135,53,0,,7/2+*, 
135,54,0,,3/2+, 
135,54,1,526.551,11/2-*,m
135,55,0,,7/2+*, 
135,55,1,1632.9,19/2-*,m
135,56,0,,3/2+*, 
135,56,1,268.218,11/2-,m
135,56,2,2388.0,(23/2+),n
135,57,0,,5/2+*, 
135,58,0,,1/2+*, 
135,58,1,445.81,(11/2-),m
135,59,0,,3/2+*, 
135,59,1,358.06,(11/2-),m
135,60,0,,9/2-*, 
135,60,1,64.95,(1/2+),m
135,61,0,,"(3/2+,5/2+)", 
135,61,1,240.0,(11/2-),m
135,62,0,,(7/2+), 
135,63,0,,5/2+#, 
135,64,0,,(5/2+), 
135,65,0,,(7/2-), 
136,49,0,,7-#, 
136,50,0,,0+, 
136,51,0,,(1-), 
136,51,1,269.3,(6-),m
136,52,0,,0+, 
136,53,0,,(1-), 
136,53,1,206.0,(6-),m
136,54,0,,0+, 
136,54,1,1891.74,6+,m
136,55,0,,5+*, 
136,55,1,517.9,8-*,m
136,56,0,,0+, 
136,56,1,2030.535,7-,m
136,56,2,3357.19,10+,n
136,57,0,,1+*, 
136,57,1,259.5,(7-),m
136,57,2,2520.6,(14+),n
136,58,0,,0+, 
136,58,1,3095.0,10+,m
136,59,0,,2+*, 
136,60,0,,0+, 
136,61,0,,7+#, 
136,61,1,100.0,2+#,m
136,61,2,42.7,7-#,n
136,62,0,,0+, 
136,62,1,2264.7,(8-),m
136,63,0,,6+#, 
136,63,1,100.0,1+#,m
137,49,0,,9/2+#, 
137,50,0,,5/2-#, 
137,51,0,,7/2+#, 
137,52,0,,3/2-#, 
137,53,0,,7/2+#, 
137,54,0,,7/2-*, 
137,55,0,,7/2+*, 
137,56,0,,3/2+*, 
137,56,1,661.659,11/2-*,m
137,56,2,2349.1,(19/2-),n
137,57,0,,7/2+*, 
137,57,1,1869.5,19/2-,m
137,58,0,,3/2+*, 
137,58,1,254.29,11/2-*,m
137,59,0,,5/2+*, 
137,59,1,561.22,11/2-,m
137,60,0,,1/2+*, 
137,60,1,519.43,11/2-,m
137,61,0,,5/2-#, 
137,62,0,,(9/2-), 
137,63,0,,5/2+#, 
137,64,0,,(7/2)(+#), 
138,50,0,,0+, 
138,50,1,1344.0,(6+),m
138,51,0,,(3-), 
138,52,0,,0+, 
138,53,0,,(1-), 
138,53,1,67.9,(3-),m
138,54,0,,0+, 
138,55,0,,3-*, 
138,55,1,79.9,6-*,m
138,56,0,,0+, 
138,56,1,2090.536,6+,m
138,57,0,,5+*, 
138,57,1,72.57,(3)+,m
138,57,2,738.8,7-,n
138,58,0,,0+, 
138,58,1,2129.28,7-,m
138,59,0,,1+, 
138,59,1,350.0,7-*,m
138,60,0,,0+, 
138,60,1,3174.5,10+,m
138,61,0,,3-#, 
138,61,1,,1+#,m
138,62,0,,0+, 
138,63,0,,2-#, 
138,64,0,,0+, 
138,64,1,2232.6,(8-),m
139,50,0,,5/2-#, 
139,51,0,,7/2+#, 
139,52,0,,5/2-#, 
139,53,0,,7/2+#, 
139,54,0,,3/2-*, 
139,55,0,,7/2+*, 
139,56,0,,7/2-*, 
139,57,0,,7/2+*, 
139,57,1,1800.4,(17/2+),m
139,58,0,,3/2+*, 
139,58,1,754.24,11/2-,m
139,59,0,,5/2+*, 
139,60,0,,3/2+*, 
139,60,1,231.16,11/2-*,m
139,60,2,2616.9,23/2+,n
139,61,0,,(5/2)+, 
139,61,1,188.7,(11/2)-,m
139,62,0,,1/2+*, 
139,62,1,457.38,11/2-,m
139,63,0,,(11/2)-, 
139,63,1,148.3,(7/2+),m
139,64,0,,9/2-#, 
139,64,1,250.0,1/2+#,m
139,65,0,,5/2-#, 
139,66,0,,(7/2+), 
140,51,0,,(3-), 
140,51,1,330.0,"(6-,7-)",m
140,52,0,,0+, 
140,53,0,,(2-), 
140,54,0,,0+, 
140,55,0,,1-*, 
140,55,1,13.931,(2)-,m
140,56,0,,0+, 
140,57,0,,3-*, 
140,58,0,,0+, 
140,58,1,2107.854,6+,m
140,59,0,,1+*, 
140,59,1,127.8,5+,m
140,59,2,763.7,(7)-,n
140,60,0,,0+, 
140,60,1,2221.65,7-,m
140,60,2,7435.1,20+,n
140,61,0,,1+, 
140,61,1,429.0,8-,m
140,62,0,,0+, 
140,63,0,,1+, 
140,63,1,210.0,(5-),m
140,63,2,669.0,(8+),n
140,64,0,,0+, 
140,65,0,,(7+), 
140,66,0,,0+, 
140,67,0,,8+#, 
141,51,0,,7/2+#, 
141,52,0,,5/2-#, 
141,53,0,,7/2+#, 
141,54,0,,5/2-*, 
141,55,0,,7/2+*, 
141,56,0,,3/2-*, 
141,57,0,,(7/2+), 
141,58,0,,7/2-*, 
141,59,0,,5/2+*, 
141,60,0,,3/2+*, 
141,60,1,756.51,11/2-,m
141,61,0,,5/2+*, 
141,61,1,628.62,11/2-,m
141,62,0,,1/2+*, 
141,62,1,175.9,11/2-*,m
141,63,0,,5/2+, 
141,63,1,96.45,11/2-,m
141,64,0,,(1/2+), 
141,64,1,377.76,(11/2-),m
141,65,0,,(5/2-), 
141,65,1,0.0,11/2-#,m
141,66,0,,(9/2-), 
141,67,0,,(7/2-), 
141,67,1,66.0,(1/2+),m
142,51,0,,, 
142,52,0,,0+, 
142,53,0,,2-#, 
142,54,0,,0+, 
142,55,0,,0-*, 
142,56,0,,0+, 
142,57,0,,2-, 
142,57,1,145.82,(4)-,m
142,58,0,,0+, 
142,59,0,,2-*, 
142,59,1,3.694,5-*,m
142,60,0,,0+, 
142,60,1,,6+,m
142,61,0,,1+, 
142,61,1,883.17,(8)-,m
142,61,2,2828.7,(13-),n
142,62,0,,0+, 
142,62,1,2372.1,7-,m
142,62,2,3662.2,10+,n
142,63,0,,1+, 
142,63,1,450.0,8-,m
142,64,0,,0+, 
142,65,0,,1+, 
142,65,1,279.7,5-,m
142,65,2,652.1,8+,n
142,66,0,,0+, 
142,67,0,,"(7-,8+)", 
143,52,0,,7/2+#, 
143,53,0,,7/2+#, 
143,54,0,,5/2-*, 
143,55,0,,3/2+*, 
143,56,0,,5/2-*, 
143,57,0,,(7/2)+, 
143,58,0,,3/2-*, 
143,59,0,,7/2+*, 
143,60,0,,7/2-*, 
143,61,0,,5/2+, 
143,62,0,,3/2+*, 
143,62,1,753.99,11/2-,m
143,62,2,2793.8,23/2-,n
143,63,0,,5/2+*, 
143,63,1,389.51,11/2-,m
143,64,0,,1/2+, 
143,64,1,152.6,11/2-,m
143,65,0,,(11/2-), 
143,65,1,0.0,5/2+#,m
143,66,0,,(1/2+), 
143,66,1,310.7,(11/2-),m
143,66,2,406.3,(7/2-),n
144,52,0,,0+, 
144,53,0,,1-#, 
144,54,0,,0+, 
144,55,0,,1-*, 
144,55,1,92.2,(4-),m
144,56,0,,0+, 
144,57,0,,(3-), 
144,58,0,,0+, 
144,59,0,,0-, 
144,59,1,59.03,3-,m
144,60,0,,0+, 
144,61,0,,5-, 
144,61,1,840.9,(9)+,m
144,62,0,,0+, 
144,62,1,2323.6,6+,m
144,63,0,,1+, 
144,63,1,1127.6,8-,m
144,64,0,,0+, 
144,64,1,3433.1,(10+),m
144,65,0,,1+, 
144,65,1,396.9,6-,m
144,65,2,476.2,(8-),n
144,66,0,,0+, 
144,67,0,,(5-), 
144,67,1,265.3,(8+),m
144,69,0,,(10+), 
145,53,0,,7/2+#, 
145,54,0,,3/2-#, 
145,55,0,,3/2+*, 
145,55,1,762.9,13/2#,m
145,56,0,,5/2-*, 
145,57,0,,(5/2+), 
145,58,0,,5/2-#, 
145,59,0,,7/2+, 
145,60,0,,7/2-*, 
145,61,0,,5/2+, 
145,62,0,,7/2-, 
145,62,1,8815.0,49/2+,m
145,63,0,,5/2+*, 
145,63,1,716.0,11/2-,m
145,64,0,,1/2+*, 
145,64,1,749.1,11/2-,m
145,65,0,,(11/2-), 
145,66,0,,(1/2+), 
145,66,1,118.2,(11/2-),m
145,67,0,,(11/2-), 
145,68,0,,(1/2+), 
145,68,1,205.0,(11/2-),m
145,69,0,,(11/2-), 
146,54,0,,0+, 
146,55,0,,1-*, 
146,55,1,46.7,4-#,m
146,56,0,,0+, 
146,57,0,,(5-), 
146,57,1,141.5,"(1-,2-)",m
146,58,0,,0+, 
146,59,0,,(2-), 
146,60,0,,0+, 
146,61,0,,3-, 
146,62,0,,0+, 
146,63,0,,4-*, 
146,63,1,666.33,9+,m
146,64,0,,0+, 
146,65,0,,1+, 
146,65,1,150.0,5-,m
146,65,2,930.0,10+,n
146,66,0,,0+, 
146,66,1,2934.5,10+,m
146,67,0,,(6-), 
146,68,0,,0+, 
146,69,0,,(1+), 
146,69,1,304.0,(5-),m
146,69,2,437.0,(10+),n
147,54,0,,3/2-#, 
147,55,0,,(3/2+), 
147,55,1,701.4,13/2#,m
147,56,0,,5/2-, 
147,57,0,,(5/2+), 
147,58,0,,(5/2-), 
147,59,0,,3/2+, 
147,60,0,,5/2-*, 
147,61,0,,7/2+*, 
147,62,0,,7/2-*, 
147,63,0,,5/2+*, 
147,63,1,625.27,11/2-,m
147,64,0,,7/2-*, 
147,64,1,8587.8,49/2+,m
147,65,0,,(1/2+), 
147,65,1,50.6,(11/2-),m
147,66,0,,(1/2+), 
147,66,1,750.5,(11/2-),m
147,66,2,3407.2,(27/2-),n
147,67,0,,(11/2-), 
147,67,1,2687.1,(27/2-),m
147,68,0,,(1/2+), 
147,68,1,100.0,(11/2-),m
147,69,0,,11/2-, 
147,69,1,62.0,3/2+,m
148,54,0,,0+, 
148,55,0,,(2-), 
148,55,1,45.2,4-#,m
148,56,0,,0+, 
148,57,0,,(2-), 
148,58,0,,0+, 
148,59,0,,1-, 
148,59,1,76.8,(4),m
148,60,0,,0+, 
148,61,0,,1-*, 
148,61,1,137.9,"5-,6-",m
148,62,0,,0+, 
148,63,0,,5-*, 
148,63,1,720.4,9+,m
148,64,0,,0+, 
148,65,0,,2-, 
148,65,1,90.1,(9)+,m
148,65,2,8618.6,(27+),n
148,66,0,,0+, 
148,66,1,2919.1,10+,m
148,67,0,,(1+), 
148,67,1,250.0,(5-),m
148,67,2,940.0,(10)+,n
148,68,0,,0+, 
148,68,1,2913.2,(10+),m
148,69,0,,(10+), 
149,55,0,,3/2+#, 
149,56,0,,3/2-#, 
149,57,0,,(3/2-), 
149,58,0,,3/2-#, 
149,59,0,,(5/2+), 
149,60,0,,5/2-*, 
149,61,0,,7/2+*, 
149,61,1,240.214,11/2-,m
149,62,0,,7/2-*, 
149,63,0,,5/2+*, 
149,63,1,496.386,11/2-,m
149,64,0,,7/2-*, 
149,65,0,,1/2+, 
149,65,1,35.78,11/2-,m
149,66,0,,7/2-, 
149,66,1,2661.1,27/2-,m
149,67,0,,(11/2-), 
149,67,1,48.8,(1/2+),m
149,68,0,,(1/2+), 
149,68,1,741.8,(11/2-),m
149,68,2,2611.1,(19/2+),n
149,68,3,3302.0,(27/2-),p
149,69,0,,11/2-, 
149,70,0,,(1/2+), 
150,55,0,,(2-), 
150,56,0,,0+, 
150,57,0,,(3+), 
150,58,0,,0+, 
150,59,0,,1-, 
150,60,0,,0+, 
150,61,0,,(1-), 
150,62,0,,0+, 
150,63,0,,5-, 
150,63,1,41.7,0-*,m
150,64,0,,0+, 
150,65,0,,(2)-, 
150,65,1,461.0,9+,m
150,66,0,,0+, 
150,67,0,,(2)-, 
150,67,1,0.0,(9)+,m
150,67,2,7900.0,(28-),n
150,68,0,,0+, 
150,68,1,2796.5,10+,m
150,69,0,,(1+), 
150,69,1,140.0,(6-),m
150,71,0,,(5-), 
150,71,1,22.0,(8+),m
151,55,0,,3/2+#, 
151,56,0,,3/2-#, 
151,57,0,,1/2+#, 
151,58,0,,(3/2-), 
151,59,0,,(3/2-), 
151,59,1,35.1,(7/2+),m
151,60,0,,3/2+, 
151,61,0,,5/2+*, 
151,62,0,,5/2-*, 
151,62,1,261.13,(11/2)-,m
151,63,0,,5/2+*, 
151,63,1,196.245,11/2-,m
151,64,0,,7/2-*, 
151,65,0,,1/2+*, 
151,65,1,99.53,11/2-,m
151,66,0,,7/2-*, 
151,67,0,,11/2-*, 
151,67,1,41.0,1/2+*,m
151,68,0,,(7/2-), 
151,68,1,2586.0,(27/2-),m
151,68,2,10286.6,"(65/2-,61/2+)",n
151,69,0,,(11/2-), 
151,69,1,93.0,(1/2+),m
151,69,2,2655.67,(27/2-),n
151,70,0,,(1/2+), 
151,70,1,740.0,(11/2-),m
151,70,2,2630.0,19/2-#,n
151,70,3,3287.0,27/2-#,p
151,71,0,,11/2-, 
151,71,1,57.0,3/2+,m
152,56,0,,0+, 
152,57,0,,2-#, 
152,58,0,,0+, 
152,59,0,,4+, 
152,59,1,115.1,(1+),m
152,60,0,,0+, 
152,61,0,,1+, 
152,61,1,140.0,4(-),m
152,61,2,,(8),n
152,62,0,,0+, 
152,63,0,,3-*, 
152,63,1,45.5998,0-*,m
152,63,2,65.2969,1-,n
152,63,3,78.2331,1+,p
152,63,4,89.8496,4+,q
152,63,5,147.86,8-,r
152,64,0,,0+, 
152,65,0,,2-*, 
152,65,1,342.15,5-,m
152,65,2,501.74,8+,n
152,66,0,,0+, 
152,67,0,,2-*, 
152,67,1,160.0,9+*,m
152,67,2,3019.59,19-,n
152,68,0,,0+, 
152,69,0,,(2)-, 
152,69,1,-100.0,(9)+,m
152,69,2,2455.0,(17+),n
152,70,0,,0+, 
152,70,1,2744.5,(10+),m
152,71,0,,"(4-,5-,6-)", 
153,56,0,,5/2-#, 
153,57,0,,1/2+#, 
153,58,0,,3/2-#, 
153,59,0,,3/2-#, 
153,60,0,,(3/2)-, 
153,60,1,191.71,(5/2)+,m
153,61,0,,5/2-, 
153,62,0,,3/2+*, 
153,62,1,98.39,11/2-,m
153,63,0,,5/2+*, 
153,63,1,1771.0,19/2-,m
153,64,0,,3/2-*, 
153,64,1,95.1737,9/2+,m
153,64,2,171.188,(11/2-),n
153,65,0,,5/2+*, 
153,65,1,163.175,11/2-,m
153,66,0,,7/2-*, 
153,67,0,,11/2-*, 
153,67,1,68.7,1/2+*,m
153,67,2,2772.3,31/2+,n
153,68,0,,7/2-*, 
153,68,1,2798.2,(27/2-),m
153,68,2,5248.1,(41/2-),n
153,69,0,,(11/2-), 
153,69,1,43.2,(1/2+),m
153,70,0,,7/2-, 
153,70,1,2630.0,27/2-,m
153,71,0,,11/2-, 
153,71,1,80.0,1/2+,m
154,56,0,,0+, 
154,57,0,,2-#, 
154,58,0,,0+, 
154,59,0,,(3+), 
154,60,0,,0+, 
154,60,1,1297.9,(4-),m
154,61,0,,(4+), 
154,61,1,-230.0,(1-),m
154,62,0,,0+, 
154,63,0,,3-*, 
154,63,1,68.1702,2+,m
154,63,2,145.3,(8-),n
154,64,0,,0+, 
154,65,0,,3-*, 
154,65,1,130.0,0-*,m
154,65,2,200.0,7-,n
154,65,3,405.0,,p
154,66,0,,0+, 
154,67,0,,2-*, 
154,67,1,243.0,8+*,m
154,68,0,,0+, 
154,69,0,,(2)-, 
154,69,1,70.0,(9)+,m
154,70,0,,0+, 
154,71,0,,(2-), 
154,71,1,62.0,(9+),m
154,72,0,,0+, 
154,72,1,2721.0,(10+),m
155,57,0,,1/2+#, 
155,58,0,,5/2-#, 
155,59,0,,3/2-#, 
155,60,0,,(3/2-), 
155,61,0,,(5/2-), 
155,62,0,,3/2-*, 
155,62,1,16.5467,5/2+,m
155,62,2,538.03,11/2-,n
155,63,0,,5/2+*, 
155,64,0,,3/2-*, 
155,64,1,121.1,11/2-,m
155,65,0,,3/2+*, 
155,66,0,,3/2-*, 
155,66,1,234.33,11/2-,m
155,67,0,,5/2+*, 
155,67,1,141.87,11/2-,m
155,68,0,,7/2-, 
155,69,0,,11/2-, 
155,69,1,41.0,1/2+,m
155,70,0,,(7/2-), 
155,71,0,,11/2-, 
155,71,1,21.0,1/2+,m
155,71,2,1780.3,25/2-#,n
155,72,0,,7/2-#, 
155,73,0,,11/2-, 
156,57,0,,4+#, 
156,58,0,,0+, 
156,59,0,,1+#, 
156,60,0,,0+, 
156,60,1,1431.3,(5-),m
156,61,0,,4+, 
156,61,1,150.3,1+#,m
156,62,0,,0+, 
156,62,1,1397.55,5-,m
156,63,0,,0+*, 
156,64,0,,0+, 
156,64,1,2137.6,7-,m
156,65,0,,3-*, 
156,65,1,88.4,(0+),m
156,65,2,100.0,(7-),n
156,66,0,,0+, 
156,67,0,,4-*, 
156,67,1,52.37,1-*,m
156,67,2,230.0,9+,n
156,68,0,,0+, 
156,69,0,,2-, 
156,70,0,,0+, 
156,71,0,,(2)-, 
156,71,1,10.0,10+,m
156,71,2,2611.0,19-,n
156,72,0,,0+, 
156,72,1,1958.8,(8+),m
156,73,0,,(2-), 
156,73,1,94.0,(9+),m
157,58,0,,7/2+#, 
157,59,0,,3/2-#, 
157,60,0,,5/2-#, 
157,61,0,,(5/2-), 
157,62,0,,3/2-#, 
157,63,0,,5/2+*, 
157,64,0,,3/2-*, 
157,64,1,63.916,5/2+,m
157,64,2,426.539,11/2-,n
157,65,0,,3/2+, 
157,66,0,,3/2-*, 
157,66,1,161.99,9/2+,m
157,66,2,199.38,11/2-,n
157,67,0,,7/2-*, 
157,68,0,,3/2-*, 
157,68,1,155.4,9/2+,m
157,69,0,,1/2+*, 
157,69,1,100.0,7/2-#,m
157,70,0,,7/2-*, 
157,71,0,,(1/2+), 
157,71,1,20.9,(11/2-),m
157,72,0,,7/2-, 
157,73,0,,1/2+, 
157,73,1,22.0,11/2-,m
157,73,2,1593.0,25/2-#,n
157,74,0,,(7/2-), 
158,58,0,,0+, 
158,59,0,,5-#, 
158,60,0,,0+, 
158,60,1,1648.1,(6-),m
158,61,0,,"(0+,1+)#", 
158,62,0,,0+, 
158,63,0,,1-*, 
158,64,0,,0+, 
158,65,0,,3-*, 
158,65,1,110.3,0-,m
158,65,2,388.39,7-,n
158,66,0,,0+, 
158,67,0,,5+*, 
158,67,1,67.2,2-*,m
158,67,2,91.595,(2-),n
158,67,3,180.0,(9+),p
158,68,0,,0+, 
158,69,0,,2-*, 
158,70,0,,0+, 
158,71,0,,(2)-, 
158,72,0,,0+, 
158,73,0,,(2)-, 
158,73,1,141.0,(9)+,m
158,73,2,2808.0,(19-),n
158,74,0,,0+, 
158,74,1,1889.0,(8+),m
159,59,0,,3/2-#, 
159,60,0,,7/2+#, 
159,61,0,,(5/2-), 
159,61,1,1465.0,17/2+#,m
159,62,0,,5/2-, 
159,62,1,1276.5,(15/2+),m
159,63,0,,5/2+*, 
159,64,0,,3/2-*, 
159,65,0,,3/2+*, 
159,66,0,,3/2-*, 
159,66,1,352.77,11/2-,m
159,67,0,,7/2-*, 
159,67,1,205.91,1/2+,m
159,68,0,,3/2-*, 
159,68,1,182.602,9/2+,m
159,68,2,429.05,11/2-,n
159,69,0,,5/2+*, 
159,70,0,,5/2-*, 
159,71,0,,1/2+, 
159,72,0,,7/2-, 
159,73,0,,1/2+, 
159,73,1,64.0,11/2-,m
159,74,0,,7/2-#, 
159,75,0,,1/2+#, 
160,59,0,,1+#, 
160,60,0,,0+, 
160,60,1,1107.9,(4-),m
160,61,0,,6-#, 
160,62,0,,0+, 
160,62,1,1361.3,(5-),m
160,62,2,2757.3,(11+),n
160,63,0,,(5-), 
160,63,1,93.0,(1-),m
160,64,0,,0+, 
160,65,0,,3-*, 
160,66,0,,0+, 
160,67,0,,5+*, 
160,67,1,59.98,2-*,m
160,68,0,,0+, 
160,69,0,,1-*, 
160,69,1,67.0,(5+),m
160,70,0,,0+, 
160,71,0,,2-#, 
160,71,1,0.0,,m
160,72,0,,0+, 
160,73,0,,(2)-, 
160,73,1,110.0,"(9,10)+",m
160,74,0,,0+, 
160,75,0,,(4-), 
160,75,1,177.0,(9+),m
161,60,0,,1/2-#, 
161,61,0,,(5/2-), 
161,61,1,965.9,(13/2+),m
161,62,0,,7/2+#, 
161,62,1,1388.1,(17/2-),m
161,63,0,,5/2+#, 
161,64,0,,5/2-, 
161,65,0,,3/2+*, 
161,66,0,,5/2+*, 
161,66,1,485.56,11/2-,m
161,67,0,,7/2-*, 
161,67,1,211.15,1/2+,m
161,68,0,,3/2-*, 
161,68,1,396.44,11/2-,m
161,69,0,,7/2+*, 
161,69,1,7.51,(1/2+),m
161,70,0,,3/2-*, 
161,71,0,,1/2+*, 
161,71,1,182.0,(9/2-),m
161,72,0,,(7/2-), 
161,72,1,329.0,(13/2+),m
161,73,0,,(1/2+), 
161,74,0,,7/2-#, 
161,75,0,,1/2+, 
161,75,1,123.7,11/2-,m
161,76,0,,(7/2-), 
162,60,0,,0+, 
162,61,0,,2+#, 
162,62,0,,0+, 
162,62,1,1009.4,(4-),m
162,63,0,,1+#, 
162,64,0,,0+, 
162,65,0,,(1-), 
162,66,0,,0+, 
162,66,1,2188.1,8+,m
162,67,0,,1+*, 
162,67,1,105.87,6-*,m
162,68,0,,0+, 
162,68,1,2026.01,7(-),m
162,69,0,,1-*, 
162,69,1,130.0,5+,m
162,70,0,,0+, 
162,71,0,,1-*, 
162,71,1,120.0,4-#,m
162,71,2,300.0,9-#,n
162,72,0,,0+, 
162,73,0,,3-#, 
162,74,0,,0+, 
162,75,0,,(2)-, 
162,75,1,175.0,(9)+,m
162,76,0,,0+, 
163,61,0,,5/2-#, 
163,62,0,,1/2-#, 
163,63,0,,5/2+#, 
163,63,1,964.5,(13/2-),m
163,64,0,,7/2+, 
163,64,1,138.22,1/2-,m
163,65,0,,3/2+, 
163,66,0,,5/2-*, 
163,67,0,,7/2-*, 
163,67,1,297.88,1/2+,m
163,67,2,2109.4,(23/2+),n
163,68,0,,5/2-*, 
163,68,1,445.5,(11/2-),m
163,69,0,,1/2+*, 
163,69,1,86.92,(7/2)-,m
163,70,0,,3/2-*, 
163,71,0,,1/2+*, 
163,72,0,,(5/2-), 
163,73,0,,1/2+, 
163,74,0,,7/2-, 
163,74,1,480.3,13/2+,m
163,75,0,,1/2+, 
163,75,1,120.0,11/2-,m
163,76,0,,7/2-, 
164,62,0,,0+, 
164,62,1,1485.5,(6-),m
164,63,0,,3-#, 
164,64,0,,0+, 
164,64,1,1095.8,(4-),m
164,65,0,,(5+), 
164,66,0,,0+, 
164,67,0,,1+*, 
164,67,1,139.78,6-*,m
164,68,0,,0+, 
164,69,0,,1+*, 
164,69,1,20.0,6-*,m
164,70,0,,0+, 
164,71,0,,1-*, 
164,72,0,,0+, 
164,73,0,,(3+), 
164,74,0,,0+, 
164,75,0,,(2)-, 
164,75,1,-50.0,"(9,10)+",m
164,76,0,,0+, 
164,77,0,,2-#, 
165,62,0,,5/2-#, 
165,63,0,,5/2+#, 
165,64,0,,1/2-#, 
165,65,0,,(3/2+), 
165,65,1,207.0,(7/2-),m
165,66,0,,7/2+*, 
165,66,1,108.1552,1/2-,m
165,67,0,,7/2-*, 
165,67,1,361.675,3/2+,m
165,68,0,,5/2-*, 
165,68,1,551.3,11/2-,m
165,68,2,1823.0,(19/2),n
165,69,0,,1/2+*, 
165,69,1,80.37,7/2+,m
165,69,2,160.47,7/2-,n
165,70,0,,5/2-*, 
165,70,1,126.8,9/2+,m
165,71,0,,1/2+*, 
165,72,0,,(5/2-), 
165,73,0,,"(1/2+,3/2+)", 
165,74,0,,(5/2-), 
165,75,0,,(1/2+), 
165,75,1,28.0,(11/2-),m
165,76,0,,(7/2-), 
165,77,0,,1/2+#, 
165,78,0,,7/2-#, 
166,62,0,,0+, 
166,63,0,,0-#, 
166,64,0,,0+, 
166,64,1,1601.5,(6-),m
166,65,0,,(1-), 
166,65,1,159.0,4-#,m
166,66,0,,0+, 
166,67,0,,0-*, 
166,67,1,5.969,7-,m
166,67,2,190.9021,3+,n
166,68,0,,0+, 
166,69,0,,2+*, 
166,69,1,122.0,(6-),m
166,69,2,244.0,(6-),n
166,70,0,,0+, 
166,71,0,,6-*, 
166,71,1,34.37,3-*,m
166,71,2,43.0,0-*,n
166,72,0,,0+, 
166,73,0,,(2)+, 
166,74,0,,0+, 
166,75,0,,(7+), 
166,76,0,,0+, 
166,77,0,,(2)-, 
166,77,1,171.0,(9)+,m
166,78,0,,0+, 
167,63,0,,5/2+#, 
167,64,0,,5/2-#, 
167,65,0,,(3/2+), 
167,65,1,200.0,(7/2-),m
167,66,0,,(1/2-), 
167,67,0,,7/2-, 
167,67,1,259.34,3/2+,m
167,68,0,,7/2+*, 
167,68,1,207.801,1/2-,m
167,69,0,,1/2+*, 
167,69,1,179.48,7/2+,m
167,69,2,292.82,7/2-,n
167,70,0,,5/2-*, 
167,71,0,,7/2+*, 
167,72,0,,(5/2)-, 
167,73,0,,(3/2+), 
167,74,0,,(5/2-), 
167,75,0,,9/2-, 
167,75,1,131.0,1/2+,m
167,76,0,,7/2-, 
167,76,1,434.3,13/2+,m
167,77,0,,1/2+, 
167,77,1,175.5,11/2-,m
167,78,0,,7/2-#, 
168,63,0,,6-#, 
168,64,0,,0+, 
168,65,0,,(4-), 
168,65,1,211.0,(6+),m
168,66,0,,0+, 
168,66,1,1378.2,(4-),m
168,67,0,,3+, 
168,67,1,59.0,(6+),m
168,67,2,143.43,(1)-,n
168,68,0,,0+, 
168,68,1,1094.0383,4-,m
168,69,0,,3+*, 
168,70,0,,0+, 
168,71,0,,6-*, 
168,71,1,160.0,3+*,m
168,72,0,,0+, 
168,73,0,,(3+), 
168,74,0,,0+, 
168,75,0,,(7+), 
168,76,0,,0+, 
168,77,0,,(2)-, 
168,77,1,40.0,"(9,10)+",m
168,78,0,,0+, 
169,64,0,,7/2-#, 
169,65,0,,3/2+#, 
169,66,0,,(5/2)-, 
169,66,1,166.1,(1/2-),m
169,67,0,,7/2-, 
169,67,1,1386.2,(19/2+),m
169,68,0,,1/2-*, 
169,68,1,92.05,(5/2)-,m
169,68,2,243.69,7/2+,n
169,69,0,,1/2+*, 
169,69,1,316.1463,7/2+,m
169,70,0,,7/2+*, 
169,70,1,24.1999,1/2-*,m
169,71,0,,7/2+*, 
169,71,1,29.0,1/2-*,m
169,72,0,,(5/2-), 
169,73,0,,(5/2+), 
169,74,0,,5/2-#, 
169,75,0,,(9/2-), 
169,75,1,175.0,"(1/2+,3/2+)",m
169,76,0,,(5/2-), 
169,77,0,,(1/2+), 
169,77,1,153.0,(11/2-),m
169,78,0,,(7/2-), 
170,64,0,,0+, 
170,65,0,,2-#, 
170,66,0,,0+, 
170,66,1,1643.8,(6+),m
170,67,0,,(6+), 
170,67,1,100.0,(1+),m
170,68,0,,0+, 
170,69,0,,1-*, 
170,69,1,183.197,3+,m
170,70,0,,0+, 
170,70,1,1258.46,4-,m
170,71,0,,0+*, 
170,71,1,92.91,4-,m
170,72,0,,0+, 
170,73,0,,(3+), 
170,74,0,,0+, 
170,75,0,,"(8-,9-)#", 
170,75,1,73.0,(5+),m
170,76,0,,0+, 
170,77,0,,(3-), 
170,77,1,40.0,(8+),m
170,78,0,,0+, 
170,79,0,,(2)-, 
170,79,1,280.0,(9)+,m
170,80,0,,0+, 
171,65,0,,3/2+#, 
171,66,0,,7/2-#, 
171,67,0,,7/2-#, 
171,68,0,,5/2-*, 
171,68,1,198.61,1/2-,m
171,69,0,,1/2+*, 
171,69,1,424.9557,7/2-,m
171,69,2,1674.43,19/2+,n
171,70,0,,1/2-*, 
171,70,1,95.282,7/2+,m
171,70,2,122.416,5/2-,n
171,71,0,,7/2+*, 
171,71,1,71.13,1/2-*,m
171,72,0,,7/2+*, 
171,72,1,21.93,1/2-*,m
171,73,0,,(5/2+), 
171,74,0,,(5/2-), 
171,75,0,,(9/2-), 
171,76,0,,(5/2-), 
171,77,0,,1/2+, 
171,77,1,164.0,(11/2-),m
171,78,0,,7/2-, 
171,78,1,412.6,13/2+,m
171,79,0,,1/2+, 
171,79,1,255.0,11/2-,m
171,80,0,,3/2-#, 
172,65,0,,6+#, 
172,66,0,,0+, 
172,66,1,1278.0,(8-),m
172,67,0,,0+#, 
172,68,0,,0+, 
172,68,1,1500.9,(6+),m
172,69,0,,2-, 
172,69,1,476.2,(6+),m
172,70,0,,0+, 
172,70,1,1550.43,6-,m
172,71,0,,4-*, 
172,71,1,41.86,1-*,m
172,71,2,65.79,(1)+,n
172,71,3,109.41,(1)+,p
172,71,4,213.57,(6-),q
172,72,0,,0+, 
172,72,1,2005.84,(8-),m
172,73,0,,(3+), 
172,74,0,,0+, 
172,75,0,,(2+), 
172,75,1,110.0,(7+),m
172,76,0,,0+, 
172,77,0,,"(3-,4-)", 
172,77,1,139.0,(7+),m
172,78,0,,0+, 
172,79,0,,(2)-, 
172,79,1,160.0,"(9,10)+",m
172,80,0,,0+, 
173,66,0,,9/2+#, 
173,67,0,,7/2-#, 
173,67,1,405.0,1/2+#,m
173,68,0,,(7/2-), 
173,69,0,,(1/2+), 
173,69,1,317.73,7/2-,m
173,69,2,1905.7,19/2-,n
173,69,3,4047.9,35/2-,p
173,70,0,,5/2-*, 
173,70,1,398.9,1/2-,m
173,71,0,,7/2+*, 
173,71,1,123.672,5/2-,m
173,72,0,,1/2-, 
173,72,1,107.16,5/2-,m
173,72,2,197.47,7/2+,n
173,73,0,,5/2-, 
173,73,1,173.1,9/2-,m
173,73,2,1717.2,21/2-,n
173,74,0,,5/2-, 
173,75,0,,(5/2-), 
173,76,0,,5/2-, 
173,77,0,,"(1/2+,3/2+)", 
173,77,1,226.0,11/2-,m
173,78,0,,(5/2-), 
173,79,0,,(1/2+), 
173,79,1,214.0,(11/2-),m
173,80,0,,(7/2-), 
174,67,0,,(8-), 
174,68,0,,0+, 
174,68,1,1111.5,8-,m
174,69,0,,4-, 
174,69,1,252.4,0+,m
174,69,2,2091.7,14-,n
174,70,0,,0+, 
174,70,1,1518.148,6+,m
174,70,2,1765.2,7-,n
174,71,0,,1-*, 
174,71,1,170.83,6-*,m
174,71,2,240.818,3+,n
174,71,3,365.183,4-,p
174,71,4,1855.7,13+,q
174,71,5,4068.4,(21+),r
174,71,6,5849.6,(26-),x
174,72,0,,0+, 
174,72,1,1549.26,6+,m
174,72,2,1797.59,8-,n
174,72,3,3312.07,14+,p
174,73,0,,3+, 
174,74,0,,0+, 
174,74,1,,,m
174,74,2,,,n
174,74,3,2267.8,8-,p
174,75,0,,3+#, 
174,76,0,,0+, 
174,77,0,,"(2+,3-)", 
174,77,1,124.0,"(6,7,8,9)",m
174,78,0,,0+, 
174,79,0,,(3-), 
174,79,1,130.0,(9+),m
174,80,0,,0+, 
175,67,0,,7/2-#, 
175,68,0,,9/2+#, 
175,69,0,,(1/2)+, 
175,69,1,440.0,7/2-,m
175,69,2,1517.7,23/2+,n
175,70,0,,7/2-*, 
175,70,1,514.866,1/2-,m
175,71,0,,7/2+*, 
175,71,1,353.48,5/2-,m
175,71,2,1392.4,19/2+,n
175,72,0,,5/2-, 
175,72,1,125.89,1/2-,m
175,72,2,1433.41,19/2+,n
175,72,3,3015.6,35/2-,p
175,72,4,4636.2,45/2+,q
175,73,0,,7/2+*, 
175,73,1,131.41,9/2-,m
175,73,2,339.2,(1/2+),n
175,73,3,1567.6,21/2-,p
175,74,0,,(1/2-), 
175,74,1,234.96,(7/2+),m
175,75,0,,5/2-#, 
175,76,0,,(5/2-), 
175,77,0,,(1/2+), 
175,77,1,50.0,9/2-#,m
175,77,2,97.4,(5/2-),n
175,78,0,,(7/2-), 
175,79,0,,1/2+, 
175,79,1,164.0,(11/2-),m
175,80,0,,(7/2-), 
175,80,1,494.0,(13/2+),m
176,69,0,,(4+), 
176,70,0,,0+, 
176,70,1,1049.8,8-*,m
176,71,0,,7-*, 
176,71,1,122.845,1-*,m
176,71,2,1514.5,12+,n
176,71,3,1587.8,14+,p
176,72,0,,0+, 
176,72,1,1333.07,6+,m
176,72,2,1559.31,8-,n
176,72,3,2865.8,14-,p
176,72,4,4863.6,22-,q
176,73,0,,(1)-, 
176,73,1,103.0,7+,m
176,73,2,1474.0,14-,n
176,73,3,2874.0,20-,p
176,74,0,,0+, 
176,75,0,,(3+), 
176,76,0,,0+, 
176,77,0,,(3+), 
176,78,0,,0+, 
176,79,0,,"(3-,4-)", 
176,79,1,139.0,"(8+,9+)",m
176,80,0,,0+, 
176,81,0,,"(3-,4-)", 
177,69,0,,1/2+#, 
177,69,1,100.0,7/2-#,m
177,70,0,,9/2+*, 
177,70,1,331.5,1/2-*,m
177,71,0,,7/2+*, 
177,71,1,150.3984,9/2-,m
177,71,2,569.6721,1/2+,n
177,71,3,970.1757,23/2-*,p
177,71,4,2771.7,33/2+,q
177,71,5,3530.4,39/2-,r
177,72,0,,7/2-*, 
177,72,1,1315.4502,23/2+,m
177,72,2,1342.4,(19/2-),n
177,72,3,2740.02,37/2-,p
177,73,0,,7/2+*, 
177,73,1,73.16,9/2-,m
177,73,2,186.16,5/2-,n
177,73,3,1354.8,21/2-,p
177,73,4,4656.3,49/2-,q
177,74,0,,1/2-, 
177,75,0,,5/2-, 
177,75,1,100.0,9/2-,m
177,76,0,,1/2-, 
177,77,0,,5/2-, 
177,78,0,,5/2-, 
177,78,1,147.5,1/2-,m
177,79,0,,1/2+*, 
177,79,1,190.0,11/2-*,m
177,80,0,,7/2-*, 
177,80,1,323.2,13/2+,m
177,81,0,,(1/2+), 
177,81,1,807.0,(11/2-),m
178,70,0,,0+, 
178,71,0,,1+*, 
178,71,1,123.8,9-*,m
178,72,0,,0+, 
178,72,1,1147.416,8-,m
178,72,2,2446.09,16+,n
178,72,3,2572.4,14-,p
178,73,0,,7-, 
178,73,1,100.0,(1+),m
178,73,2,1467.82,15-,n
178,73,3,2901.9,21-,p
178,74,0,,0+, 
178,74,1,6572.7,25+,m
178,75,0,,(3+), 
178,76,0,,0+, 
178,77,0,,3+#, 
178,78,0,,0+, 
178,79,0,,"(2+,3-)*", 
178,79,1,50.3,"(4-,5+)",m
178,79,2,186.0,"(7+,8-)",n
178,79,3,243.0,"(5+,6)",p
178,80,0,,0+, 
178,81,0,,"(4-,5-)", 
178,82,0,,0+, 
179,70,0,,(1/2-), 
179,71,0,,7/2+*, 
179,71,1,592.4,1/2+,m
179,72,0,,9/2+*, 
179,72,1,375.0352,1/2-,m
179,72,2,1106.412,25/2-,n
179,72,3,3775.2,(43/2+),p
179,73,0,,7/2+, 
179,73,1,30.7,9/2-,m
179,73,2,520.23,1/2+,n
179,73,3,1252.6,21/2-,p
179,73,4,1317.2,25/2+,q
179,73,5,1328.0,23/2-,r
179,73,6,2639.3,37/2+,x
179,74,0,,7/2-, 
179,74,1,221.91,1/2-,m
179,74,2,1631.9,21/2+,n
179,74,3,3348.41,35/2-,p
179,75,0,,5/2+, 
179,75,1,65.35,(5/2-),m
179,75,2,1822.0,(23/2+),n
179,75,3,5408.0,"(47/2,49/2+)",p
179,76,0,,1/2-, 
179,76,1,145.41,(7/2)-,m
179,76,2,243.0,(9/2)+,n
179,77,0,,(5/2)-, 
179,78,0,,1/2-, 
179,79,0,,1/2+*, 
179,79,1,89.5,(3/2-),m
179,80,0,,7/2-*, 
179,80,1,171.4,13/2+,m
179,81,0,,1/2+*, 
179,81,1,825.0,(11/2-),m
179,81,2,904.5,(9/2-),n
179,82,0,,(9/2-), 
180,70,0,,0+, 
180,71,0,,5+, 
180,72,0,,0+, 
180,72,1,1141.552,8-,m
180,72,2,1374.36,4-,n
180,72,3,2485.5,12+,p
180,72,4,3599.0,(18-),q
180,73,0,,1+, 
180,73,1,75.3,9-,m
180,73,2,1452.39,15-,n
180,73,3,3678.9,(22-),p
180,73,4,4172.2,(24+),q
180,74,0,,0+, 
180,74,1,1529.05,8-,m
180,74,2,3264.7,14-,n
180,75,0,,(1)-, 
180,75,1,90.0,"(4+,5+)",m
180,76,0,,0+, 
180,77,0,,(5+), 
180,78,0,,0+, 
180,79,0,,(1+)*, 
180,80,0,,0+, 
180,81,0,,(4-)*, 
180,82,0,,0+, 
181,71,0,,7/2+#, 
181,72,0,,1/2-, 
181,72,1,595.27,9/2+,m
181,72,2,1043.5,(17/2+),n
181,73,0,,7/2+*, 
181,73,1,6.237,9/2-*,m
181,73,2,615.19,1/2+,n
181,73,3,1428.0,19/2+#,p
181,73,4,1483.43,21/2-,q
181,73,5,2227.9,29/2-,r
181,74,0,,9/2+, 
181,74,1,365.55,5/2-,m
181,74,2,1653.0,21/2+,n
181,75,0,,5/2+*, 
181,75,1,262.91,9/2-,m
181,75,2,1656.37,21/2-,n
181,75,3,1880.57,25/2+,p
181,75,4,3869.4,(35/2-),q
181,76,0,,1/2-, 
181,76,1,49.2,7/2-,m
181,76,2,156.91,9/2+,n
181,77,0,,5/2-, 
181,77,1,289.33,5/2+,m
181,77,2,366.3,9/2-,n
181,78,0,,1/2-*, 
181,79,0,,(5/2-), 
181,80,0,,1/2-*, 
181,80,1,210.0,13/2+,m
181,81,0,,1/2+*, 
181,81,1,835.9,(9/2-),m
181,82,0,,(9/2-), 
182,71,0,,1-#, 
182,72,0,,0+, 
182,72,1,1172.87,8-,m
182,72,2,2571.3,(13+),n
182,73,0,,3-, 
182,73,1,16.273,5+,m
182,73,2,519.577,10-,n
182,74,0,,0+, 
182,74,1,2230.65,10+,m
182,75,0,,7+*, 
182,75,1,60.0,2+*,m
182,75,2,296.0,(2)-,n
182,75,3,521.0,(4-),p
182,76,0,,0+, 
182,76,1,1831.4,8-,m
182,76,2,7049.5,25+,n
182,77,0,,3+, 
182,77,1,71.02,(5)+,m
182,77,2,176.4,(6-),n
182,78,0,,0+, 
182,79,0,,(2+)*, 
182,80,0,,0+, 
182,81,0,,(4-)*, 
182,81,1,50.0,(7+)*,m
182,82,0,,0+, 
183,71,0,,7/2+#, 
183,72,0,,(3/2-), 
183,72,1,1464.0,27/2-#,m
183,73,0,,7/2+*, 
183,73,1,73.164,9/2-,m
183,73,2,1335.0,(19/2+),n
183,74,0,,1/2-*, 
183,74,1,309.492,11/2+,m
183,75,0,,5/2+*, 
183,75,1,1907.21,25/2+,m
183,76,0,,9/2+*, 
183,76,1,170.73,1/2-*,m
183,77,0,,5/2-, 
183,78,0,,1/2-*, 
183,78,1,34.74,7/2-*,m
183,79,0,,5/2-*, 
183,80,0,,1/2-*, 
183,81,0,,1/2+*, 
183,81,1,628.7,(9/2-),m
183,81,2,975.3,(13/2+),n
183,82,0,,3/2-*, 
183,82,1,94.0,13/2+*,m
184,71,0,,(3+), 
184,72,0,,0+, 
184,72,1,1272.2,8-,m
184,72,2,2477.0,15+#,n
184,73,0,,(5-), 
184,74,0,,0+, 
184,74,1,1284.997,5-,m
184,74,2,4127.7,(14+),n
184,75,0,,3-, 
184,75,1,188.0463,8+,m
184,76,0,,0+, 
184,77,0,,5-, 
184,77,1,225.65,3+,m
184,77,2,328.4,7+,n
184,78,0,,0+, 
184,78,1,1840.3,8-,m
184,79,0,,5+*, 
184,79,1,68.46,2+*,m
184,80,0,,0+, 
184,81,0,,2-*, 
184,81,1,-50.0,(7+),m
184,81,2,450.0,(10-),n
184,82,0,,0+, 
184,83,0,,3+#, 
184,83,1,150.0,10-#,m
185,72,0,,(9/2-), 
185,73,0,,(7/2+), 
185,73,1,406.0,(3/2+),m
185,73,2,1273.4,21/2-,n
185,74,0,,3/2-*, 
185,74,1,197.383,11/2+,m
185,75,0,,5/2+*, 
185,75,1,2124.1,25/2+,m
185,76,0,,1/2-, 
185,76,1,102.37,7/2-,m
185,76,2,275.53,11/2+,n
185,77,0,,5/2-*, 
185,77,1,2197.0,"(23/2,25/2)#",m
185,78,0,,9/2+*, 
185,78,1,103.41,1/2-*,m
185,78,2,200.89,5/2-,n
185,79,0,,5/2-*, 
185,79,1,50.0,1/2+#,m
185,80,0,,1/2-*, 
185,80,1,103.7,13/2+*,m
185,81,0,,1/2+*, 
185,81,1,454.8,9/2-*,m
185,82,0,,3/2-*, 
185,82,1,70.0,13/2+*,m
185,83,0,,9/2-#, 
185,83,1,80.0,1/2+,m
186,72,0,,0+, 
186,73,0,,3#, 
186,73,1,336.0,9+#,m
186,74,0,,0+, 
186,74,1,1517.2,7-,m
186,74,2,3542.8,16+,n
186,75,0,,1-*, 
186,76,0,,0+, 
186,77,0,,5+*, 
186,77,1,0.8,2-,m
186,78,0,,0+, 
186,79,0,,3-*, 
186,79,1,50.0,6-#,m
186,80,0,,0+, 
186,80,1,2217.3,(8-),m
186,81,0,,(2-), 
186,81,1,20.0,7+*,m
186,81,2,390.0,10-*,n
186,82,0,,0+, 
186,83,0,,(3+), 
186,83,1,170.0,(10-),m
186,84,0,,0+, 
187,72,0,,9/2-#, 
187,73,0,,(7/2+), 
187,73,1,1778.0,(25/2-),m
187,74,0,,3/2-*, 
187,74,1,410.06,11/2+,m
187,75,0,,5/2+*, 
187,75,1,206.2473,9/2-,m
187,75,2,1682.0,21/2+,n
187,76,0,,1/2-*, 
187,76,1,100.45,7/2-,m
187,76,2,257.1,11/2+,n
187,77,0,,3/2+*, 
187,77,1,186.16,9/2-,m
187,77,2,433.75,11/2-,n
187,77,3,2487.7,29/2-,p
187,78,0,,3/2-*, 
187,78,1,174.38,11/2+,m
187,79,0,,1/2+*, 
187,79,1,120.33,9/2-*,m
187,80,0,,3/2-*, 
187,80,1,58.0,13/2+*,m
187,81,0,,1/2+, 
187,81,1,334.0,9/2-*,m
187,81,2,1875.0,,n
187,82,0,,3/2-*, 
187,82,1,19.0,13/2+*,m
187,83,0,,(9/2-), 
187,83,1,108.0,1/2+,m
187,83,2,252.0,(13/2+),n
187,84,0,,"1/2-,5/2-", 
187,84,1,4.0,13/2+#,m
188,73,0,,(1-), 
188,73,1,99.0,(7-),m
188,73,2,391.0,10+#,n
188,74,0,,0+, 
188,74,1,1926.7,8-,m
188,75,0,,1-*, 
188,75,1,172.0848,6-,m
188,76,0,,0+, 
188,77,0,,1-*, 
188,77,1,964.0,11-#,m
188,78,0,,0+, 
188,79,0,,1-*, 
188,80,0,,0+, 
188,80,1,2724.1,12+,m
188,81,0,,2-#, 
188,81,1,30.0,7+*,m
188,81,2,299.0,9-,n
188,82,0,,0+, 
188,82,1,2577.2,8-,m
188,82,2,2709.8,12+,n
188,82,3,4783.4,(19-),p
188,83,0,,(3+), 
188,83,1,66.0,7+#,m
188,84,0,,0+, 
189,73,0,,7/2+#, 
189,74,0,,9/2-#, 
189,75,0,,5/2+, 
189,75,1,125.0,9/2-,m
189,76,0,,3/2-*, 
189,76,1,30.82,9/2-,m
189,77,0,,3/2+*, 
189,77,1,372.17,11/2-,m
189,77,2,2332.8,25/2+,n
189,78,0,,3/2-*, 
189,78,1,172.79,9/2-,m
189,78,2,191.4,(13/2+),n
189,79,0,,1/2+*, 
189,79,1,247.25,11/2-*,m
189,79,2,325.12,9/2-,n
189,79,3,2554.8,31/2+,p
189,80,0,,3/2-*, 
189,80,1,80.0,13/2+*,m
189,81,0,,1/2+, 
189,81,1,285.0,9/2-*,m
189,82,0,,3/2-*, 
189,82,1,40.0,13/2+*,m
189,82,2,2475.0,31/2-,n
189,83,0,,9/2-*, 
189,83,1,184.0,1/2+,m
189,83,2,357.6,13/2+,n
189,84,0,,(5/2-), 
190,73,0,,(3), 
190,74,0,,0+, 
190,74,1,1743.6,8+,m
190,74,2,1840.6,10-,n
190,75,0,,(2)-, 
190,75,1,204.0,(6-),m
190,76,0,,0+, 
190,76,1,1705.7,10-,m
190,77,0,,4-, 
190,77,1,26.1,1-,m
190,77,2,36.154,4+,n
190,78,0,,0+, 
190,79,0,,1-*, 
190,79,1,200.0,11-#,m
190,80,0,,0+, 
190,81,0,,2-*, 
190,81,1,70.0,7+*,m
190,81,2,,(8-),n
190,82,0,,0+, 
190,82,1,2614.8,10+,m
190,82,2,2665.0,(12+),n
190,82,3,2658.2,11-,p
190,83,0,,(3+)*, 
190,83,1,120.0,10-*,m
190,83,2,121.0,(5-),n
190,83,3,394.0,(8-),p
190,84,0,,0+, 
191,74,0,,3/2-#, 
191,75,0,,(3/2+), 
191,75,1,145.0,9/2-,m
191,76,0,,9/2-, 
191,76,1,74.382,3/2-,m
191,77,0,,3/2+*, 
191,77,1,171.29,11/2-,m
191,77,2,2101.0,31/2(+),n
191,78,0,,3/2-*, 
191,78,1,100.663,9/2-,m
191,79,0,,3/2+*, 
191,79,1,266.2,11/2-*,m
191,79,2,2489.6,31/2+,n
191,80,0,,3/2-*, 
191,80,1,128.0,13/2+*,m
191,81,0,,1/2+*, 
191,82,0,,3/2-, 
191,82,1,58.0,13/2+*,m
191,82,2,2659.0,33/2+,n
191,83,0,,9/2-*, 
191,83,1,242.0,1/2+,m
191,83,2,429.7,13/2+,n
191,83,3,1875.0,25/2-#,p
191,84,0,,3/2-, 
191,84,1,61.0,13/2+,m
191,85,0,,1/2+, 
191,85,1,58.0,(7/2-),m
192,73,0,,(2), 
192,75,0,,(0-), 
192,75,1,159.0,,m
192,76,0,,0+, 
192,76,1,2015.4,10-,m
192,76,2,4580.3,(20+),n
192,77,0,,4+*, 
192,77,1,56.72,1-,m
192,77,2,168.14,(11-),n
192,78,0,,0+, 
192,78,1,2172.37,10-,m
192,79,0,,1-*, 
192,79,1,135.41,5+,m
192,79,2,431.6,11-,n
192,80,0,,0+, 
192,81,0,,2-*, 
192,81,1,196.0,7+*,m
192,81,2,447.0,(8-),n
192,82,0,,0+, 
192,82,1,2581.1,10+,m
192,82,2,2625.1,12+,n
192,82,3,2743.5,11-,p
192,83,0,,(3+)*, 
192,83,1,140.0,10-*,m
192,84,0,,0+, 
192,84,1,2294.6,11-,m
192,85,0,,3+#, 
192,85,1,0.0,"(9-,10-)",m
193,75,0,,5/2+#, 
193,76,0,,3/2-, 
193,76,1,315.6,(9/2-),m
193,77,0,,3/2+*, 
193,77,1,80.238,11/2-,m
193,77,2,2278.9,31/2+,n
193,78,0,,1/2-*, 
193,78,1,149.78,13/2+*,m
193,79,0,,3/2+*, 
193,79,1,290.2,11/2-*,m
193,79,2,2486.7,31/2+,n
193,80,0,,3/2-*, 
193,80,1,140.76,13/2+*,m
193,81,0,,1/2+*, 
193,81,1,372.0,9/2-*,m
193,82,0,,3/2-#, 
193,82,1,93.0,13/2+*,m
193,83,0,,9/2-*, 
193,83,1,305.0,1/2+*,m
193,83,2,605.53,13/2+,n
193,83,3,2349.6,29/2+,p
193,83,4,2405.1,(29/2-),q
193,84,0,,3/2-*, 
193,84,1,100.0,13/2+*,m
193,85,0,,1/2+, 
193,85,1,8.0,7/2-,m
193,85,2,42.0,13/2+,n
193,86,0,,(3/2-), 
194,75,0,,1-#, 
194,75,1,150.0,4-#,m
194,75,2,285.0,11-#,n
194,75,3,833.0,,p
194,76,0,,0+, 
194,77,0,,1-*, 
194,77,1,147.072,4+,m
194,77,2,370.0,(11-),n
194,78,0,,0+, 
194,79,0,,1-*, 
194,79,1,107.4,5+,m
194,79,2,475.8,11-,n
194,80,0,,0+, 
194,81,0,,2-*, 
194,81,1,260.0,7+*,m
194,82,0,,0+, 
194,82,1,2628.1,12+,m
194,82,2,2933.0,11-,n
194,83,0,,3+*, 
194,83,1,150.0,"(6+,7+)",m
194,83,2,163.0,10-*,n
194,84,0,,0+, 
194,84,1,2313.4,(10-),m
194,85,0,,(5-), 
194,85,1,-20.0,10-,m
194,86,0,,0+, 
195,75,0,,5/2+#, 
195,76,0,,(3/2-), 
195,76,1,427.8,(13/2+),m
195,77,0,,3/2+, 
195,77,1,100.0,11/2-,m
195,77,2,2354.0,(27/2+),n
195,78,0,,1/2-*, 
195,78,1,259.077,13/2+*,m
195,79,0,,3/2+*, 
195,79,1,318.58,11/2-*,m
195,79,2,2501.0,31/2(-),n
195,80,0,,1/2-*, 
195,80,1,176.07,13/2+*,m
195,81,0,,1/2+*, 
195,81,1,482.63,9/2-*,m
195,82,0,,3/2-, 
195,82,1,202.9,13/2+,m
195,82,2,1759.0,21/2-,n
195,82,3,2901.7,33/2+,p
195,83,0,,9/2-*, 
195,83,1,399.0,1/2+*,m
195,83,2,2381.0,(29/2-),n
195,83,3,2615.9,29/2+,p
195,84,0,,3/2-*, 
195,84,1,148.0,13/2+*,m
195,85,0,,1/2+*, 
195,85,1,29.0,7/2-*,m
195,86,0,,3/2-, 
195,86,1,80.0,13/2+,m
196,75,0,,, 
196,75,1,120.0,,m
196,76,0,,0+, 
196,77,0,,"(1,2-)", 
196,77,1,210.0,11-#,m
196,78,0,,0+, 
196,79,0,,2-*, 
196,79,1,84.656,5+,m
196,79,2,595.66,12-*,n
196,80,0,,0+, 
196,81,0,,2-*, 
196,81,1,394.2,7+*,m
196,82,0,,0+, 
196,82,1,,4+,m
196,82,2,1797.51,5-,n
196,83,0,,(3+), 
196,83,1,166.4,(7+),m
196,83,2,272.0,(10-),n
196,84,0,,0+, 
196,84,1,2493.9,11-,m
196,85,0,,(3+)*, 
196,85,1,-40.0,10-#,m
196,86,0,,0+, 
197,76,0,,5/2-#, 
197,77,0,,3/2+, 
197,77,1,115.0,11/2-,m
197,77,2,1700.0,,n
197,77,3,2800.0,,p
197,78,0,,1/2-*, 
197,78,1,399.59,13/2+,m
197,79,0,,3/2+*, 
197,79,1,409.15,11/2-,m
197,79,2,2532.5,27/2+#,n
197,80,0,,1/2-*, 
197,80,1,298.93,13/2+*,m
197,81,0,,1/2+*, 
197,81,1,608.22,9/2-*,m
197,82,0,,3/2-, 
197,82,1,319.31,13/2+*,m
197,82,2,1914.1,21/2-,n
197,83,0,,9/2-*, 
197,83,1,533.0,1/2+*,m
197,83,2,,(23/2-),n
197,83,3,2403.0,(29/2-),p
197,83,4,2929.5,(31/2-),q
197,84,0,,(3/2-)*, 
197,84,1,196.0,13/2+*,m
197,85,0,,9/2-*, 
197,85,1,45.0,1/2+*,m
197,85,2,310.7,13/2+,n
197,86,0,,3/2-, 
197,86,1,199.0,13/2+,m
197,87,0,,(7/2-), 
198,76,0,,0+, 
198,77,0,,1-, 
198,78,0,,0+, 
198,79,0,,2-*, 
198,79,1,312.2227,5+,m
198,79,2,811.9,12-,n
198,80,0,,0+, 
198,81,0,,2-*, 
198,81,1,543.6,7+*,m
198,81,2,686.8,(5)+,n
198,81,3,742.4,10-,p
198,82,0,,0+, 
198,82,1,2141.4,7-,m
198,82,2,2231.4,9-,n
198,82,3,2821.7,12+,p
198,83,0,,3+*, 
198,83,1,290.0,7+*,m
198,83,2,540.0,10-*,n
198,84,0,,0+, 
198,84,1,2565.92,11-,m
198,84,2,2740.0,12+,n
198,85,0,,3+*, 
198,85,1,266.6,10-*,m
198,86,0,,0+, 
198,87,0,,3+#, 
198,87,1,0.0,(10-),m
199,76,0,,5/2-#, 
199,77,0,,3/2+#, 
199,78,0,,5/2-*, 
199,78,1,424.0,13/2+*,m
199,79,0,,3/2+, 
199,79,1,548.9405,11/2-,m
199,80,0,,1/2-*, 
199,80,1,532.48,13/2+*,m
199,81,0,,1/2+*, 
199,81,1,748.87,9/2-*,m
199,82,0,,3/2-, 
199,82,1,429.5,(13/2+),m
199,82,2,2563.8,(29/2-),n
199,83,0,,9/2-*, 
199,83,1,667.0,(1/2+),m
199,83,2,1962.0,25/2+#,n
199,83,3,2548.0,29/2-#,p
199,84,0,,3/2-*, 
199,84,1,311.7,13/2+*,m
199,85,0,,9/2-*, 
199,85,1,244.0,1/2+*,m
199,85,2,572.9,13/2+,n
199,85,3,2293.4,(29/2+),p
199,86,0,,3/2-, 
199,86,1,220.0,13/2+,m
199,87,0,,1/2+#, 
199,87,1,45.0,7/2-#,m
199,87,2,250.0,13/2+#,n
200,76,0,,0+, 
200,77,0,,"(2-,3-)", 
200,78,0,,0+, 
200,79,0,,(1-), 
200,79,1,1010.0,12-*,m
200,80,0,,0+, 
200,81,0,,2-*, 
200,81,1,753.6,7+,m
200,81,2,762.0,5+,n
200,82,0,,0+, 
200,82,1,2183.3,(9-),m
200,82,2,3005.8,(12+),n
200,83,0,,7+*, 
200,83,1,100.0,(2+),m
200,83,2,428.2,(10-),n
200,84,0,,0+, 
200,84,1,2596.1,11-,m
200,84,2,2817.0,12+,n
200,85,0,,(3+)*, 
200,85,1,112.9,(7+)*,m
200,85,2,343.8,(10-)*,n
200,86,0,,0+, 
200,86,1,2320.0,,m
200,87,0,,(3+), 
200,87,1,50.0,10-#,m
200,87,2,150.0,,n
201,77,0,,(3/2+), 
201,78,0,,(5/2-), 
201,79,0,,3/2+, 
201,79,1,594.0,11/2-,m
201,79,2,1610.0,19/2+#,n
201,80,0,,3/2-*, 
201,80,1,766.22,13/2+,m
201,81,0,,1/2+*, 
201,81,1,919.16,9/2-,m
201,82,0,,5/2-*, 
201,82,1,629.1,13/2+,m
201,82,2,2953.0,(29/2-),n
201,83,0,,9/2-*, 
201,83,1,846.35,1/2+,m
201,83,2,1973.0,25/2+#,n
201,83,3,2012.0,27/2+#,p
201,83,4,2781.0,29/2-#,q
201,84,0,,3/2-*, 
201,84,1,423.8,13/2+*,m
201,85,0,,9/2-*, 
201,85,1,459.0,1/2+,m
201,85,2,2319.7,29/2+,n
201,86,0,,3/2-, 
201,86,1,245.0,13/2+,m
201,87,0,,9/2-, 
201,87,1,129.0,1/2+,m
201,87,2,289.5,13/2+,n
201,88,0,,(3/2-), 
201,88,1,263.0,13/2+,m
202,77,0,,(2-), 
202,77,1,2600.0,,m
202,78,0,,0+, 
202,78,1,1788.5,(7-),m
202,79,0,,(1-), 
202,80,0,,0+, 
202,81,0,,2-*, 
202,81,1,950.19,7+,m
202,82,0,,0+, 
202,82,1,2169.85,9-,m
202,82,2,4140.0,16+,n
202,82,3,5300.0,19-,p
202,83,0,,5+*, 
202,83,1,625.0,10-#,m
202,83,2,2617.0,(17+),n
202,84,0,,0+, 
202,84,1,1712.0,8+,m
202,85,0,,3+*, 
202,85,1,190.0,7+*,m
202,85,2,590.0,10-,n
202,86,0,,0+, 
202,86,1,2310.0,11-#,m
202,87,0,,3+*, 
202,87,1,257.0,10-*,m
202,88,0,,0+, 
203,77,0,,3/2+#, 
203,78,0,,(1/2-), 
203,78,1,1367.0,13/2+#,m
203,78,2,1420.0,27/2-#,n
203,79,0,,3/2+, 
203,79,1,641.0,11/2-#,m
203,80,0,,5/2-*, 
203,80,1,933.14,(13/2+),m
203,80,2,8281.3,(53/2+),n
203,81,0,,1/2+*, 
203,81,1,1483.7,(9/2-),m
203,82,0,,5/2-, 
203,82,1,825.2,13/2+,m
203,82,2,2949.2,29/2-,n
203,82,3,2970.0,25/2-#,p
203,83,0,,9/2-*, 
203,83,1,1098.21,1/2+,m
203,83,2,2041.5,25/2+,n
203,84,0,,5/2-*, 
203,84,1,641.68,13/2+*,m
203,85,0,,9/2-*, 
203,85,1,683.4,1/2+,m
203,85,2,2330.1,29/2+,n
203,86,0,,3/2-, 
203,86,1,362.0,13/2+*,m
203,87,0,,9/2-*, 
203,87,1,361.0,1/2+,m
203,87,2,426.0,13/2+,n
203,88,0,,3/2-, 
203,88,1,246.0,13/2+,m
204,78,0,,0+, 
204,78,1,1995.1,(5-),m
204,78,2,2035.0,(7-),n
204,78,3,3193.0,(10+),p
204,79,0,,(2-), 
204,79,1,3816.0,16+#,m
204,80,0,,0+, 
204,81,0,,2-*, 
204,81,1,1104.1,7+,m
204,81,2,2319.0,12-,n
204,81,3,4391.6,18+,p
204,81,4,6239.4,22-,q
204,82,0,,0+, 
204,82,1,1274.13,4+,m
204,82,2,2185.88,9-,n
204,82,3,2264.42,7-,p
204,83,0,,6+*, 
204,83,1,805.5,10-,m
204,83,2,2833.4,17+,n
204,84,0,,0+, 
204,84,1,1639.03,8+,m
204,85,0,,7+*, 
204,85,1,587.3,10-,m
204,86,0,,0+, 
204,87,0,,3+*, 
204,87,1,50.0,7+*,m
204,87,2,326.0,10-*,n
204,88,0,,0+, 
205,79,0,,3/2+#, 
205,79,1,907.0,11/2-#,m
205,79,2,2849.7,19/2+#,n
205,80,0,,1/2-*, 
205,80,1,1556.4,13/2+,m
205,80,2,3316.6,(23/2-),n
205,81,0,,1/2+*, 
205,81,1,3290.61,25/2+,m
205,81,2,4835.6,(35/2-),n
205,82,0,,5/2-, 
205,82,1,2.329,1/2-,m
205,82,2,1013.85,13/2+,n
205,82,3,3195.8,25/2-,p
205,83,0,,9/2-*, 
205,83,1,1497.17,1/2+,m
205,83,2,2064.7,21/2+,n
205,83,3,2139.0,25/2+,p
205,84,0,,5/2-*, 
205,84,1,143.166,1/2-,m
205,84,2,880.31,13/2+,n
205,84,3,1461.21,19/2-,p
205,84,4,3087.2,29/2-,q
205,85,0,,9/2-*, 
205,85,1,2339.64,29/2+,m
205,86,0,,5/2-*, 
205,87,0,,9/2-*, 
205,87,1,544.0,13/2+,m
205,87,2,609.0,(1/2+),n
205,88,0,,3/2-, 
205,88,1,263.0,13/2+,m
205,89,0,,9/2-, 
206,79,0,,6+#, 
206,80,0,,0+, 
206,80,1,2102.4,5-,m
206,80,2,3722.3,(10+),n
206,81,0,,0-*, 
206,81,1,2643.1,(12)-,m
206,82,0,,0+, 
206,82,1,2200.16,7-,m
206,82,2,4027.3,12+,n
206,83,0,,6+*, 
206,83,1,59.897,4+,m
206,83,2,1044.8,10-,n
206,83,3,9233.3,(28-),p
206,84,0,,0+, 
206,84,1,1585.9,8+,m
206,84,2,2262.09,9-,n
206,85,0,,(6)+*, 
206,85,1,810.0,(10)-,m
206,86,0,,0+, 
206,87,0,,3+*, 
206,88,0,,0+, 
206,89,0,,3+, 
206,89,1,200.0,10-,m
207,80,0,,9/2+, 
207,81,0,,1/2+*, 
207,81,1,1348.18,11/2-,m
207,82,0,,1/2-*, 
207,82,1,1633.356,13/2+,m
207,83,0,,9/2-, 
207,83,1,2101.61,21/2+,m
207,84,0,,5/2-*, 
207,84,1,68.557,1/2-,m
207,84,2,1115.076,13/2+,n
207,84,3,1383.16,19/2-,p
207,85,0,,9/2-*, 
207,85,1,2117.3,25/2+,m
207,86,0,,5/2-*, 
207,86,1,899.1,13/2+,m
207,87,0,,9/2-*, 
207,88,0,,5/2-#, 
207,88,1,560.0,13/2+,m
207,89,0,,9/2-, 
208,80,0,,0+, 
208,80,1,1338.0,(8+),m
208,81,0,,5+, 
208,81,1,1807.0,(0-),m
208,82,0,,0+, 
208,82,1,4895.23,10+,m
208,83,0,,5+*, 
208,83,1,1571.1,10-,m
208,84,0,,0+, 
208,84,1,1528.22,8+,m
208,85,0,,6+*, 
208,85,1,2276.4,16-,m
208,86,0,,0+, 
208,86,1,1828.3,8+,m
208,87,0,,7+*, 
208,87,1,826.3,10-,m
208,88,0,,0+, 
208,88,1,2147.4,(8+),m
208,89,0,,3+, 
208,89,1,500.0,10-,m
208,90,0,,0+, 
209,80,0,,9/2+#, 
209,81,0,,1/2+, 
209,81,1,1228.1,17/2+,m
209,82,0,,9/2+, 
209,83,0,,9/2-*, 
209,84,0,,1/2-*, 
209,84,1,4265.4,31/2-,m
209,85,0,,9/2-*, 
209,85,1,2429.32,29/2+,m
209,86,0,,5/2-*, 
209,86,1,1174.01,13/2+,m
209,86,2,3636.81,35/2+,n
209,87,0,,9/2-*, 
209,87,1,4659.8,45/2-,m
209,88,0,,5/2-*, 
209,88,1,882.4,13/2+,m
209,89,0,,9/2-, 
209,90,0,,5/2-#, 
210,80,0,,0+, 
210,80,1,663.0,(3-),m
210,80,2,1406.0,8+#,n
210,81,0,,5+#, 
210,82,0,,0+, 
210,82,1,1194.61,6+,m
210,82,2,1274.8,8+,n
210,83,0,,1-*, 
210,83,1,271.31,9-,m
210,84,0,,0+, 
210,84,1,1556.97,8+,m
210,84,2,5057.65,16+,n
210,85,0,,(5)+*, 
210,85,1,2549.6,(15)-,m
210,85,2,4027.7,(19)+,n
210,86,0,,0+, 
210,86,1,1710.0,8+,m
210,86,2,3857.0,17-,n
210,86,3,6514.0,23+,p
210,87,0,,6+*, 
210,87,1,4417.2,(23)+,m
210,88,0,,0+, 
210,88,1,2050.9,8+,m
210,89,0,,7+#, 
210,90,0,,0+, 
211,80,0,,9/2+#, 
211,81,0,,1/2+, 
211,81,1,1244.0,17/2+#,m
211,82,0,,9/2+*, 
211,82,1,1719.0,(27/2+),m
211,83,0,,9/2-*, 
211,83,1,1257.0,(25/2-),m
211,84,0,,9/2+*, 
211,84,1,1462.0,(25/2+),m
211,84,2,2135.0,(31/2-),n
211,84,3,4872.0,(43/2+),p
211,85,0,,9/2-*, 
211,85,1,4814.5,(39/2-),m
211,86,0,,1/2-*, 
211,86,1,1603.0,17/2-,m
211,86,2,8905.0,63/2-,n
211,87,0,,9/2-*, 
211,87,1,2423.16,29/2+,m
211,87,2,4657.3,45/2-,n
211,88,0,,5/2-*, 
211,88,1,1198.1,13/2+,m
211,89,0,,9/2-, 
211,90,0,,5/2-#, 
211,91,0,,9/2-, 
212,81,0,,(5+), 
212,82,0,,0+, 
212,82,1,1335.0,8+#,m
212,83,0,,1-*, 
212,83,1,250.0,"(8-,9-)",m
212,83,2,1479.0,(18-),n
212,84,0,,0+, 
212,84,1,2923.0,(18+),m
212,85,0,,(1-), 
212,85,1,222.9,(9-),m
212,85,2,4771.4,(25-),n
212,86,0,,0+, 
212,86,1,1639.68,6+,m
212,86,2,1694.1,8+,n
212,86,3,6174.2,22+,p
212,86,4,8579.2,30+,q
212,87,0,,5+*, 
212,87,1,1551.4,11+,m
212,87,2,2492.2,15-,n
212,87,3,5854.7,27-,p
212,87,4,8533.4,34+#,q
212,88,0,,0+, 
212,88,1,1958.4,8+,m
212,88,2,2613.3,11-,n
212,89,0,,7+*, 
212,90,0,,0+, 
212,91,0,,3+#, 
213,81,0,,1/2+#, 
213,81,1,680.0,,m
213,81,2,1250.0,17/2+#,n
213,82,0,,(9/2+), 
213,82,1,1331.0,(21/2+),m
213,83,0,,9/2-*, 
213,84,0,,9/2+, 
213,85,0,,9/2-, 
213,85,1,1358.0,25/2-#,m
213,85,2,2998.0,49/2+#,n
213,86,0,,9/2+#, 
213,86,1,1682.0,(25/2+),m
213,86,2,2205.0,(31/2-),n
213,86,3,5965.0,(55/2+),p
213,87,0,,9/2-*, 
213,87,1,1590.41,21/2-,m
213,87,2,2537.62,29/2+,n
213,87,3,8094.8,(65/2-),p
213,88,0,,1/2-*, 
213,88,1,1768.0,(17/2-),m
213,89,0,,9/2-*, 
213,90,0,,5/2-, 
213,90,1,1180.0,(13/2)+,m
213,91,0,,9/2-, 
214,81,0,,5+#, 
214,82,0,,0+, 
214,82,1,1420.0,8+#,m
214,83,0,,1-, 
214,84,0,,0+, 
214,85,0,,1-, 
214,85,1,59.0,,m
214,85,2,232.0,9-,n
214,86,0,,0+, 
214,86,1,4595.4,(22+),m
214,87,0,,(1-)*, 
214,87,1,121.0,(8-),m
214,87,2,638.0,(11+),n
214,87,3,6577.0,(33+),p
214,88,0,,0+, 
214,88,1,1819.7,6+,m
214,88,2,1865.2,8+,n
214,88,3,2683.2,11-,p
214,88,4,3478.4,14+,q
214,88,5,4146.8,17-,r
214,88,6,6577.0,(25-),x
214,89,0,,5+*, 
214,90,0,,0+, 
214,90,1,2181.0,8+#,m
214,91,0,,7+#, 
215,81,0,,1/2+#, 
215,82,0,,9/2+#, 
215,83,0,,(9/2-), 
215,83,1,1367.0,(25/2-),m
215,84,0,,9/2+, 
215,85,0,,9/2-, 
215,86,0,,9/2+, 
215,87,0,,9/2-, 
215,88,0,,9/2+#, 
215,88,1,1877.8,(25/2+),m
215,88,2,2246.9,(29/2-),n
215,88,3,3807.0,(43/2-),p
215,89,0,,9/2-*, 
215,89,1,1796.0,(21/2-),m
215,89,2,2488.0,(29/2+),n
215,90,0,,(1/2-), 
215,90,1,1471.0,9/2+#,m
215,91,0,,9/2-, 
215,92,0,,5/2-#, 
216,81,0,,5+#, 
216,82,0,,0+, 
216,82,1,1514.0,8+#,m
216,83,0,,"(6-,7-)", 
216,83,1,24.0,3-#,m
216,84,0,,0+, 
216,85,0,,1-, 
216,86,0,,0+, 
216,87,0,,(1-), 
216,87,1,219.0,(9-),m
216,88,0,,0+, 
216,89,0,,(1-), 
216,89,1,38.0,(9-),m
216,90,0,,0+, 
216,90,1,2041.0,8+,m
216,90,2,2648.0,(11-),n
216,90,3,3682.0,(14+),p
216,91,0,,5+#, 
216,92,0,,0+, 
216,92,1,2250.0,8+#,m
217,82,0,,9/2+#, 
217,83,0,,9/2-#, 
217,83,1,1491.0,25/2-#,m
217,84,0,,(9/2+)*, 
217,86,0,,9/2+, 
217,87,0,,9/2-, 
217,88,0,,(9/2+), 
217,89,0,,9/2-, 
217,89,1,2012.0,29/2+,m
217,90,0,,9/2+#, 
217,90,1,673.3,(15/2-),m
217,90,2,2307.0,(25/2+),n
217,91,0,,9/2-, 
217,91,1,1860.0,(23/2-),m
217,92,0,,1/2-#, 
218,82,0,,0+, 
218,83,0,,8-#, 
218,84,0,,0+, 
218,85,0,,"(2-,3-)*", 
218,86,0,,0+, 
218,87,0,,1-, 
218,87,1,87.0,(8-),m
218,88,0,,0+, 
218,89,0,,(1-), 
218,89,1,50.0,8-#,m
218,90,0,,0+, 
218,91,0,,8-#, 
218,91,1,81.0,1-#,m
218,92,0,,0+, 
218,92,1,2109.0,8+#,m
219,83,0,,9/2-#, 
219,84,0,,9/2+#, 
219,85,0,,(9/2-)*, 
219,86,0,,5/2+*, 
219,87,0,,9/2-*, 
219,88,0,,(7/2)+, 
219,88,1,16.7,(11/2)+,m
219,89,0,,9/2-, 
219,90,0,,9/2+#, 
219,91,0,,9/2-, 
219,92,0,,9/2+#, 
219,93,0,,9/2-#, 
220,83,0,,1-#, 
220,85,0,,3-#, 
220,86,0,,0+, 
220,87,0,,1+*, 
220,88,0,,0+, 
220,89,0,,(3-), 
220,90,0,,0+, 
220,91,0,,1-#, 
220,91,1,26.0,,m
220,91,2,290.0,,n
220,93,0,,1-#, 
221,84,0,,9/2+#, 
221,85,0,,3/2-#, 
221,86,0,,7/2+*, 
221,87,0,,5/2-*, 
221,88,0,,5/2+*, 
221,89,0,,9/2-#, 
221,90,0,,7/2+#, 
221,91,0,,9/2-, 
221,92,0,,9/2+#, 
222,84,0,,0+, 
222,85,0,,, 
222,86,0,,0+, 
222,87,0,,2-*, 
222,88,0,,0+, 
222,89,0,,1-, 
222,89,1,78.0,5+#,m
222,90,0,,0+, 
222,91,0,,1-#, 
222,92,0,,0+, 
222,93,0,,1-#, 
223,85,0,,3/2-#, 
223,86,0,,7/2+*, 
223,87,0,,3/2-*, 
223,88,0,,3/2+*, 
223,89,0,,(5/2-), 
223,90,0,,(5/2)+, 
223,91,0,,9/2-, 
223,92,0,,7/2+#, 
223,93,0,,(9/2-), 
223,95,0,,9/2-#, 
224,85,0,,2+#, 
224,86,0,,0+, 
224,87,0,,1-*, 
224,88,0,,0+, 
224,89,0,,(0-), 
224,90,0,,0+, 
224,91,0,,(5-), 
224,92,0,,0+, 
224,93,0,,2-#, 
225,86,0,,7/2-*, 
225,87,0,,3/2-*, 
225,88,0,,1/2+*, 
225,89,0,,3/2-, 
225,90,0,,3/2+, 
225,91,0,,5/2-#, 
225,92,0,,5/2+#, 
225,93,0,,9/2-#, 
226,86,0,,0+, 
226,87,0,,1-*, 
226,88,0,,0+, 
226,89,0,,(1-), 
226,90,0,,0+, 
226,91,0,,1-#, 
226,92,0,,0+, 
226,93,0,,, 
227,86,0,,(3/2+)*, 
227,87,0,,1/2+*, 
227,88,0,,3/2+*, 
227,89,0,,3/2-*, 
227,90,0,,(1/2+), 
227,91,0,,(5/2-), 
227,92,0,,(3/2+), 
227,93,0,,5/2+#, 
228,86,0,,0+, 
228,87,0,,2-*, 
228,87,1,1004.0,,m
228,88,0,,0+, 
228,89,0,,3+*, 
228,89,1,539.0,,m
228,90,0,,0+, 
228,91,0,,3+, 
228,92,0,,0+, 
228,93,0,,4+#, 
228,94,0,,0+, 
229,86,0,,(5/2+)*, 
229,87,0,,(1/2+), 
229,88,0,,5/2+*, 
229,89,0,,3/2+, 
229,90,0,,5/2+*, 
229,90,1,0.00815,(3/2+),m
229,91,0,,5/2+, 
229,91,1,12.2,3/2-,m
229,92,0,,3/2+, 
229,93,0,,5/2+#, 
229,94,0,,3/2+#, 
229,95,0,,5/2-#, 
230,87,0,,2+#, 
230,88,0,,0+, 
230,89,0,,(1+), 
230,90,0,,0+, 
230,91,0,,2-, 
230,92,0,,0+, 
230,93,0,,4+#, 
230,94,0,,0+, 
230,95,0,,1-#, 
231,87,0,,(1/2+), 
231,88,0,,(5/2+)*, 
231,89,0,,1/2+, 
231,90,0,,5/2+, 
231,91,0,,3/2-*, 
231,92,0,,5/2+#, 
231,93,0,,5/2+#, 
231,94,0,,(3/2+), 
232,87,0,,(5), 
232,88,0,,0+, 
232,89,0,,(1+), 
232,90,0,,0+, 
232,91,0,,(2-), 
232,92,0,,0+, 
232,93,0,,(5-), 
232,94,0,,0+, 
232,95,0,,1-#, 
233,87,0,,1/2+#, 
233,88,0,,1/2+#, 
233,89,0,,(1/2+), 
233,90,0,,1/2+, 
233,91,0,,3/2-*, 
233,92,0,,5/2+*, 
233,93,0,,5/2+#, 
233,94,0,,5/2+#, 
233,95,0,,5/2-#, 
233,96,0,,3/2+#, 
233,97,0,,3/2-#, 
234,88,0,,0+, 
234,89,0,,1+#, 
234,89,1,140.0,,m
234,90,0,,0+, 
234,91,0,,4+, 
234,91,1,79.0,(0-),m
234,92,0,,0+, 
234,92,1,1421.257,6-,m
234,93,0,,(0+), 
234,94,0,,0+, 
234,95,0,,0-#, 
234,96,0,,0+, 
234,97,0,,3-#, 
235,89,0,,1/2+#, 
235,90,0,,1/2+#, 
235,91,0,,3/2-, 
235,92,0,,7/2-*, 
235,92,1,0.076737,1/2+,m
235,92,2,2500.0,,n
235,93,0,,5/2+, 
235,94,0,,(5/2+), 
235,95,0,,5/2-#, 
235,96,0,,5/2+#, 
236,89,0,,3+#, 
236,90,0,,0+, 
236,91,0,,1(-), 
236,92,0,,0+, 
236,92,1,1052.5,4-,m
236,92,2,2750.0,(0+),n
236,93,0,,(6-), 
236,93,1,60.0,(1-),m
236,94,0,,0+, 
236,94,1,1185.45,5-,m
236,95,0,,5-, 
236,95,1,50.0,(1-),m
236,96,0,,0+, 
236,97,0,,4+#, 
237,90,0,,5/2+#, 
237,91,0,,1/2+, 
237,92,0,,1/2+, 
237,92,1,274.0,7/2-,m
237,93,0,,5/2+*, 
237,93,1,945.2,13/2-,m
237,94,0,,7/2-, 
237,94,1,145.543,1/2+,m
237,94,2,2900.0,,n
237,95,0,,5/2-, 
237,98,0,,5/2+#, 
238,90,0,,0+, 
238,91,0,,3-#, 
238,92,0,,0+, 
238,92,1,2557.9,0+,m
238,93,0,,2+*, 
238,93,1,2300.0,,m
238,94,0,,0+, 
238,95,0,,1+, 
238,95,1,2500.0,,m
238,96,0,,0+, 
238,97,0,,1#, 
238,98,0,,0+, 
239,91,0,,1/2+#, 
239,92,0,,5/2+, 
239,92,1,133.7991,1/2+,m
239,93,0,,5/2+*, 
239,94,0,,1/2+*, 
239,94,1,391.584,7/2-,m
239,94,2,3100.0,(5/2+),n
239,95,0,,5/2-, 
239,95,1,2500.0,(7/2+),m
239,96,0,,7/2-#, 
239,98,0,,5/2+#, 
240,92,0,,0+, 
240,93,0,,(5+), 
240,93,1,18.0,(1+),m
240,94,0,,0+, 
240,94,1,1308.74,5-,m
240,95,0,,(3-), 
240,95,1,3000.0,,m
240,96,0,,0+, 
240,97,0,,7-#, 
240,98,0,,0+, 
240,99,0,,4-#, 
241,93,0,,(5/2+), 
241,94,0,,5/2+*, 
241,94,1,161.6853,1/2+,m
241,94,2,2200.0,,n
241,95,0,,5/2-*, 
241,95,1,2200.0,,m
241,96,0,,1/2+, 
241,97,0,,(7/2+), 
241,98,0,,7/2-#, 
241,99,0,,3/2-#, 
241,100,0,,5/2+#, 
242,92,0,,0+, 
242,93,0,,(1+), 
242,93,1,50.0,(6+),m
242,94,0,,0+, 
242,95,0,,1-*, 
242,95,1,48.6,5-,m
242,95,2,2200.0,"(2+,3-)",n
242,96,0,,0+, 
242,96,1,2800.0,,m
242,97,0,,3+#, 
242,97,1,2000.0,,m
242,98,0,,0+, 
242,99,0,,2+#, 
242,100,0,,0+, 
243,93,0,,5/2+#, 
243,94,0,,7/2+, 
243,94,1,383.64,(1/2+),m
243,95,0,,5/2-*, 
243,95,1,2300.0,,m
243,96,0,,5/2+*, 
243,96,1,87.4,1/2+,m
243,97,0,,3/2-, 
243,98,0,,(1/2+), 
243,99,0,,(7/2+), 
243,100,0,,7/2-#, 
244,93,0,,7-#, 
244,94,0,,0+, 
244,94,1,1216.0,8-,m
244,95,0,,(6-), 
244,95,1,89.3,1+,m
244,95,2,2000.0,,n
244,96,0,,0+, 
244,96,1,1040.181,6+,m
244,97,0,,4-, 
244,97,1,1500.0,,m
244,98,0,,0+, 
244,99,0,,6+#, 
244,100,0,,0+, 
244,101,0,,3+#, 
245,94,0,,(9/2-), 
245,94,1,264.5,(5/2+),m
245,94,2,2000.0,,n
245,95,0,,5/2+, 
245,95,1,2400.0,,m
245,96,0,,7/2+*, 
245,96,1,355.92,1/2+,m
245,97,0,,3/2-, 
245,98,0,,1/2+, 
245,99,0,,(3/2-), 
245,100,0,,1/2+#, 
245,101,0,,(7/2-), 
245,101,1,100.0,1/2-#,m
246,94,0,,0+, 
246,95,0,,7-, 
246,95,1,30.0,2(-),m
246,95,2,2000.0,,n
246,96,0,,0+, 
246,96,1,1179.66,8-,m
246,97,0,,2(-), 
246,98,0,,0+, 
246,99,0,,4-#, 
246,100,0,,0+, 
246,101,0,,1-#, 
246,101,1,60.0,4-#,m
247,94,0,,1/2+#, 
247,95,0,,5/2#, 
247,96,0,,9/2-*, 
247,96,1,227.38,5/2+,m
247,96,2,404.9,1/2+,n
247,97,0,,3/2-, 
247,98,0,,(7/2+), 
247,99,0,,(7/2+), 
247,100,0,,(7/2+), 
247,100,1,49.0,(1/2+),m
247,101,0,,7/2-#, 
247,101,1,260.0,1/2-#,m
248,96,0,,0+, 
248,96,1,1458.1,8-#,m
248,97,0,,6+#, 
248,98,0,,0+, 
248,99,0,,2-#, 
248,100,0,,0+, 
248,100,1,1200.0,6+#,m
248,101,0,,, 
249,96,0,,1/2+, 
249,96,1,48.76,7/2+,m
249,97,0,,7/2+*, 
249,97,1,8.777,3/2-,m
249,98,0,,9/2-, 
249,98,1,144.98,5/2+,m
249,99,0,,7/2+, 
249,100,0,,7/2+, 
249,101,0,,(7/2-), 
249,101,1,100.0,(1/2-),m
249,102,0,,5/2+#, 
250,97,0,,2-, 
250,97,1,35.59,4+,m
250,97,2,85.6,7+,n
250,98,0,,0+, 
250,99,0,,6(+), 
250,99,1,200.0,1(-),m
250,100,0,,0+, 
250,100,1,1199.2,(8-),m
250,101,0,,2-#, 
250,101,1,120.0,7+#,m
250,102,0,,0+, 
250,102,1,1050.0,(6+),m
251,96,0,,(3/2+), 
251,97,0,,(3/2-), 
251,97,1,35.5,(7/2+),m
251,98,0,,1/2+, 
251,98,1,370.47,11/2-,m
251,99,0,,3/2-, 
251,100,0,,9/2-, 
251,100,1,200.0,5/2+,m
251,101,0,,(7/2-), 
251,102,0,,(7/2+), 
251,102,1,106.0,(1/2+),m
252,97,0,,, 
252,98,0,,0+, 
252,99,0,,(4+), 
252,100,0,,0+, 
252,101,0,,1+#, 
252,102,0,,0+, 
252,102,1,1254.1,(8-),m
252,103,0,,7-#, 
253,98,0,,(7/2+), 
253,99,0,,7/2+*, 
253,100,0,,1/2+, 
253,100,1,140.0,7/2+#,m
253,101,0,,(7/2-), 
253,102,0,,9/2-*, 
253,102,1,167.5,5/2+,m
253,102,2,1196.0,19/2+#,n
253,103,0,,(7/2-), 
253,103,1,30.0,(1/2-),m
253,104,0,,(7/2)(+#), 
253,104,1,200.0,(1/2)(+#),m
254,98,0,,0+, 
254,99,0,,7+, 
254,99,1,80.4,2+*,m
254,100,0,,0+, 
254,101,0,,0-#, 
254,101,1,50.0,3-#,m
254,102,0,,0+, 
254,102,1,1296.4,(8-),m
254,102,2,3217.0,16+#,n
254,103,0,,4+#, 
254,103,1,107.0,1+#,m
254,104,0,,0+, 
254,104,1,1300.0,8-#,m
254,104,2,2000.0,16+#,n
255,98,0,,(7/2+), 
255,99,0,,(7/2+), 
255,100,0,,7/2+, 
255,101,0,,7/2-, 
255,102,0,,(1/2+), 
255,103,0,,(1/2-), 
255,103,1,41.0,(7/2-),m
255,103,2,796.0,(15/2+),n
255,104,0,,(9/2-), 
255,104,1,150.0,(5/2+),m
255,104,2,1050.0,19/2+#,n
255,104,3,1300.0,25/2+#,p
255,105,0,,9/2+#, 
255,105,1,100.0,1/2-#,m
256,98,0,,0+, 
256,99,0,,7+#, 
256,99,1,0.0,0+#,m
256,100,0,,0+, 
256,101,0,,(1-), 
256,102,0,,0+, 
256,103,0,,"(0-,3-)#", 
256,104,0,,0+, 
256,104,1,1120.0,4-#,m
256,104,2,1400.0,8-#,n
256,104,3,2400.0,,p
256,105,0,,9-#, 
257,99,0,,7/2+#, 
257,100,0,,9/2+, 
257,101,0,,(7/2-), 
257,102,0,,(3/2+), 
257,103,0,,7/2-#, 
257,103,1,100.0,1/2-#,m
257,104,0,,(1/2+), 
257,104,1,73.0,11/2-#,m
257,104,2,1155.0,21/2+#,n
257,105,0,,9/2+#, 
257,105,1,140.0,(1/2-),m
258,100,0,,0+, 
258,101,0,,8-#, 
258,101,1,0.0,1-#,m
258,102,0,,0+, 
258,103,0,,, 
258,104,0,,0+, 
258,104,1,1200.0,,m
258,104,2,1500.0,,n
258,105,0,,0-#, 
258,105,1,53.0,5+#,m
258,106,0,,0+, 
259,100,0,,, 
259,101,0,,7/2-#, 
259,102,0,,9/2+, 
259,103,0,,1/2-#, 
259,104,0,,3/2+#, 
259,105,0,,9/2+#, 
259,106,0,,(11/2-), 
259,106,1,87.0,(1/2+),m
260,101,0,,, 
260,102,0,,0+, 
260,103,0,,, 
260,104,0,,0+, 
260,105,0,,, 
260,106,0,,0+, 
260,107,0,,, 
261,103,0,,1/2-#, 
261,104,0,,3/2+#, 
261,104,1,70.0,11/2-#,m
261,105,0,,9/2+#, 
261,106,0,,(3/2+), 
261,106,1,100.0,7/2+#,m
261,107,0,,(5/2-), 
262,104,0,,0+, 
262,104,1,1000.0,"(8-,9-)#",m
262,105,0,,, 
262,106,0,,0+, 
262,107,0,,, 
262,107,1,220.0,,m
263,104,0,,, 
263,105,0,,9/2+#, 
263,106,0,,3/2+#, 
263,106,1,51.0,7/2+#,m
263,108,0,,3/2+#, 
264,106,0,,0+, 
264,107,0,,, 
264,108,0,,0+, 
265,104,0,,9/2+#, 
265,106,0,,11/2-#, 
265,106,1,-10.0,,m
265,107,0,,5/2-#, 
265,108,0,,3/2+#, 
265,108,1,229.0,11/2-#,m
266,103,0,,, 
266,105,0,,, 
266,106,0,,0+, 
266,107,0,,, 
266,108,0,,0+, 
266,108,1,1100.0,9-#,m
266,109,0,,, 
266,109,1,1140.0,,m
267,104,0,,, 
267,105,0,,9/2+#, 
267,106,0,,, 
267,107,0,,5/2-#, 
267,108,0,,, 
267,108,1,39.0,,m
267,110,0,,3/2+#, 
268,105,0,,, 
268,108,0,,0+, 
268,109,0,,, 
269,106,0,,, 
269,108,0,,9/2+#, 
269,110,0,,, 
270,105,0,,, 
270,107,0,,, 
270,108,0,,0+, 
270,109,0,,, 
270,110,0,,0+, 
270,110,1,1390.0,10-#,m
271,106,0,,, 
271,107,0,,, 
271,110,0,,, 
271,110,1,68.0,,m
272,107,0,,, 
272,111,0,,, 
273,108,0,,, 
273,110,0,,, 
273,110,1,198.0,,m
274,107,0,,, 
274,109,0,,, 
274,111,0,,, 
275,108,0,,, 
275,109,0,,, 
276,109,0,,, 
276,109,1,250.0,,m
277,108,0,,, 
277,108,1,100.0,,m
277,109,0,,, 
277,110,0,,, 
277,112,0,,, 
278,109,0,,, 
278,111,0,,, 
278,113,0,,, 
279,110,0,,, 
279,111,0,,, 
280,110,0,,0+, 
280,111,0,,, 
281,110,0,,, 
281,110,1,80.0,,m
281,111,0,,, 
281,112,0,,, 
282,110,0,,0+, 
282,111,0,,, 
282,112,0,,0+, 
282,113,0,,, 
283,112,0,,, 
283,113,0,,, 
284,112,0,,0+, 
284,113,0,,, 
284,114,0,,0+, 
285,112,0,,, 
285,112,1,530.0,,m
285,113,0,,, 
285,114,0,,, 
286,112,0,,0+, 
286,113,0,,, 
286,114,0,,0+, 
287,114,0,,, 
287,115,0,,, 
288,114,0,,0+, 
288,115,0,,, 
289,114,0,,, 
289,114,1,750.0,,m
289,115,0,,, 
290,113,0,,, 
290,114,0,,0+, 
290,115,0,,, 
290,116,0,,0+, 
291,116,0,,, 
292,116,0,,0+, 
293,116,0,,, 
293,116,1,720.0,,m
293,117,0,,, 
294,117,0,,, 
294,118,0,,0+, 
295,118,0,,, 
