snid,z,mu_obs,alpha_obs,alpha_th,residual_alpha,residual_qfd,residual_lcdm
SN000000,0.38599282437188753,40.48439509951903,0.2001434758732293,-5.240684569919989,5.440828045793219,-5.907303993181119,-0.21730301790169904
SN000001,0.28613016277432735,39.91144357115479,0.043597792891556957,-4.090565503751189,4.134163296642746,-4.488610767547252,-0.0473357021899119
SN000002,0.4451611329712628,40.732143644198054,0.30618511582932717,-5.872111615767282,6.178296731596609,-6.708000445233257,-0.332436265613957
SN000003,0.20196919701949234,39.17864472829093,-0.05314968920074472,-3.0254159590803456,2.9722662698796007,-3.2270970993896797,0.057706541836893166
SN000004,0.5727689241585506,41.50770994748075,0.1976976443613506,-7.126539602027821,7.324237246389171,-7.952189550642711,-0.21464749007851935
SN000005,0.15539802321372811,38.363401351378755,0.13071296140075295,-2.392147626770743,2.522860588171496,-2.7391610801351822,-0.141919794623945
SN000006,0.5344018097024542,41.41204162650782,0.11709254895697867,-6.7635730341570905,6.8806655831140695,-7.470587736420151,-0.1271316197100063
SN000007,0.2184068604991073,39.265333075353375,0.038370829409914486,-3.241125506675025,3.2794963360849394,-3.5606679054590527,-0.04166059869694294
SN000008,0.23837594831767722,39.50554505810815,0.010028733616241497,-3.498005478987746,3.5080342126039876,-3.8087997521543264,-0.010888559175022294
SN000009,0.40742494880287244,40.98075886816423,-0.1310637790258799,-5.473394359809245,5.342330580783366,-5.800361729343025,0.1423006900208179
SN000010,0.5662934638423059,41.577251442397476,0.10586750880602218,-7.066081364531508,7.17194887333753,-7.7868445504568315,-0.11494418721824928
SN000011,0.1305255747955177,38.16686376808008,-0.060323715287886236,-2.0396736533006625,1.9793499380127764,-2.1490518895862305,0.06549564169358035
SN000012,0.3900323531447628,41.118106828132426,-0.3593215972872585,-5.284903842836435,4.925582245549177,-5.347882973506588,0.39012846732629214
SN000013,0.30965473525286324,40.19370010767499,-0.03787279863344119,-4.371854274039785,4.333981475406344,-4.705560598599722,0.04111986865184036
SN000014,0.17765733404010775,38.78236337506648,0.03311700842633362,-2.699024024909673,2.7321410333360068,-2.9663844363981897,-0.035956335041746
SN000015,0.3855921075045671,40.562925568375604,0.12540095150903044,-5.236288879330063,5.361689830839094,-5.821380768025494,-0.13615235316447638
SN000016,0.1761506153611201,38.76036460798205,0.03495993079604549,-2.678498736913113,2.7134586677091583,-2.9461003156465915,-0.037957262581102214
SN000017,0.36011265000390963,40.37637316209862,0.13901966553213643,-4.953324022243321,5.0923436877754575,-5.528941908889342,-0.1509386840416127
SN000018,0.2075198811956186,39.21520118364522,-0.027560304069855518,-3.0986960106888723,3.071135706619017,-3.3344432264017074,0.029923219942787682
SN000019,0.24734750378031145,39.60850935948974,-0.00291437790600184,-3.6116235780183206,3.608709200112319,-3.918106231005694,0.003164245606896543
SN000020,0.3002380636787054,39.73730419034482,0.31254809854775034,-4.260064789289321,4.572612887837071,-4.964651362668331,-0.3393447863216039
SN000021,0.42051361384816466,40.89508486357049,0.021929250818915457,-5.613248704204784,5.635177955023699,-6.118316726024108,-0.02380938155732082
SN000022,0.19596319650691163,39.20107794327974,-0.1396506687408787,-2.945612622263925,2.8059619535230462,-3.046534482113819,0.15162378707065471
SN000023,0.34022723363840457,40.30871367057676,0.07080738320728555,-4.727609344152241,4.798416727359527,-5.209814766411256,-0.07687813951233835
SN000024,0.24314818720231618,39.454009374967846,0.10139841034993892,-3.558578281790353,3.659976692140292,-3.9737692032276133,-0.11009192522185174
SN000025,0.22468303228381914,39.15675912196946,0.20068343178282264,-3.322463349502707,3.5231467812855297,-3.82520801511877,-0.21788926758171812
SN000026,0.3994328828737067,40.489547950599885,0.2750856507118883,-5.387161056821668,5.662246707533557,-6.147706250641698,-0.2986704503873483
SN000027,0.2419919281406831,39.665233711959075,-0.10371100563745005,-3.5439306446583476,3.4402196390208974,-3.735171014404931,0.11260279365245651
SN000028,0.22702252930237848,39.36085126162291,0.03552693161834025,-3.3526404661848446,3.3881673978031848,-3.678656011576057,-0.038572875901998316
SN000029,0.3193442847662896,40.328414157497406,-0.09195237261562952,-4.485780999062348,4.393828626446718,-4.770538817235884,0.09983602006219883
SN000030,0.14537933791290153,38.5729197915145,-0.20486522768283866,-2.251414013144324,2.046548785461485,-2.2220121111793123,0.22242959479127933
SN000031,0.24734291970697236,39.73112044721045,-0.11588450877829223,-3.611565802169257,3.4956812933909647,-3.795387740530295,0.12582000675119787
SN000032,0.34415582199153844,40.315600644751996,0.09078046663954933,-4.772549205371573,4.8633296720111225,-5.280293100576954,-0.09856363931540102
SN000033,0.09216651011647323,37.32342506542855,-0.015769782860491313,-1.4749790196832113,1.45920923682272,-1.5843162987359065,0.01712182419281305
SN000034,0.16835025277326798,38.59153889165286,0.09268682574200367,-2.5716701183823583,2.664356944124362,-2.892788796634552,-0.10063344241220307
SN000035,0.25045315415027697,39.51667278058307,0.10938746131637096,-3.6507011572022527,3.7600886185186235,-4.082464346224648,-0.1187659270977619
SN000036,0.3902793176534608,40.76148555724269,-0.029388638177381923,-5.287601824141582,5.2582131859642,-5.709032428337922,0.03190830847771764
SN000037,0.6696301530420969,41.98356120718256,0.14582325745976304,-7.994601725849498,8.140424983309261,-8.838354126496455,-0.15832559011982994
SN000038,0.20415272475394164,38.80486023599845,0.31460715559088914,-3.0542968079269786,3.3689039635178677,-3.6577410035445093,-0.3415803791010035
SN000039,0.11595308069639132,37.69037808218501,0.1280420030065182,-1.8282526011913973,1.9562946041979155,-2.1240198789506515,-0.13901983839392784
SN000040,0.12300567676932996,37.91265539031419,0.0480618182509601,-1.931037300950007,1.979099119200967,-2.1487795665214144,-0.052182456141572686
SN000041,0.21571184075697436,39.494816795040094,-0.20025507271849283,-3.2060266582758965,3.0057715855574036,-3.2634750336729206,0.21742418263693963
SN000042,0.5662810596173946,41.5901828983163,0.09390372174637676,-7.065965244967518,7.159868966713894,-7.773728958485453,-0.10195467046157347
SN000043,0.10857121777433956,37.75033126362419,-0.06572503749340405,-1.7197213403203242,1.6539963028269202,-1.795803668515278,0.07136005276567658
SN000044,0.27390218129970095,39.813351297000295,0.03586630342493779,-3.9416487534673177,3.9775150568922553,-4.318532102238512,-0.038941344159290736
SN000045,0.34762942034144306,40.60576593423919,-0.1534252057115425,-4.812140777443193,4.65871557173165,-5.058136163899521,0.1665793005634839
SN000046,0.19495414896878682,39.20106271938144,-0.15088080295493883,-2.9321524428577965,2.7812716399028576,-3.0197273147095474,0.16381675037115428
SN000047,0.4175420192174593,41.05637655207384,-0.1432660752615934,-5.581644536567935,5.438378461306342,-5.9046443906171024,0.1555491648251106
SN000048,0.5103602722427151,41.13290532120167,0.2630616366784651,-6.530130161683638,6.793191798362103,-7.375614281347721,-0.2856155430247398
SN000049,0.1411418390746207,38.305913859865306,-0.02206016067996353,-2.1913884175692506,2.169328256889287,-2.355318228509543,0.023951515133013856
SN000050,0.39791295055919473,40.87250887393879,-0.08652667386297638,-5.370688424783549,5.284161750920573,-5.737205724772575,0.09394514249033392
SN000051,0.3334542005561673,40.37619173918958,-0.03735536696929661,-4.649723061315523,4.612367694346227,-5.007814595408476,0.04055807436059666
SN000052,0.2625780481953564,39.83212676685145,-0.07585686661508549,-3.8020388926275888,3.7261820260125034,-4.045650731160773,0.0823605464635051
SN000053,0.20607706609529658,39.16715680521287,0.0014287104502412442,-3.0796914174981334,3.0811201279483744,-3.34528367412255,-0.0015512026619433072
SN000054,0.4883165360897423,41.16735812206135,0.12538354824760842,-6.311835227195976,6.437218775443585,-6.98912148244789,-0.13613345781346453
SN000055,0.1434053877128512,38.05707034828942,0.24106673056176414,-2.223489724074052,2.464556454635816,-2.675858171468442,-0.261734877133577
SN000056,0.22028513733424615,39.21957636407791,0.09933321804259941,-3.2655261434458644,3.3648593614884637,-3.653349632687347,-0.10784967116399002
SN000057,0.3758677959680974,41.01766632752174,-0.35268520066774245,-5.129104722236669,4.7764195215689265,-5.185931603680887,0.38292309124735624
SN000058,0.3109363461342572,40.0743591713358,0.08141433741726002,-4.386986779787431,4.468401117204691,-4.851504870330807,-0.08839449372031538
SN000059,0.4711298490313623,40.893172203975176,0.2923960949021698,-6.138718772379059,6.431114867281229,-6.982494248365502,-0.31746502636517704
SN000060,0.1760882103004634,38.89858316628326,-0.09311008802258723,-2.6776478613960926,2.5845377733735053,-2.806126233116576,0.10109299359433521
SN000061,0.4306109333349491,41.0862472478982,-0.09835580149916676,-5.719998030599834,5.621642229100668,-6.103620498331789,0.10678845463564812
SN000062,0.35646623657593746,40.67712975509601,-0.16143456018680932,-4.912260110908863,4.750825550722054,-5.158143302908912,0.175275346694022
SN000063,0.3277437342375377,40.34706370389478,-0.04997492816980127,-4.583650084514105,4.533675156344303,-4.9223752578554825,0.05425958884413973
SN000064,0.1578981245900049,38.66144116298935,-0.10955268915163424,-2.4270104452737433,2.317457756122109,-2.516147788819309,0.11894532094054
SN000065,0.3744810093641896,40.8827573112059,-0.23698990475813603,-5.113738376071003,4.876748471312867,-5.294862376803241,0.2573085197580909
SN000066,0.21149608026144667,39.108002951379696,0.11273072343540012,-3.150913190343603,3.263643913779003,-3.5434563566283828,-0.12239582782239466
SN000067,0.8113995446572271,42.4890953612687,0.16776412377903174,-9.156153263102008,9.323917386881039,-10.123314677110555,-0.1821475830464223
SN000068,0.1751820928831958,38.61243585864924,0.1592901524506376,-2.6652863625757455,2.824576515026383,-3.0667449854736883,-0.1729470855770998
SN000069,0.16922467623192694,38.65597076354574,0.0445105096191018,-2.5836933234709187,2.6282038330900206,-2.853536055069927,-0.04832667178569494
SN000070,0.3701632006980712,40.792818961655925,-0.18098798039312627,-5.065764382629919,4.884776402236792,-5.303578592056644,0.19650520293887297
SN000071,0.0826786909049417,37.1356119415508,-0.06914784667553107,-1.3311350421880415,1.2619871955125104,-1.3701851881091085,0.07507632061668801
SN000072,0.20140864431643934,39.17758352459558,-0.05824007748240034,-3.0179903665680348,2.959750289085634,-3.213508045903613,0.0632333606905604
SN000073,0.29844005236107923,39.77408954601785,0.2650903512809358,-4.238598147921188,4.5036884992021236,-4.88981765853655,-0.2878181919177649
SN000074,0.2866634320863212,39.84501781373488,0.10896863821183457,-4.097017135325055,4.20598577353689,-4.566591031026627,-0.11831119568977755
SN000075,0.11515757839927378,37.53252602836456,0.25890867654348104,-1.8166036735952664,2.0755123501387476,-2.2534589019682696,-0.2811065238492674
SN000076,0.48653108688741015,41.44533904894318,-0.13940800112452703,-6.293971569394101,6.154563568269574,-6.682232490555657,0.15136031405386063
SN000077,0.5644042316811686,41.89296678828835,-0.19307338323078235,-7.04838211242636,6.855308729195578,-7.4430568820820815,0.20962676234880462
SN000078,0.29756625872038495,40.156771638274414,-0.0939976908781201,-4.22815164251871,4.13415395164059,-4.488600621340077,0.10205669615003643
SN000079,0.11415911210959581,37.63997169097213,0.14158675172912485,-1.8019666853521392,1.9435534370812642,-2.1101863325212293,-0.15372586246640907
SN000080,0.09443039322409047,37.578926797964286,-0.20040029376162785,-1.5090503081431814,1.3086500143815536,-1.4208486999712995,0.21758185438116584
SN000081,0.17077490275190355,38.679123506492516,0.04285293373977666,-2.6049790246028968,2.6478319583426733,-2.8748470212882595,-0.046526981641370924
SN000082,0.36026878953642155,40.328214483681116,0.18437474103971244,-4.955079154504846,5.139453895544558,-5.580091167077932,-0.20018233158972265
SN000083,0.16316862214058203,38.466272330198244,0.14075156435704067,-2.5001740384293565,2.640925602786397,-2.867348541017878,-0.1528190692987792
SN000084,0.15237869322638922,38.387528510560166,0.06644563355623408,-2.349908571641663,2.416354205197897,-2.623523244102911,-0.0721424300000919
SN000085,0.3583709749920382,40.50469927208922,0.009654067563521064,-4.933728275963132,4.943382343526653,-5.367209184328976,-0.010481770676889823
SN000086,0.25838676662551835,39.67367826353978,0.03418967693659479,-3.74994436410235,3.784134041038945,-4.108571332013668,-0.03712097007904447
SN000087,0.3395526204206099,40.15177792166578,0.21080433050279643,-4.71987489032006,4.9306792208228565,-5.3534169440959785,-0.22887789374668444
SN000088,0.4335435678944489,41.157135944328985,-0.1476604374806112,-5.750818370166939,5.603157932686328,-6.08355142849526,0.16032028298312184
SN000089,0.22492247561292,39.343357974157726,0.03116503948922878,-3.325555456670073,3.356720496159302,-3.644512971933825,-0.03383701169617126
SN000090,0.2727499765115879,39.72133763705628,0.11116933997155011,-3.927519146897718,4.038688486869268,-4.384950309933791,-0.12070057726617733
SN000091,0.2163153115422518,39.43977992500089,-0.14343225181018446,-3.2138950471954786,3.070462795385294,-3.333712622312666,0.1557295887202983
SN000092,0.3039650898057811,39.91424512407814,0.17749171657511298,-4.304437453969644,4.481929170544757,-4.866192767622016,-0.19270918273026894
SN000093,0.27676475701388015,39.61942926382914,0.23778498336470635,-3.9766795829527353,4.214464566317441,-4.575796763321114,-0.25817176538686937
SN000094,0.35950583019422244,40.695989083915855,-0.15924478222462551,-4.946500375331972,4.787255593107346,-5.197696718867498,0.17289782548009924
SN000095,0.471313467634299,41.471787227674426,-0.23960010075263918,-6.140582122656494,5.900982021903855,-6.406909824807844,0.26014250405083317
SN000096,0.4162887803622061,40.80304517071705,0.08301173104557028,-5.568289920500843,5.651301651546413,-6.135822807093351,-0.09012884181581882
SN000097,0.14134495260223837,38.27132823969359,0.012860166913927489,-2.1942724545454713,2.2071326214593987,-2.3963637958211885,-0.01396274881768278
SN000098,0.2485355351859727,39.43247104939277,0.1698630690670567,-3.6265875375441836,3.7964506066112405,-4.1219438731737865,-0.1844264839374361
SN000099,0.20788642256642598,39.17990012915748,0.008814699693968775,-3.1035192112324177,3.1123339109263863,-3.3791736083892405,-0.009570438591815389
SN000100,0.2658541298297986,39.69518459284687,0.07796414606071526,-3.8425984913543125,3.9205626374150278,-4.256696798463515,-0.08464849605117308
SN000101,0.502124471641059,41.335632296836806,0.03723325188028383,-6.449056760153981,6.4862900120342655,-7.042399900626645,-0.04042548958729952
SN000102,0.1600905514800669,38.62802881552467,-0.04916869340050745,-2.4574994974312525,2.408330804030745,-2.6148119469704354,0.053384230565583835
SN000103,0.21326136887074598,39.074795886362814,0.16153545343662457,-3.1740223139163755,3.335557767353,-3.621535831077346,-0.17538489014815895
SN000104,0.2788890183891506,39.82801309003305,0.06282939769843932,-4.002608042295316,4.065437439993755,-4.413992616780425,-0.06821615180434293
SN000105,0.23675618086253603,39.21765113206095,0.2601046378229279,-3.4773754561363175,3.7374800939592454,-4.057917452574368,-0.28240502230985953
SN000106,0.1967820311799292,38.99623113402094,0.05810545314738183,-2.956524276575509,3.014629729722891,-3.273092641500357,-0.06308719417599207
SN000107,0.3373516182671386,40.3336078435566,0.028444010078660525,-4.694604690444571,4.723048700523232,-5.127984970993908,-0.030882691550907282
SN000108,0.2997078790705737,40.091672432580374,-0.017833033218180572,-4.253738941970217,4.235905908752036,-4.599076405080971,0.019361969805629542
SN000109,0.21946621533577954,39.34350053032904,-0.0229919295113249,-3.2548937260701547,3.2319017965588297,-3.5089927907467637,0.024963170287698233
SN000110,0.11783320025941563,37.99595017385732,-0.11945512365634917,-1.8557394092618307,1.7362842856054814,-1.8851467106344755,0.1296967525975603
SN000111,0.399645538424783,40.538634360248146,0.23111714771281627,-5.389463899533183,5.620581047246,-6.102468334772344,-0.25093225481224124
SN000112,0.2067522792503077,38.94319657563794,0.21485805431626676,-3.088589032226973,3.3034470865432395,-3.5866721023627566,-0.2332791684550557
SN000113,0.6640581009719237,42.165345937311166,-0.04249723386590087,-7.946421063935075,7.903923830069174,-8.581576261956643,0.046140785410280216
SN000114,0.5279669302781337,41.175104303873155,0.30600668616253157,-6.701554470551759,7.00756115671429,-7.60836285490146,-0.33224253806471893
SN000115,0.43821463579331726,41.02983465629316,-0.005143330397946091,-5.799739732821789,5.794596402423843,-6.2914031060727735,0.005584300026079347
SN000116,0.4095483416877409,40.654139014954474,0.18192389381256116,-5.496198104140468,5.6781219979530295,-6.164942628211169,-0.1975213580228683
SN000117,0.5067762549043322,41.61069882862907,-0.19395446377259976,-6.494919287868722,6.3009648240961225,-6.841185634428598,0.21058338339236116
SN000118,0.4776451328822616,41.259864201134626,-0.012604907577989707,-6.204651865971806,6.192046958393817,-6.722929564290622,0.01368560451505374
SN000119,0.3491119231308274,40.399469249119996,0.046354721241622855,-4.828997326533335,4.875352047774958,-5.2933462292109565,-0.050328999113503414
SN000120,0.37853909322326146,40.8177926284456,-0.1521835379400675,-5.158647067654865,5.0064635297147975,-5.435698712012533,0.1652311769097139
SN000121,0.5617195598157199,41.4831156720893,0.17278255818891075,-7.0231835835115,7.195966141700411,-7.812920968257804,-0.18759627897642872
SN000122,0.34086357070966233,40.242185132539795,0.13636334774489414,-4.734900270431012,4.871263618175907,-5.2889072731746625,-0.14805462364865463
SN000123,0.1883087275322038,38.7567178395344,0.1829483631054989,-2.8431236035792224,3.0260719666847216,-3.285515892433238,-0.19863366142487848
SN000124,0.47929145987466665,41.10137221405274,0.14158177306091285,-6.221252756810484,6.362834529871397,-6.9083598139665465,-0.1537204569460826
SN000125,0.39194055357702834,40.72987952751337,0.009606096055410325,-5.3057338497308155,5.315339945786226,-5.771057019737218,-0.010429686273738525
SN000126,0.10881111208310748,37.75266317207232,-0.06323103613386127,-1.7232637721690693,1.660032736035208,-1.8023576425971204,0.06865222519490288
SN000127,0.27121186317928775,39.95894060599253,-0.12033554658451558,-3.908630640138453,3.7882950935539372,-4.113089137379094,0.13065265964616657
SN000128,0.23247834312695786,39.17097255266869,0.2628009666998464,-3.422717565001198,3.685518531701044,-4.001500903174845,-0.2853325241914604
SN000129,0.5439138131111616,41.5326435650682,0.04879190579893499,-6.8546383520397685,6.9034302578387035,-7.495304167958229,-0.05297513862505099
SN000130,0.25918465533791984,39.539077461667766,0.16503448228055842,-3.759879280101089,3.9249137623816477,-4.261420972371201,-0.17918391244551657
SN000131,0.1808342239638419,38.82013792392182,0.036689183566722156,-2.7421858302086886,2.778875013775411,-3.0171252109537092,-0.03983477492140963
SN000132,0.4983727218735869,41.68171966082461,-0.2995257038497884,-6.411934022319214,6.112408318469425,-6.636463009627013,0.3252059009253756
SN000133,0.2009037517914471,39.14213586112821,-0.031070232863741398,-3.011298126707298,2.9802278938435567,-3.2357413227760166,0.03373407671042372
SN000134,0.10670500150729753,37.768983303817386,-0.11935173113780405,-1.692128016954269,1.572776285816465,-1.7076201554959556,0.12958449559687324
SN000135,0.3737748766696549,40.89611942199426,-0.25366654053138876,-5.105906240405819,4.85223969987443,-5.268252316318389,0.27541494699067925
SN000136,0.3413161873502384,40.54557898980862,-0.14003210581208483,-4.740083424188235,4.60005131837615,-4.994442260106351,0.152037927108708
SN000137,0.31500773176085395,40.11188703357081,0.0763883143784143,-4.434930070627758,4.511318385006173,-4.898101701792176,-0.08293755854109008
SN000138,0.3623692964347204,40.333458928821486,0.19295043942455228,-4.978664858816174,5.171615298240726,-5.615009966380968,-0.20949327780722626
SN000139,0.4361656801571819,40.98591792431397,0.024250756602385116,-5.778305936782655,5.80255669338504,-6.300045882169754,-0.02632992443599136
SN000140,0.35728669433134513,40.40458233210936,0.0948851128827559,-4.921512276275207,5.016397389157963,-5.446484262862956,-0.10302020234937004
SN000141,0.2222757407991534,39.10911437375928,0.2208565754572516,-3.29133131521874,3.5121878906759916,-3.8133095508200108,-0.23979198003283386
SN000142,0.1548271997638276,38.52515222491005,-0.026154962393977674,-2.384173482486838,2.3580185200928603,-2.560186078755003,0.028397389605231638
SN000143,0.10948077465734452,37.73243236812933,-0.03169177358665867,-1.733146932060017,1.7014551584733584,-1.8473314663270057,0.0344089059760293
SN000144,0.4199051726314832,41.15957640386289,-0.22507515668813666,-5.606784690117774,5.381709533429637,-5.8431168839365375,0.2443722464079201
SN000145,0.2597713927782469,39.65648241191913,0.06194232970191542,-3.7671797090452155,3.8291220387471308,-4.1574164299050205,-0.06725302996443361
SN000146,0.2120485876530575,39.26802230528773,-0.028935001729782982,-3.158150818759006,3.129215817029223,-3.3975029050504175,0.03141577896276715
SN000147,0.1142542321547147,37.69006829439714,0.09720180956365759,-1.80336186155566,1.9005636711193175,-2.063510787182265,-0.10553552381126963
SN000148,0.2460509027368673,39.71135195126532,-0.10930175207117956,-3.595270457449206,3.4859687053780264,-3.784842432082748,0.1186728694671828
SN000149,0.39085061673863664,40.69503731150728,0.03521592086354805,-5.293840621535529,5.329056542399077,-5.785949625285854,-0.03823520026544713
SN000150,0.3510549855359203,40.270204461837,0.17816619705317882,-4.85105378330077,5.0292199803539495,-5.4604062143632515,-0.19344149060470528
SN000151,0.17973552281390126,38.834637351689295,0.010138327654755622,-2.7272763405940417,2.7374146682487974,-2.972110212753683,-0.011007549390470217
SN000152,0.2562295558977391,39.736285791648235,-0.04215292502846837,-3.723041875712047,3.680888950683579,-3.9964743994513223,0.04576695683986287
SN000153,0.1795602810386701,38.872665096616,-0.02699826526152457,-2.724896566577667,2.6978983013161426,-2.929205862494393,0.02931299406009913
SN000154,0.11054818388652445,37.87154781258486,-0.13940503914923988,-1.7488834754204645,1.6094784362712247,-1.7474690090371683,0.15135709813004894
SN000155,0.599643046821844,41.5972982966173,0.22767096377914608,-7.37408595621122,7.6017569199903665,-8.253502707804188,-0.24719060814719285
SN000156,0.20900666152777553,39.065380342933246,0.12605430396338196,-3.1182479469297864,3.2443022508931683,-3.522456412973005,-0.13686172157863297
SN000157,0.5114630559428699,41.4945565580931,-0.06483614220810574,-6.540942691550386,6.476106549342281,-7.031343346492153,0.07039494697218629
SN000158,0.26197243736843245,39.62228187372045,0.1122638888050488,-3.7945258077143005,3.906789696519349,-4.2417430178870825,-0.1218889685625868
SN000159,0.40477640492070616,40.83773761695936,-0.014581688520760533,-5.444887879495364,5.430306190974604,-5.895880034463341,0.015831867153494272
SN000160,0.41727719094834054,40.515386149848936,0.35351648492249244,-5.578823787147335,5.932340272069827,-6.440956612330902,-0.38382564665918295
SN000161,0.3264873279182006,40.67435901884642,-0.360186588360237,-4.56906259382165,4.208876005461414,-4.569729060467231,0.39106761945102875
SN000162,0.39057096888982146,40.67147796810603,0.05524945001852887,-5.290787182149867,5.346036632168396,-5.804385523508445,-0.05998632817809124
SN000163,0.400406099173795,40.953456458449295,-0.14651177085412642,-5.397696259529456,5.25118448867533,-5.701401117219111,0.15907313403955214
SN000164,0.46216305578213723,41.08737365160028,0.06782754991856979,-6.047355957900652,6.115183507819221,-6.639476133179146,-0.07364282662663157
SN000165,0.1063581102862956,37.688857277420226,-0.05239474703525336,-1.6869920215857253,1.634597274550472,-1.7747414411784115,0.056886873795313875
SN000166,0.19605138760854757,39.26450376723398,-0.19708781620580962,-2.946788323230227,2.749700507024418,-2.9854493927181953,0.21398537757136182
SN000167,0.7063808103568489,42.42714714784639,-0.12853201519102284,-8.307353018719564,8.17882100352854,-8.880042075767152,0.13955186236341888
SN000168,0.0968074199024353,37.38228362876948,0.03270464574386717,-1.544721355876408,1.577426001620275,-1.7126685202859881,-0.0355086179479045
SN000169,0.22662004816282444,39.363559356984766,0.02912231449833519,-3.3474543432647392,3.3765766577630743,-3.6660715254745693,-0.03161915121719261
SN000170,0.3079910279832482,40.27445263577685,-0.1244643330821179,-4.3521810143613315,4.2277166812792135,-4.590185064324728,0.1351354326283314
SN000171,0.35581500005241207,40.82947938267673,-0.30596374071745924,-4.904910995095081,4.598947254377622,-4.993243537850779,0.3321959106401806
SN000172,0.5079895750157994,41.40980185114495,-0.003171048726180385,-6.506851533523967,6.503680484797787,-7.06128136652386,0.0034429224090644084
SN000173,0.3537209617480432,40.758408654579036,-0.2540888816130993,-4.881248618167528,4.627159736554429,-5.023874851176231,0.2758734979938424
SN000174,0.5170294414094744,41.39041050899528,0.05716271904862068,-6.595364946066272,6.652527665114893,-7.222890139170304,-0.06206363363349965
SN000175,0.22496432232374897,39.50918562904,-0.12115819462756831,-3.326095771083721,3.2049375764561527,-3.4797167607482202,0.13154583841028256
SN000176,0.07792263728524806,37.08819861361625,-0.14854182053251,-1.2583809294985633,1.1098391089660533,-1.2049925020609467,0.161277232472834
SN000177,0.4664081806756027,41.099797367830526,0.07811702717474579,-6.0906998412163205,6.168816868391066,-6.697707814534845,-0.08481448461169805
SN000178,0.2591892192820728,39.59328282479866,0.11514875557382835,-3.7599360840157976,3.875084839589626,-4.207319906851805,-0.12502117285934844
SN000179,0.17092531195048744,38.89097472559938,-0.1503699627672899,-2.6070422309748102,2.4566722682075204,-2.6672980248181783,0.1632621126845777
SN000180,0.584194445409221,41.665926092357346,0.10034045321458998,-7.232440312423876,7.332780765638466,-7.961465558807718,-0.10894326285691847
SN000181,0.17841079398516435,38.68518779983341,0.13177512730400395,-2.709274808463488,2.841049935767492,-3.0846307747885238,-0.1430730266005682
SN000182,0.22980199006801327,39.31447269076507,0.10507526991667357,-3.3883930204041337,3.4934682903208074,-3.7929850029757843,-0.11408402477326263
SN000183,0.31490960180938604,40.097968509814265,0.08849984041536735,-4.433776829036769,4.522276669452136,-4.909999507957195,-0.09608748085427976
SN000184,0.29557392541598676,40.15195717698502,-0.10473434424007666,-4.204297788173397,4.09956344393332,-4.4510444547813295,0.1137138694230515
SN000185,0.21279429743594697,39.31157812588896,-0.06135623536149012,-3.167912329337793,3.1065560939763026,-3.3729004233420694,0.06661668611963023
SN000186,0.42077589190931425,41.00679341172295,-0.07949439443943503,-5.61603400587934,5.536539611439904,-6.01122150521781,0.08630994211821985
SN000187,0.18189888232642526,38.92789157474516,-0.04983901919384342,-2.7566155906261,2.7067765714322567,-2.93884532179508,0.05411202754839195
SN000188,0.49262563344846333,41.2126193051959,0.10472829911272019,-6.354834456573597,6.459562755686317,-7.0133811507558255,-0.1137073060094167
SN000189,0.63496437765758,42.070894053773344,-0.06706712844634614,-7.691478604338987,7.624411475892641,-8.278099579350004,0.07281720950335568
SN000190,0.3420109249947964,40.5588683018123,-0.14761184810702593,-4.748034761876908,4.600422913769882,-4.9948457146788465,0.16026752774105546
SN000191,0.3460780394488908,40.498410356225946,-0.06481462084165147,-4.79447495388653,4.729660333044879,-5.1351634597952165,0.07037158044544611
SN000192,0.17796620110182476,38.88094970051622,-0.0539266128201275,-2.7032272108161015,2.649300597995974,-2.876441576531591,0.0585500759387827
SN000193,0.7377080252719569,42.25487090341083,0.13994520638007826,-8.567296004752256,8.707241211132335,-9.453767026488398,-0.15194357724919882
SN000194,0.16314526382239714,38.64237237179965,-0.021750493859889874,-2.4998507702897887,2.478100276429899,-2.69056318914107,0.023615298655052186
SN000195,0.321116499474106,40.10316206895854,0.12810848876684205,-4.506498800375633,4.634607289142475,-5.031960928657913,-0.13909202439101165
SN000196,0.5385942055397737,41.52919721212167,0.028122751046955597,-6.803799091934284,6.83192184298124,-7.417664893002616,-0.030533888989076274
SN000197,0.19866530532141147,38.82588879611959,0.23576008613150318,-2.9815825522850705,3.2173426384165738,-3.4931853856409174,-0.25597326114986885
SN000198,0.29752964972977985,39.794652930670914,0.23924802525413624,-4.227713766386428,4.466961791640564,-4.8499421424554,-0.2597602429353003
SN000199,0.18282291100865233,38.84790361248954,0.034813519966304766,-2.769125195562533,2.803938715528838,-3.0443377793726647,-0.03779829904248544
SN000200,0.4186892917695534,40.804615557692586,0.09505109520181856,-5.593856486156462,5.688907581358281,-6.176652926603689,-0.10320041536252944
SN000201,0.4909563481804822,41.30897154140843,0.007856179383645284,-6.338196203854385,6.34605238323803,-6.89013882977314,-0.0085297383878995
SN000202,0.17203514535458458,38.71405938593683,0.026541478499758315,-2.6222551249954824,2.648796603495241,-2.8758943714551464,-0.028817044134996195
SN000203,0.1024460761746406,37.545963583297365,0.0005468047621577029,-1.628919458064665,1.6294662628268228,-1.7691705159830071,-0.0005936857272104135
SN000204,0.06641517072612049,36.65585102786871,-0.08102369381409945,-1.080522730608367,0.9994990367942674,-1.0851922908684137,0.08797035781720552
SN000205,0.20128737525081047,39.03336798129499,0.07327259767430144,-3.0163833154001214,3.0896559130744228,-3.354551285069937,-0.07955471211166554
SN000206,0.30340774550923333,40.05435676777439,0.04428972600476513,-4.297812571224911,4.342102297229676,-4.714377668865704,-0.04808695902219284
SN000207,0.5532074319184297,41.82091963610493,-0.17554246693008788,-6.942919197517487,6.767376730587399,-7.34758592763644,0.19059281181855425
SN000208,0.3417466786559287,40.38005265738664,0.015311928289934752,-4.745011075582603,4.7603230038725375,-5.168455031647387,-0.016624714909042382
SN000209,0.28795653544795147,39.933050445142484,0.03801973056190177,-4.112646748842363,4.150666479404265,-4.506528870565173,-0.04127939796620694
SN000210,0.43338040531814004,40.986560569970976,0.008558354530968792,-5.749105778497084,5.757664133028053,-6.251304404065883,-0.009292115367422582
SN000211,0.40114041821662644,40.75476452443754,0.04076651093358457,-5.405639040838262,5.446405551771847,-5.913359693354371,-0.04426167686226279
SN000212,0.25974192887925973,39.604037881078526,0.10999259291860002,-3.766813214819023,3.876805807737623,-4.209188424277321,-0.11942294038694712
SN000213,0.13620441169446523,38.04311151085191,0.14415536248655192,-2.121067111510393,2.265222473996945,-2.4594340518502635,-0.15651469616168612
SN000214,0.4549836333021912,40.983414290685424,0.12642470803319,-5.973679510871721,6.100104218904911,-6.623104003262871,-0.1372638826876127
SN000215,0.34227418541722654,40.51433985177547,-0.10483593366964623,-4.751046388352848,4.646210454683202,-5.044558905575283,0.1138241687447561
SN000216,0.13252542606538492,38.035311371273245,0.0931276483808108,-2.0684000197730006,2.1615276681538114,-2.3468488469010085,-0.1011120595110313
SN000217,0.3538885451115335,40.44278518183118,0.03770079449467825,-4.883144058039576,4.9208448525342545,-5.342739414394118,-0.04093311753101858
SN000218,0.21383648185211163,39.35101161638915,-0.08696276154700282,-3.181541322730854,3.094578561183851,-3.3598959823456274,0.09441861867733081
SN000219,0.5474273592651544,41.5334677894087,0.06367112313465191,-6.888093871355813,6.951764994490465,-7.547782941488496,-0.06913004358489871
SN000220,0.18690740747489937,39.02339966818586,-0.07889469511784881,-2.8242648025646417,2.745370107446793,-2.980747721115699,0.08565882685280712
SN000221,0.4650565585320759,40.92274781942555,0.23428507143491686,-6.076917075682109,6.311202147117026,-6.852300666672197,-0.2543717842912372
SN000222,0.5839347849110481,41.72461153073122,0.045199046473511674,-7.230044445279068,7.27524349175258,-7.898995257426727,-0.049074241176832345
SN000223,0.24368676821254753,39.569077246969414,0.0003222918415334962,-3.565394902818989,3.565717194660522,-3.8714282541715193,-0.00034992392085086976
SN000224,0.3019970662171992,40.07936469935464,0.010710746123387672,-4.281027769106803,4.291738515230191,-4.659695887340316,-0.011629044846131364
SN000225,0.37584663038108207,40.36787147349927,0.24566753418184709,-5.12887034850157,5.374537882683417,-5.835330363073486,-0.2667301361948873
SN000226,0.3427657889441111,40.56741661505052,-0.15043120677163013,-4.756668118384577,4.606236911612947,-5.001158182631448,0.16332860751741407
SN000227,0.12455258820225978,37.859128934524364,0.12381328960635726,-1.9534651104687404,2.0772784000750977,-2.2553763663235755,-0.13442857115582285
SN000228,0.24396950711252363,39.610275888077524,-0.03505187840928817,-3.5689718515810718,3.5339199731717836,-3.836904859590483,0.03805709343374275
SN000229,0.4941960616268736,41.31109048064619,0.021658263380360067,-6.3704654371323155,6.392123700512675,-6.940160126939122,-0.023515160684240755
SN000230,0.2632216880357684,39.89309547021156,-0.12654578853287934,-3.810018513026588,3.6834727244937087,-3.999279696221886,0.1373953441698177
SN000231,0.586060547074292,42.08218246681733,-0.2752236645907786,-7.249643915196266,6.974420250605488,-7.572380573280644,0.29882029705241564
SN000232,0.48544561303936096,41.07035356695767,0.20062603823911257,-6.283097693577489,6.483723731816602,-7.039613597282774,-0.2178269533333932
SN000233,0.2672957345491095,39.682255423451814,0.10196018925517131,-3.8604021794239416,3.9623623686791127,-4.302080280046091,-0.11070186891833345
SN000234,0.23445440571078247,39.49324692598667,-0.015327069059123656,-3.4479970770716863,3.4326700080125625,-3.726974106686617,0.016641153790317276
SN000235,0.15834634551284044,38.3753818854347,0.16000232298347336,-2.433249965928111,2.593252288911584,-2.815587898143195,-0.17372031490855733
SN000236,0.162920703168627,38.72472201881795,-0.1005597451355646,-2.496742510373525,2.3961827652379606,-2.601622381436303,0.10918135603493084
SN000237,0.26308530932807217,39.86779553922908,-0.10440070742819765,-3.808328188678211,3.7039274812500134,-4.021488166191727,0.11335162785715625
SN000238,0.21610331326406373,39.354825633622696,-0.06733882080715882,-3.211131489946882,3.143792669139723,-3.4133295211381927,0.07311219573605854
SN000239,0.27619675209217204,39.89427555301408,-0.01996564628850163,-3.9697368973513685,3.9497712510628666,-4.288409647791766,0.02167742502681591
SN000240,0.466046181921604,41.36476110182438,-0.167770041010989,-6.087010081031963,5.9192400400209735,-6.426733216104729,0.1821540075993866
SN000241,0.3398279914612369,40.192336477338436,0.1753052177769022,-4.7230326433168495,4.898337861093752,-5.318302758926983,-0.19033522182339624
SN000242,0.4404643676654678,41.025139566315275,0.011266999321087878,-5.823228145666844,5.834495144987932,-6.334722615398929,-0.01223298908189463
SN000243,0.2764908168922493,39.75054439603244,0.11480226099848352,-3.9733317427428907,4.0881340037413745,-4.438635097764816,-0.1246449711541402
SN000244,0.3402806339361759,40.502455573566294,-0.1072759825798693,-4.7282213609373205,4.620945378357451,-5.0171276974924375,0.1164734181879652
SN000245,0.26309638734012636,39.466389981427355,0.26540147853609064,-3.8084655023929828,4.073866980929074,-4.423144874563391,-0.28815599404296677
SN000246,0.26688832897508513,39.771697844133286,0.016170591171925063,-3.855373483592563,3.871544074764488,-4.203475570288619,-0.01755699628770202
SN000247,0.6213198563759377,41.95885235782272,-0.017702099421080832,-7.569916890454014,7.552214791032933,-8.199713024734306,0.019219810241693835
SN000248,0.22679655575264368,39.24357762602083,0.14134524331155154,-3.349728990390396,3.491074233701948,-3.7903856890284477,-0.15346364803369283
SN000249,0.3656257707218473,40.453160709773954,0.10334903900006212,-5.015136310550668,5.11848534955073,-5.557324857531297,-0.11220979336933112
SN000250,0.195911120447187,39.04133681887793,0.006897355714698458,-2.9449183267531986,2.951815682467897,-3.204893156228222,-0.0074887088165453974
SN000251,0.61011484037822,42.00357103416878,-0.10385461441108505,-7.4691096051275405,7.365254990716456,-7.996724000696356,0.1127587148973106
SN000252,0.17921057905718218,38.67487959025938,0.15094910948228657,-2.7201462123094413,2.871095321791728,-3.117252138180971,-0.16389091324091964
SN000253,0.18802770828158405,38.8136607699818,0.12725823811048295,-2.839344072331243,2.9666023104417256,-3.220947533565697,-0.13816887647028153
SN000254,0.49615088218042536,41.48890992197478,-0.13265710484354362,-6.389892773818058,6.2572356689745146,-6.793707307509584,0.1440306215470244
SN000255,0.3797021434802911,40.600353131106544,0.05519887510368212,-5.171486038661341,5.226684913765022,-5.6748010417378065,-0.05993141716199091
SN000256,0.2631589270580245,39.62533329177762,0.11953990459271922,-3.809240662106082,3.928780566698801,-4.265619301815049,-0.1297888023296423
SN000257,0.41164676696216806,40.95336870660767,-0.08171449091005793,-5.518689741638368,5.43697525072831,-5.903120874089634,0.08872038123443104
SN000258,0.29010154623373163,39.90474558620762,0.0808065776125319,-4.1385275318702694,4.219334109482801,-4.581083802636378,-0.08773462689652689
SN000259,0.23224970241982346,39.596446740199106,-0.13124803663664322,-3.419789105851378,3.2885410692147348,-3.570488099680447,0.1425007451798237
SN000260,0.2568823351739019,39.584269910944165,0.10352622746949097,-3.7311891348086226,3.8347153622781134,-4.163489303767534,-0.11240217330564661
SN000261,0.5696064741671473,41.6552444606735,0.048280151064672566,-7.097053278807158,7.1453334298718305,-7.757947199880428,-0.05241950798210837
SN000262,0.46042642839514764,41.27003386067512,-0.10934923959268794,-6.029577474599723,5.920228235007035,-6.427806135178457,0.11872442838855335
SN000263,0.3706524945553466,40.54715866146513,0.048328272718435546,-5.071210736584518,5.119539009302954,-5.558468854071783,-0.05247175540382898
SN000264,0.316116426261979,40.301095723303455,-0.08989492712038737,-4.447951774562415,4.358056847442027,-4.731700101661884,0.09760217699869855
SN000265,0.24445808054637602,39.55498073005998,0.02031344717788311,-3.5751502762117147,3.5954637233895976,-3.9037251373785544,-0.022055045044467647
SN000266,0.23793744659968785,39.79736689355496,-0.2628234163873988,-3.4924240922451064,3.2296006758577076,-3.506494380690037,0.28535689863002034
SN000267,0.4490938140249625,41.300030866878124,-0.1960532392503193,-5.912884106520335,5.716830867270016,-6.206970249073872,0.21286209991418303
SN000268,0.1398400095114979,38.05431359683758,0.1899231497825698,-2.1728870783848295,2.3628102281673993,-2.565388609694162,-0.20620643984064202
SN000269,0.11492006538445047,37.8814959543308,-0.06685836633231736,-1.8131234699410785,1.746265103608761,-1.8959832460937378,0.07259054891797945
SN000270,0.40470259363203465,40.67874736507068,0.13142762207929362,-5.444092438736069,5.5755200608153626,-6.053543990382487,-0.14269572759675953
SN000271,0.22242258642793838,39.368088850530064,-0.016214722711060874,-3.293232724243363,3.2770180015323023,-3.5579770879077515,0.01760491149751431
SN000272,0.49537933327984157,41.32631521423,0.013367309852844123,-6.382228909503373,6.395596219356217,-6.94393036636926,-0.01451337226745153
SN000273,0.46974573865055225,41.021236424805224,0.1674396954800816,-6.124663205190059,6.29210290067014,-6.831563923321215,-0.18179533949640359
SN000274,0.30946358698005033,40.29435916891297,-0.13198371902175737,-4.369595632791723,4.237611913769966,-4.600928676494436,0.14329950218054677
SN000275,0.469652270953842,41.20953029932089,-0.006459053273655346,-6.123713427755554,6.117254374481899,-6.641724548090042,0.00701282798766556
SN000276,0.478924492637914,41.18645934683021,0.06138570279843494,-6.217554480011799,6.278940182810234,-6.8172726839876985,-0.06664867998277657
SN000277,0.5385873855142972,41.46705192769992,0.08532997472704974,-6.803733768262425,6.8890637429894745,-7.479705922650226,-0.09264584291225475
SN000278,0.23855640169580128,39.5272906034569,-0.008324973727995769,-3.5003015811353997,3.491976607407404,-3.7913654288306833,0.00903872538014383
SN000279,0.10343271128076328,37.62440607486513,-0.05159367148080287,-1.6435920276612923,1.5919983561804893,-1.7284902532205852,0.056017117063106525
SN000280,0.062442070305642076,36.40788308830921,0.020141606564454274,-1.0185049445801142,1.0386465511445684,-1.127696164524824,-0.021868471469019823
SN000281,0.4701045776871418,40.756622234373225,0.412976156211605,-6.12830884227548,6.541284998487085,-7.102109948498653,-0.44838316450078963
SN000282,0.2935123821806363,40.008951865373746,0.01118320603056997,-4.179564173824707,4.190747379855277,-4.550046155304143,-0.012142011672665376
SN000283,0.1640763529322165,38.40762303592676,0.20670410170035095,-2.5127298395638418,2.719433941264193,-2.9525878864786264,-0.22442612688807628
SN000284,0.32612212492430737,40.23279618175846,0.04395542018810014,-4.564818994452406,4.608774414640505,-5.003913241538152,-0.0477239910935765
SN000285,0.2860051741086919,39.73272689321648,0.20721874823728564,-4.089052845821189,4.296271594058474,-4.664617615143206,-0.22498489726587678
SN000286,0.3094592144356908,39.9230772675753,0.20994750380870347,-4.369543960954932,4.5794914647636356,-4.972119682674716,-0.227947605983708
SN000287,0.2694811081047268,39.984524995099186,-0.15822832206771043,-3.8873401465774915,3.729111824509781,-4.048831719461913,0.1717942178870473
SN000288,0.4278704657127382,40.89373808431599,0.06392650454422066,-5.691122870957127,5.755049375501348,-6.248465467152476,-0.06940732042729536
SN000289,0.1666694532088019,38.60086685415611,0.062476314537967294,-2.548525308361196,2.6110016228991633,-2.834858992663854,-0.06783279663372355
SN000290,0.28209684242089345,39.982391535931285,-0.05367212122784996,-4.041654346805811,3.987982225577961,-4.329896686241893,0.05827376520324634
SN000291,0.2106022796145176,39.15420600949726,0.06089756623370868,-3.139195403499949,3.2000929697336575,-3.474456795831793,-0.06611869244159863
SN000292,0.3948636341698531,41.054923665331934,-0.27246741042085876,-5.337570076135764,5.065102665714905,-5.499365344983585,0.29582773211061664
SN000293,0.2014220003380804,39.063483266322486,0.04699489977602213,-3.0181673465712633,3.0651622463472856,-3.3279576243170044,-0.05102406412580507
SN000294,0.1431118380413353,38.36167148922223,-0.04385339614422423,-2.2193314926509804,2.1754780965067564,-2.361995332035685,0.04761321989538203
SN000295,0.3595807217327391,40.6512746539509,-0.11758119795621223,-4.947342741637618,4.829761543681406,-5.243846968323414,0.12766216361989535
SN000296,0.3411852649794769,40.61586525976399,-0.20564730144722645,-4.738584398952263,4.5329370975050365,-4.921573920652449,0.223278720592063
SN000297,0.12287657446765758,37.84498074811886,0.10817061138547203,-1.9291636265831995,2.0373342379686714,-2.212007543355901,-0.11744474907202829
SN000298,0.49921897993636494,41.27327781538572,0.08073367562808874,-6.420318033790814,6.501051709418903,-7.058427209920828,-0.08765547457262102
SN000299,0.34991604607094606,40.62923029995151,-0.15997714567248283,-4.838130296188317,4.6781531505158345,-5.079240246918348,0.17369297899048064
SN000300,0.245994159844937,39.70133302928328,-0.10058579343403731,-3.5945542818707015,3.493968488436664,-3.793528086179722,0.10920963761565616
SN000301,0.08673929172153155,37.32581604660229,-0.1445465529070699,-1.392906804949589,1.248360252042519,-1.3553899222235464,0.15693942576419317
SN000302,0.44602365532744476,40.84194215764969,0.2096336691204165,-5.881066234414739,6.090699903535155,-6.612893397584964,-0.22760686430031996
SN000303,0.3400008776340613,40.5991365063375,-0.19820645039173218,-4.72501473895306,4.5268082885613286,-4.91491965089022,0.21519991920690273
SN000304,0.3923889904627006,40.60936875793154,0.12326252033353659,-5.310623592781113,5.433886113114649,-5.899766885541003,-0.13383058101585732
SN000305,0.35366975352008506,40.49333398485002,-0.010279162651453047,-4.880669369649805,4.870390206998352,-5.287958979037551,0.011160459045278515
SN000306,0.10737242997063662,37.626024621480255,0.025422430435988203,-1.7020036697442187,1.727426100180207,-1.875529058009794,-0.027602053137300686
SN000307,0.25679183830794,39.55120787201896,0.13319259021101068,-3.730059990232248,3.8632525804432585,-4.194473194712513,-0.14461201739760554
SN000308,0.4522214903963849,40.870519311675054,0.21597459678081526,-5.945208197831937,6.161182794612752,-6.6894192242439345,-0.23449143903297198
SN000309,0.13146591635261606,37.84976360834085,0.2469757498528859,-2.053189511553812,2.300165261406698,-2.497372701236199,-0.26815051331256257
SN000310,0.2790849952500096,39.90183985417658,-0.0035906614594879414,-4.004997234262127,4.001406572802639,-4.344471986048971,0.0038985111456000254
SN000311,0.15148030102588445,38.20955208431277,0.21770654561433678,-2.33731165322948,2.5550181988438165,-2.7740757623006367,-0.23637187858631847
SN000312,0.4242975604633807,40.75045137409361,0.17618203800140825,-5.653368162107896,5.8295502001093045,-6.32935370971367,-0.19128721728619524
SN000313,0.29293650170232244,39.96893168253155,0.04361299421289705,-4.17264565969151,4.216258653904407,-4.57774466916879,-0.04735220681484975
SN000314,0.41487707276586144,40.4679634839183,0.3836706622213788,-5.553228192377764,5.936898854599143,-6.445906030425359,-0.41656512867727713
SN000315,0.39783851565483114,40.87504511482072,-0.08929888365052487,-5.369881117899259,5.280582234248734,-5.733319313926424,0.09695503102385317
SN000316,0.6025613141455888,41.46585608159873,0.36068732815310356,-7.40064672486923,7.761334053022333,-8.426761378588498,-0.39161129077330514
SN000317,0.5840686832074055,41.73348686998874,0.03758674775828935,-7.231279977175234,7.268866724933523,-7.8920717708219765,-0.04080929286028834
SN000318,0.13402221828566158,38.1578867618066,0.004096968403232544,-2.0898554601814086,2.093952428584641,-2.273479962755556,-0.004448226925141796
SN000319,0.3773923535027786,40.70676572582359,-0.05695641361237327,-5.1459742602539436,5.08901784664157,-5.525330922759006,0.061839640352133074
SN000320,0.6290871986064567,41.93532900641355,0.03472895176891222,-7.639276752338172,7.674005704107084,-8.331945828469461,-0.0377064802888043
SN000321,0.34842442769988696,40.7301471910521,-0.2627387499282482,-4.821183302515745,4.558444552587497,-4.949268288126718,0.2852649731899959
SN000322,0.6655490432299791,42.12446008000764,0.000764384500200705,-7.959333058686479,7.9600974431866796,-8.642565987470395,-0.0008299199262253865
SN000323,0.2651768235717898,39.91842768167478,-0.13335008823825026,-3.8342245238656067,3.7008744356273566,-4.01817336402443,0.14478301870796173
SN000324,0.48056537064784666,41.12942435063976,0.12208093391567736,-6.234081955967188,6.3561628898828655,-6.901116172885886,-0.13254768986293186
SN000325,0.619640758164786,41.91949635586574,0.011852342146668936,-7.554867384675079,7.566719726821748,-8.215461558667913,-0.012868516979814615
SN000326,0.17942026923628435,39.064683244480015,-0.20554210112413016,-2.722994872368983,2.517452771244853,-2.7332896175092216,0.22316450079252093
SN000327,0.2743310522773031,39.80672872566797,0.04547220687764545,-3.946903714978556,3.9923759218562016,-4.33466708136389,-0.04937082131731074
SN000328,0.6244283836943916,41.95065690068991,0.0021977756152715914,-7.597725771610529,7.5999235472258,-8.25151214861688,-0.0023862045554352562
SN000329,0.32744628266854064,40.421310652237594,-0.12043045323916673,-4.580198169759184,4.459767716520017,-4.842131274637272,0.13075570323719177
SN000330,0.4304011601000655,40.84535879461445,0.12236350363147794,-5.717790282486944,5.840153786118422,-6.340866406944035,-0.13285448603375016
SN000331,0.47823253969857793,40.90121650791141,0.3206540184043735,-6.2105777824332105,6.531231800837584,-7.091194827837001,-0.34814567698280285
SN000332,0.22556177308962583,39.411040019483316,-0.02492130158669782,-3.3338072220895953,3.3088859205028975,-3.5925772413044252,0.027057959402377207
SN000333,0.43968328711512783,41.15913955123688,-0.11634152982499427,-5.815078650417367,5.698737120592373,-6.1873252132262335,0.12631621104794277
SN000334,0.382247632410434,40.45528558957419,0.20431228633822202,-5.199536462818958,5.403848749157181,-5.867154231996882,-0.2218292463543179
SN000335,0.21683823713989575,39.3794967262462,-0.08260853082133941,-3.2207090248415655,3.138100494020226,-3.407149320527131,0.08969107273460963
SN000336,0.24499911553067394,39.67165475141973,-0.08224373649241004,-3.5819883545225077,3.4997446180300975,-3.7997994392026873,0.08929500232439835
SN000337,0.6281282016496073,41.596499642863826,0.34302148838514857,-7.630736049973395,7.9737575383585435,-8.65739724735893,-0.37243084894977585
SN000338,0.1845758320086044,38.75849400630491,0.13785308604937668,-2.792820419823731,2.930673505873108,-3.1819383296518695,-0.14967208646144314
SN000339,0.4641424896214395,41.08946057790482,0.07606031854599347,-6.067586785181149,6.143647103727142,-6.670380089773981,-0.08258144159082548
SN000340,0.3428247063676672,40.36043099971009,0.040603633884981984,-4.7573416867548275,4.797945320639809,-5.209302943068493,-0.04408483535367225
SN000341,0.48225607886101973,41.13549481950612,0.12487650597269392,-6.251086567731564,6.375963073704257,-6.922613949321637,-0.13558294365824253
SN000342,0.4561716305237581,40.98503221164617,0.1311174864019835,-5.985903458093558,6.1170209444955415,-6.641471104702577,-0.1423590020635146
SN000343,0.3142768599117983,40.424103476879345,-0.2164509110517108,-4.426338000276444,4.2098870892247335,-4.57082683071511,0.23500859068172275
SN000344,0.22597852473977809,39.36096419546005,0.025266538866074197,-3.3391833728151825,3.3644499116812567,-3.652905078207631,-0.027432796015823158
SN000345,0.577551339293281,41.61131177699257,0.12262105233635773,-7.170986290968113,7.293607343304471,-7.918933555915419,-0.13313411598712577
SN000346,0.5280229550440293,41.475048807995215,0.030004129130372956,-6.702095880015772,6.732100009146145,-7.309284713982504,-0.032576569289084034
SN000347,0.3557543843406555,40.559633546661864,-0.05781874590441922,-4.904226719326796,4.846407973422377,-5.261920599773148,0.06277590574213576
SN000348,0.329335627058741,40.29608738972162,0.008034018583914728,-4.602106648415153,4.610140666999068,-5.005396631188679,-0.008722824846259414
SN000349,0.16917691584826144,38.664318698032694,0.036213201921702486,-2.5830369369911756,2.619250138912878,-2.8438147051354714,-0.03931798441660561
SN000350,0.47218118803210557,41.0952896250877,0.11154786878379304,-6.149383623194262,6.260931491978055,-6.797719996350906,-0.1211115597021788
SN000351,0.5969803741337607,41.70343125690562,0.11896871906892238,-7.349797416588386,7.468766135657308,-8.109109798354606,-0.12916864552682483
SN000352,0.16762032228781415,38.583953448137166,0.09030948185893631,-2.56162439643008,2.6519338782890163,-2.8793006242830237,-0.09805227408719475
SN000353,0.1846553511745962,38.95076987079379,-0.038305273767807756,-2.793894209051374,2.755588935283566,-2.9918426724682736,0.04158942256287901
SN000354,0.22791143907155725,39.24825394295708,0.14784676527352766,-3.3640863682666238,3.5119331335401514,-3.8130329517742085,-0.16052258581384393
SN000355,0.2317039221103393,39.49571129241189,-0.04366179114896221,-3.4127957522085453,3.369133961059583,-3.6579907202025552,0.047405187415016314
SN000356,0.3112581875931826,40.36168883397611,-0.1808784703906181,-4.390783826735776,4.209905356345158,-4.570846663989112,0.19638630396436696
SN000357,0.2964996019611139,40.079939864641716,-0.03134382313566251,-4.215386778070067,4.184042954934404,-4.542766918435469,0.034031123573925015
SN000358,0.16021647065441386,38.513029810671966,0.05843836890787461,-2.4592482386257166,2.5176866075335913,-2.7335435020338914,-0.06344865287029222
SN000359,0.6084621547796129,41.65840471066908,0.20736357460542668,-7.454165260195067,7.661528834800493,-8.318399239741261,-0.2251421404971765
SN000360,0.18475206227587754,39.13789197749667,-0.2095153657730414,-2.795200019656514,2.585684653883473,-2.8073714428087793,0.22747841807293412
SN000361,0.30373938696184444,39.914438976164675,0.17563162774000818,-4.301755083946111,4.47738671168612,-4.861260855580569,-0.19068961693793085
SN000362,0.21088193174510278,39.34022111222743,-0.10752170561551216,-3.1428629052729953,3.0353411996574833,-3.2955798342621034,0.11674020858411183
SN000363,0.529873119878167,41.58609346461692,-0.06381294350472447,-6.719961073093817,6.656148129589092,-7.226821008527983,0.06928402309526405
SN000364,0.2544649860981172,39.62557539246519,0.044429337014013415,-3.700990296673975,3.7454196336879884,-4.06653769830698,-0.0482385397495122
SN000365,0.337545320168991,40.309592863071295,0.051876400850148156,-4.696830820186115,4.748707221036263,-5.155843355675435,-0.056324086575550325
SN000366,0.6241200499252516,41.64515277219249,0.2823546753428094,-7.59497045032701,7.877325125669819,-8.552697085590605,-0.30656269360241595
SN000367,0.26512068347579815,39.809384793433516,-0.033390906363097286,-3.8335301610965216,3.8001392547334243,-4.125948771986654,0.03625371594809934
SN000368,0.36350972317119506,40.62563688472142,-0.06890574650909541,-4.991450261547509,4.922544515038414,-5.344584799510754,0.07481346370080644
SN000369,0.19750425393245857,38.89474995786528,0.15955738544924533,-2.9661401959227147,3.12569758137196,-3.393683029220456,-0.17323723011879366
SN000370,0.3008364364551486,40.04312216201601,0.03538156211773431,-4.267200123565609,4.302581685683344,-4.671468710075668,-0.03841504297211884
SN000371,0.4177027924660771,40.886601896741126,0.014005107599178526,-5.583356636067557,5.597361743666736,-6.0772582962270665,-0.015205852371963147
SN000372,0.16586025004563237,38.73671290973851,-0.07312354634783504,-2.537366475137392,2.464242928789557,-2.6755177651060307,0.07939288169015413
SN000373,0.2691976497215432,39.79728481902627,0.011871595523030787,-3.883849576706676,3.8957211722297065,-4.229725520332573,-0.01288942106759805
SN000374,0.370561202727438,40.33653593023292,0.24174929608162193,-5.070194756085373,5.311944052166995,-5.767369975087312,-0.2624759632306066
SN000375,0.11878993983017573,37.7993639556592,0.07868408738374302,-1.8697026165041088,1.948386703887852,-2.1154339852803976,-0.08543016241087997
SN000376,0.40930969871088274,40.863408000091994,-0.012183790882938904,-5.493637482145774,5.481453691262835,-5.951412727309149,0.013228382872810585
SN000377,0.353462679807698,40.58926682067608,-0.09998387899366597,-4.878326735061112,4.778342856067446,-5.188019837579789,0.10855611731557957
SN000378,0.2373967341691921,39.40202966696622,0.09626217460518378,-3.4855381074297185,3.5818002820349024,-3.8888902444181723,-0.10451532811759279
SN000379,0.32281349548831995,40.567293217099,-0.2873688885391761,-4.526302962846838,4.238934074307662,-4.602364194058715,0.3120068064080854
SN000380,0.6207810822686215,41.622092375474736,0.2903191521638494,-7.5650901052691,7.8554092574329495,-8.528902233987125,-0.3152100144389749
SN000381,0.14226647543671342,38.20866826421924,0.08442967051185502,-2.207348581236026,2.291778251747881,-2.488266621199965,-0.09166835003051688
SN000382,0.3112569862204007,40.13727513014832,0.02580543018842923,-4.390769655370947,4.416575085559376,-4.795235471424548,-0.028017889834934806
SN000383,0.5293637292516945,41.457703072764204,0.052112622520604675,-6.715045172092502,6.767157794613107,-7.347348220922627,-0.05658056099551345
SN000384,0.20154244163259122,38.9210257131356,0.17950812609889177,-3.019763189392175,3.1992713154910666,-3.4735646960728186,-0.19489847155385576
SN000385,0.25372129267578697,39.72123510899136,-0.05019008971992347,-3.6916841085298016,3.641494018809878,-3.953701895632065,0.05449319752897708
SN000386,0.4899994612672529,41.343594708280136,-0.028703228737470464,-6.328647774120264,6.299944545382793,-6.840077880890592,0.031164134633726803
SN000387,0.31419728636331096,40.17995469701334,0.007843201123453908,-4.42540215957358,4.433245360697034,-4.813334992684783,-0.00851564742093558
SN000388,0.22578851155859542,39.42487213465621,-0.03544797874675404,-3.336732480545935,3.301284501799181,-3.584324105810275,0.038487153910850225
SN000389,0.15882778096205336,38.4846707766534,0.06586116448169578,-2.4399482310006837,2.5058093954823795,-2.720647982898301,-0.07150785076530042
SN000390,0.45175030273439387,40.8371377869607,0.24425081938948692,-5.940344324514365,6.184595143903852,-6.714838859507726,-0.26519195765300907
SN000391,0.6618645652797915,41.969642514137995,0.129487446541534,-7.927397672403698,8.056885118945232,-8.747651871215846,-0.14058920877182146
SN000392,0.3429092503413553,40.41154235945954,-0.0059063377146725765,-4.758308160580858,4.752401822866186,-5.159854718644349,0.006412724694342842
SN000393,0.4400485532791061,41.03736085861846,-0.0022189870361196914,-5.818890412733788,5.816671425697669,-6.315370758062044,0.0024092345630037926
SN000394,0.23625149559018715,39.48932663098773,0.005163056060086875,-3.470940218805373,3.47610327486546,-3.774131176999729,-0.005605716891636803
SN000395,0.18193103483334333,38.94740503054539,-0.06742861492069022,-2.757051095430776,2.6896224805100855,-2.920220504221166,0.07320968845608178
SN000396,0.14360042317723581,38.22760213650977,0.0869013371414497,-2.226251671017498,2.3131530081589475,-2.511473968103346,-0.09435192797636205
SN000397,0.39889807467705335,40.76888223027584,0.014683810945425606,-5.381367609461334,5.396051420406759,-5.858688389872148,-0.015942745167272676
SN000398,0.5320103678450862,41.586597571591085,-0.05453755535551559,-6.740563760380089,6.686026205024574,-7.2592607167567795,0.0592133983684775
SN000399,0.27463887011419186,39.832363179020675,0.024375549203462663,-3.950673965326345,3.975049514529808,-4.315855173631238,-0.026465416281062915
SN000400,0.43535433315066996,40.799215136705925,0.1918203565523027,-5.769807574366697,5.961627930919,-6.4727552838960545,-0.20826630591844975
SN000401,0.30166428243949095,39.92897917741305,0.14672668082003776,-4.277064677228945,4.423791358048983,-4.803070439729914,-0.15930646957030348
SN000402,0.41177120467663286,40.96945597647732,-0.09582372582965519,-5.5200221380260475,5.424198412196392,-5.889248597913182,0.10403928840807453
SN000403,0.2640651596926505,39.959123994655556,-0.18021648868229687,-3.820467407557075,3.640250918874778,-3.9523522170263945,0.19566756645674843
SN000404,0.09289601041207596,37.4958275256402,-0.15809334247193285,-1.4859684370986548,1.327875094626722,-1.4417220656328589,0.17164766565300482
SN000405,0.20614773119758367,39.194038053008846,-0.022580075891351088,-3.0806229184944653,3.0580428426031143,-3.320227829915667,0.02451600590142533
SN000406,0.23185916474135237,39.25784871272796,0.17689642078607629,-3.4147853734955445,3.591681794281621,-3.8996189600221953,-0.192062848539571
SN000407,0.2985638084377054,40.04704400247604,0.014626871488874585,-4.2400769432978835,4.254703814786758,-4.61948597223651,-0.015880923937814373
SN000408,0.3885740358419917,40.93342828940146,-0.19793902704786312,-5.268959567231175,5.071020540183311,-5.505790595549147,0.2149095680004649
SN000409,0.12670239838867337,38.11935221594079,-0.0796124664262196,-1.9845647288251573,1.9049522623989377,-2.068275639622435,0.08643813714903814
SN000410,0.15303460170492444,38.43088617197485,0.035711582903753945,-2.3590971122192514,2.394808695123005,-2.60013050376462,-0.03877335848782337
SN000411,0.28325031421520896,40.01420719646225,-0.07380362639124936,-4.0556630214383205,3.981859395047071,-4.3232489074589076,0.08013126921542124
SN000412,0.5681273839912232,41.48195206873336,0.2015366616982692,-7.083236263936552,7.2847729256348215,-7.909341708803526,-0.21881565019189964
SN000413,0.36876408217193507,40.46401949995459,0.1130927662241685,-5.0501766527419,5.163269418966069,-5.605948543091931,-0.12278891078582888
SN000414,0.15633594614196017,38.348887134198925,0.15698611247694097,-2.4052384583795257,2.5622245708564666,-2.781899981299727,-0.17044550596045127
SN000415,0.12468768856508991,38.060251061343315,-0.05913166388175534,-1.9554218714776477,1.8962902075958923,-2.0588709331151693,0.06420138832400824
SN000416,0.2620870819790268,39.839242141920906,-0.08658748823799746,-3.7959484328860214,3.709360944648024,-4.027387474120175,0.09401117085906208
SN000417,0.2773776484004543,39.84604608778044,0.03402556379521994,-3.984166321599858,4.018191885395078,-4.362696407638764,-0.036942786499771785
SN000418,0.4957068297987428,41.18682385292414,0.14342783478935658,-6.38548258548505,6.528910420274407,-7.088674420914538,-0.1557247930008714
SN000419,0.1538359622343638,38.471154615069075,0.009812845970523502,-2.3703137103616676,2.380126556332191,-2.584189574116149,-0.010654162141911172
SN000420,0.3832996515026746,40.591889698493176,0.08487509744296833,-5.211109624126443,5.295984721569412,-5.7500423520538115,-0.09215196617620336
SN000421,0.15899661297604506,38.43128002832641,0.11731711238388656,-2.4422963216545517,2.559613434038438,-2.7790649755208165,-0.12737543635286386
SN000422,0.544908280271967,41.61403764476836,-0.021739754720666065,-6.864117454675148,6.842377699954482,-7.429017195470237,0.02360363878278804
SN000423,0.4897731607139927,41.173042620717695,0.12727538310678777,-6.326388443591594,6.453663826698382,-7.006976469984328,-0.13818749141350395
SN000424,0.47351800909810626,40.96508582331658,0.23820552291256983,-6.162930187555645,6.401135710468215,-6.949944792425492,-0.25862836039951986
SN000425,0.4782083649905841,41.02370364272226,0.20771858561559922,-6.210333961670741,6.41805254728634,-6.968312014628916,-0.22552758880400603
SN000426,0.24738026660145013,39.35280629388862,0.23289090134817267,-3.6120364994436525,3.8449274007918253,-4.174576883706256,-0.2528580833524643
SN000427,0.5754304078984193,41.74302469725256,-0.007695485381157572,-7.151296162067312,7.143600676686154,-7.75606588701283,0.008355267091509688
SN000428,0.2793354960649546,39.90872223735454,-0.007915404207315128,-4.008050432074,4.000135027866684,-4.343091423676028,0.008594040923171065
SN000429,0.3845891873927853,40.68835805203153,0.0038236223266956424,-5.2252799878826,5.229103610209296,-5.6774271080356735,-0.0041514451934148155
SN000430,0.5842168776398737,41.83392048853066,-0.05429394703028236,-7.2326472692789014,7.178353322248619,-7.793798092511126,0.05894890399000019
SN000431,0.11272670181389115,37.937964397070225,-0.15948394514986947,-1.7809372062096662,1.6214532610597967,-1.760470509855756,0.17315749332687602
SN000432,0.5041098446542791,41.27230359529625,0.1050397613680823,-6.468653196030479,6.573692957398561,-7.137296442811157,-0.11404547185648539
SN000433,0.3938579550814999,40.79392501264055,-0.03801910966106488,-5.326626740776697,5.2886076311156325,-5.742032777862368,0.04127872383168807
SN000434,0.43153812260476193,40.7264383172725,0.23810501216426713,-5.7297511462257384,5.967856158390005,-6.479517495952794,-0.2585192322411203
SN000435,0.1875306343507101,39.14301805711345,-0.18183968569598244,-2.832655803831804,2.650816118135822,-2.8780870316164644,0.19742993022196487
SN000436,0.19110937422728358,38.79390637750636,0.1807807030694102,-2.880725126246751,3.061505829316161,-3.323987719966618,-0.1962801544440822
SN000437,0.3039466681631517,39.985095838275406,0.11209859331469617,-4.30421854457252,4.416317137887217,-4.794955408297951,-0.12170950126422753
SN000438,0.3031806001390182,39.9957878486588,0.09653860358305416,-4.295111530285495,4.391650133868549,-4.768173548971969,-0.10481545706691264
SN000439,0.24160021810609816,39.30771304591255,0.22198823190880806,-3.5389642931909417,3.76095252509975,-4.083402320877306,-0.24102066041363912
SN000440,0.5431781148744419,41.55977893190472,0.020513794266812265,-6.847620742593621,6.868134536860434,-7.45698232581908,-0.022272569132439912
SN000441,0.061948120389894584,36.440973808056704,-0.026699095124294258,-1.01077251346437,0.9840734183400757,-1.0684441384319128,0.028988174210731188
SN000442,0.26855655550632784,39.76254326089868,0.038535952139377695,-3.8759511821993815,3.914487134338759,-4.25010040481149,-0.041839878422550214
SN000443,0.13470435290803462,37.936280761014274,0.21899643892139714,-2.0996206695233917,2.318617108444789,-2.5174065396101133,-0.23777236245005895
SN000444,0.5665324069649106,41.96249515975327,-0.24792515318163955,-7.068317950641322,6.820392797459682,-7.405147390873556,0.2691813148795106
SN000445,0.37116095912769187,40.666899487188246,-0.05878644484650055,-5.076867782408742,5.018081337562242,-5.448312586612426,0.06382657151886661
SN000446,0.2599440879482699,40.10748059302336,-0.35196035692225,-3.7693275930124144,3.4173672360901644,-3.7103593331773133,0.38213610215007776
SN000447,0.16620558618560716,38.533106069113956,0.11888400214210298,-2.542129901790325,2.661013903932428,-2.8891591368642078,-0.1290766652922244
SN000448,0.36079985884907306,40.65772628402431,-0.11572087283584902,-4.961046817503972,4.845325944668122,-5.2607458019800655,0.12564234128409169
SN000449,0.14497608547927426,38.45369269254669,-0.10098427072309515,-2.245714726756894,2.144730456033799,-2.328611505563309,0.10964227883516031
SN000450,0.37071243788024405,40.53791458610341,0.05721637271224229,-5.071877793522869,5.129094166235111,-5.568843233895172,-0.06212188735861446
SN000451,0.6037117494236002,42.04404099816201,-0.16714193272032438,-7.411100497827562,7.243958565107238,-7.865028079904676,0.18147204768770564
SN000452,0.5715809783636416,41.62745560603082,0.08233173920930681,-7.115472248231727,7.197803987441034,-7.814916383917159,-0.08939055006025143
SN000453,0.18718020454504852,38.87768599268021,0.05847895912717384,-2.827938414855999,2.8864173739831727,-3.133887844976416,-0.06349272314093923
SN000454,0.5627992507583822,41.12694234369733,0.5055136265359644,-7.033324316814014,7.538837943349978,-8.185189296899386,-0.5488544463286757
SN000455,0.09664871852611512,37.47058693272971,-0.052058475979145646,-1.542343067634211,1.4902845916550653,-1.6180559365530893,0.05652177213509191
SN000456,0.26558337384749,39.56525530281222,0.19535652814671173,-3.839251676995544,4.034608205142256,-4.380520200337161,-0.2121056554447307
SN000457,0.19317604324482668,38.923323111895904,0.08498103048624268,-2.9083962994751023,2.993377329961345,-3.2500181416412537,-0.0922669815165662
SN000458,0.08778555346745884,37.03767877051293,0.14582015667461018,-1.4087720971680293,1.5545922538426395,-1.687877093633494,-0.15832222348512914
SN000459,0.44896074367432276,41.009024488500835,0.07127216329558986,-5.911506835025143,5.982778998320733,-6.495719763543396,-0.07738276808145628
SN000460,0.49680488578544235,41.39005040409079,-0.03844560958768258,-6.396385053850186,6.357939444262503,-6.903045042295581,0.04174179024334279
SN000461,0.48635643430437786,41.2703999746032,0.020858277690896643,-6.292222657561504,6.3130809352524,-6.8543405349718425,-0.0226465872579098
SN000462,0.32822625456183074,40.386483672573874,-0.08292518979583689,-4.58924754985413,4.5063223600582925,-4.892677336626387,0.09003488084778155
SN000463,0.35905477063719016,40.69184161471269,-0.15831809886479536,-4.94142565221021,4.783107553345415,-5.1931930419191925,0.17189169180598185
SN000464,0.6278847534588738,41.88117393056326,0.07986620303772249,-7.628566911717159,7.7084331147548815,-8.369324914645851,-0.08671362817461414
SN000465,0.26659612192297605,39.70148124771577,0.07839371297149202,-3.8517653861339975,3.9301590991054898,-4.267116024358423,-0.08511489239857184
SN000466,0.362154220452661,40.66701672814422,-0.11563714692063493,-4.976252053993679,4.860614907073044,-5.277345581996275,0.12555143702667237
SN000467,0.22946339783673392,39.56910905342408,-0.13270619768201472,-3.384043435124747,3.2513372374427325,-3.5300945525698535,0.14408392341915288
SN000468,0.5021517070199937,41.4621802455313,-0.07919146887398072,-6.449325810491029,6.370134341617049,-6.916285483866719,0.08598104486445379
SN000469,0.4888548441710828,41.139084188763526,0.15406096111229833,-6.317215636655638,6.471276597767936,-7.026099293200659,-0.16726956321945607
SN000470,0.3687458688799429,40.63164542885894,-0.04141058038242301,-5.049973598843799,5.008563018461376,-5.437978202956175,0.04496096638124669
SN000471,0.3267640000363611,40.285471383381314,-7.58845518038652e-05,-4.572276454331785,4.572200569779981,-4.964203694025874,8.239060527159836e-05
SN000472,0.3359842773206265,40.49548077282533,-0.1299395992490153,-4.678878374689127,4.548938775440112,-4.938947521723439,0.14108012733642283
SN000473,0.3608311354623406,40.42832857069495,0.09576209188579225,-4.961398179732026,5.057160271617818,-5.49074200015992,-0.10397237020378469
SN000474,0.11425894322371796,37.5399937008711,0.23551253952209955,-1.8034309571071807,2.03894349662928,-2.2137547737465444,-0.2557044908336721
SN000475,0.3661637662941738,40.65428445763248,-0.07849727343422093,-5.021150710837055,4.942653437402835,-5.366417784560476,0.08522733174233821
SN000476,0.5904933645891254,41.39016389948568,0.3806448784768013,-7.290406462180654,7.6710513406574545,-8.328738169110185,-0.4132799257180224
SN000477,0.2102999821103863,39.096666565154486,0.11074698362550714,-3.1352296439334797,3.2459766275589867,-3.5242743443394864,-0.12024200968996723
SN000478,0.35730458235582935,40.33638317145054,0.15781416799461548,-4.921713914785527,5.079528082780143,-5.515027542560049,-0.17134455581553
SN000479,0.29653852460146274,39.876913456290225,0.1559468369240336,-4.215852816062129,4.371799652986162,-4.746621163196103,-0.16931712686593414
SN000480,0.25019740223725145,39.50810878022132,0.11500453812622295,-3.64748797953564,3.762492517661863,-4.08507434655705,-0.12486459075513068
SN000481,0.4731669850056382,41.380743354871534,-0.14639622913548464,-6.159374655477695,6.01297842634221,-6.5285083759093006,0.15894768621246413
SN000482,0.2328989189261752,39.572077342529624,-0.10263852896889665,-3.428102461674114,3.3254639327052176,-3.6105765893554063,0.11143836690465037
SN000483,0.4504943718264369,41.03488736913706,0.05552391144921543,-5.927369858692393,5.982893770141609,-6.495844375464607,-0.06028432089019731
SN000484,0.34901782595026276,40.60171853206521,-0.1405430055778028,-4.827928133705985,4.687385128128182,-5.08926373925359,0.15259262948134023
SN000485,0.13471639066545887,38.0081790191137,0.15296569468752952,-2.099792926715949,2.252758621403479,-2.4459015958387686,-0.16608039280823306
SN000486,0.22232762258260008,39.15860494809298,0.17578753306262043,-3.2920031337074422,3.4677906667700626,-3.765105877434591,-0.19085888899120107
SN000487,0.3244094721808553,40.380806135118284,-0.10437067934304539,-4.544897688669488,4.440527009326443,-4.821240942232059,0.11331902527794568
SN000488,0.23165944084656015,39.52320942863479,-0.06941236004270286,-3.4122256095990533,3.3428132495563503,-3.6294133707885012,0.07536351235606986
SN000489,0.2919004246819605,39.92397412339273,0.0770302501704158,-4.1601881646652,4.237218414835616,-4.600501440454879,-0.08363453147159561
SN000490,0.2994787000613488,39.88513987829241,0.17066122345903068,-4.251003458482464,4.421664681941495,-4.80076143048422,-0.18529306905779208
SN000491,0.22751481697235437,39.61219177084642,-0.19119196679392028,-3.3589806948643894,3.167788728070469,-3.439382911090813,0.20758404040707035
SN000492,0.1673873990861013,38.4123680693328,0.24534942413182267,-2.558416994990039,2.8037664191218616,-3.0441507109256607,-0.26638475259647265
SN000493,0.39113575336604,40.62579436484155,0.10068806537973884,-5.296953166095976,5.397641231475715,-5.860414505308439,-0.10932067796983347
SN000494,0.056885517095516966,36.252957650884824,-0.02895933941883532,-0.9312364202262113,0.902277080807376,-0.9796348933560445,0.03144220327290981
SN000495,0.26414167715265774,40.021276583162305,-0.23681409561575997,-3.821414844850016,3.584600749234256,-3.891930813046748,0.2571176374070845
SN000496,0.3998454830486239,40.82830642446151,-0.03451368527118398,-5.391628679209866,5.357114993938682,-5.816413701971854,0.03747275765855562
SN000497,0.49655106948019617,41.3941963199265,-0.04348951823753896,-6.393865859840572,6.350376341603033,-6.894833507917891,0.04721814447798067
SN000498,0.271737561416184,39.73400102478443,0.09117724237176136,-3.9150897853893953,4.006267027761156,-4.349749157969029,-0.0989944330930328
SN000499,0.6243230927285467,42.00664568005424,-0.0497873046121774,-7.596784949186686,7.546997644574509,-8.194048579938869,0.05405587915476673
