A,Z,element,N_neutrons,beta,zeta,c2_over_c1,family,BE_per_A
208,90,Th,118,0.07543494219122775,1.117587517062865,0.10776420313032536,B,7.6525716
209,90,Th,119,0.07543494219122775,1.117587517062865,0.10776420313032536,B,7.656
210,90,Th,120,0.07868182863772291,1.1228560107490186,0.11240261233960416,B,7.6690764
211,90,Th,121,0.07868182863772291,1.1228560107490186,0.11240261233960416,B,7.6718506
211,91,Pa,120,0.07543494219122775,1.117587517062865,0.10776420313032536,B,7.6293948
212,90,Th,122,0.07868182863772291,1.1228560107490186,0.11240261233960416,B,7.6820628
212,91,Pa,121,0.07543494219122775,1.117587517062865,0.10776420313032536,B,7.6336289
213,90,Th,123,0.08204289329597189,1.1283285632549327,0.11720413327995985,B,7.683847
213,91,Pa,122,0.07868182863772291,1.1228560107490186,0.11240261233960416,B,7.6448027
214,90,Th,124,0.08204289329597189,1.1283285632549327,0.11720413327995985,B,7.6923173
214,91,Pa,123,0.07868182863772291,1.1228560107490186,0.11240261233960416,B,7.6477037
215,90,Th,125,0.08552426664825014,1.1340172640869979,0.12217752378321449,B,7.6930266
215,91,Pa,124,0.07868182863772291,1.1228560107490186,0.11240261233960416,B,7.657373300000001
215,92,U,123,0.07543494219122775,1.117587517062865,0.10776420313032536,B,7.6207821
216,90,Th,126,0.08552426664825014,1.1340172640869979,0.12217752378321449,B,7.697661699999999
216,91,Pa,125,0.08204289329597189,1.1283285632549327,0.11720413327995985,B,7.6592006
216,92,U,124,0.07868182863772291,1.1228560107490186,0.11240261233960416,B,7.6313072
217,90,Th,127,0.08552426664825014,1.1340172640869979,0.12217752378321449,B,7.6905945
217,91,Pa,126,0.08204289329597189,1.1283285632549327,0.11720413327995985,B,7.664643799999999
217,92,U,125,0.07868182863772291,1.1228560107490186,0.11240261233960416,B,7.634
218,90,Th,128,0.08913252605375302,1.1399351769848487,0.12733218007679004,B,7.6916026
218,91,Pa,127,0.08552426664825014,1.1340172640869979,0.12217752378321449,B,7.659193500000001
218,92,U,126,0.07868182863772291,1.1228560107490186,0.11240261233960416,B,7.6407191
219,90,Th,129,0.08913252605375302,1.1399351769848487,0.12733218007679004,B,7.683765500000001
219,91,Pa,128,0.08552426664825014,1.1340172640869979,0.12217752378321449,B,7.6613783
219,92,U,127,0.08204289329597189,1.1283285632549327,0.11720413327995985,B,7.636286699999999
219,93,Np,126,0.07868182863772291,1.1228560107490186,0.11240261233960416,B,7.604673200000001
220,90,Th,130,0.08913252605375302,1.1399351769848487,0.12733218007679004,B,7.6844964
220,91,Pa,129,0.08552426664825014,1.1340172640869979,0.12217752378321449,B,7.6555364
220,92,U,128,0.08204289329597189,1.1283285632549327,0.11720413327995985,B,7.64
220,93,Np,127,0.07868182863772291,1.1228560107490186,0.11240261233960416,B,7.6020758
221,90,Th,131,0.09287473722285293,1.1460964400748523,0.13267819603264705,B,7.676064
221,91,Pa,130,0.08913252605375302,1.1399351769848487,0.12733218007679004,B,7.6569809
221,92,U,129,0.08552426664825014,1.1340172640869979,0.12217752378321449,B,7.6346849
221,93,Np,128,0.07868182863772291,1.1228560107490186,0.11240261233960416,B,7.607
221,94,Pu,127,0.07543494219122775,1.117587517062865,0.10776420313032536,B,7.576
222,90,Th,132,0.09287473722285293,1.1460964400748523,0.13267819603264705,B,7.6766592
222,91,Pa,131,0.08913252605375302,1.1399351769848487,0.12733218007679004,B,7.6512373
222,92,U,130,0.08552426664825014,1.1340172640869979,0.12217752378321449,B,7.637765099999999
222,93,Np,129,0.08204289329597189,1.1283285632549327,0.11720413327995985,B,7.6027013
222,94,Pu,128,0.07868182863772291,1.1228560107490186,0.11240261233960416,B,7.582
223,90,Th,133,0.15215652670665522,1.247028271992333,0.2173664667237932,A,7.6686426
223,91,Pa,132,0.08913252605375302,1.1399351769848487,0.12733218007679004,B,7.6518957
223,92,U,131,0.08552426664825014,1.1340172640869979,0.12217752378321449,B,7.631761099999999
223,93,Np,130,0.08204289329597189,1.1283285632549327,0.11720413327995985,B,7.6075654
223,94,Pu,129,0.07868182863772291,1.1228560107490186,0.11240261233960416,B,7.58
223,95,Am,128,0.07543494219122775,1.117587517062865,0.10776420313032536,B,7.547
224,90,Th,134,0.15215652670665522,1.247028271992333,0.2173664667237932,A,7.6677162
224,91,Pa,133,0.09287473722285293,1.1460964400748523,0.13267819603264705,B,7.6469612
224,92,U,132,0.08913252605375302,1.1399351769848487,0.12733218007679004,B,7.6350742
224,93,Np,131,0.08552426664825014,1.1340172640869979,0.12217752378321449,B,7.6035032
224,94,Pu,130,0.07868182863772291,1.1228560107490186,0.11240261233960416,B,7.586
224,95,Am,129,0.07543494219122775,1.117587517062865,0.10776420313032536,B,7.546
225,90,Th,135,0.15215652670665522,1.247028271992333,0.2173664667237932,A,7.6592229
225,91,Pa,134,0.09287473722285293,1.1460964400748523,0.13267819603264705,B,7.6466504
225,92,U,133,0.08913252605375302,1.1399351769848487,0.12733218007679004,B,7.6297717
225,93,Np,132,0.08552426664825014,1.1340172640869979,0.12217752378321449,B,7.6074231
225,94,Pu,131,0.08204289329597189,1.1283285632549327,0.11720413327995985,B,7.583
225,95,Am,130,0.07868182863772291,1.1228560107490186,0.11240261233960416,B,7.553
226,90,Th,136,0.16094239811912225,1.2625405500423479,0.22991771159874608,A,7.657119499999999
226,91,Pa,135,0.15215652670665522,1.247028271992333,0.2173664667237932,A,7.6411093
226,92,U,134,0.08913252605375302,1.1399351769848487,0.12733218007679004,B,7.631916599999999
226,93,Np,133,0.08552426664825014,1.1340172640869979,0.12217752378321449,B,7.6041714
226,94,Pu,132,0.08204289329597189,1.1283285632549327,0.11720413327995985,B,7.588
226,95,Am,131,0.07868182863772291,1.1228560107490186,0.11240261233960416,B,7.552
227,90,Th,137,0.17025118531221628,1.27913861828286,0.24321597901745184,A,7.6474591
227,91,Pa,136,0.15215652670665522,1.247028271992333,0.2173664667237932,A,7.6394945
227,92,U,135,0.09287473722285293,1.1460964400748523,0.13267819603264705,B,7.6262918
227,93,Np,134,0.08913252605375302,1.1399351769848487,0.12733218007679004,B,7.6072771
227,94,Pu,133,0.08552426664825014,1.1340172640869979,0.12217752378321449,B,7.585
227,95,Am,132,0.07868182863772291,1.1228560107490186,0.11240261233960416,B,7.558
228,90,Th,138,0.17025118531221628,1.27913861828286,0.24321597901745184,A,7.6450807
228,91,Pa,137,0.15215652670665522,1.247028271992333,0.2173664667237932,A,7.6322076
228,92,U,136,0.09287473722285293,1.1460964400748523,0.13267819603264705,B,7.6274763
228,93,Np,135,0.08913252605375302,1.1399351769848487,0.12733218007679004,B,7.604
228,94,Pu,134,0.08552426664825014,1.1340172640869979,0.12217752378321449,B,7.5904039
228,95,Am,133,0.08204289329597189,1.1283285632549327,0.11720413327995985,B,7.557
229,90,Th,139,0.1801310043668122,1.2969406118776245,0.25733000623830316,A,7.634651
229,91,Pa,138,0.16094239811912225,1.2625405500423479,0.22991771159874608,A,7.629875200000001
229,92,U,137,0.15215652670665522,1.247028271992333,0.2173664667237932,A,7.6207218
229,93,Np,136,0.08913252605375302,1.1399351769848487,0.12733218007679004,B,7.605992100000001
229,94,Pu,135,0.08552426664825014,1.1340172640869979,0.12217752378321449,B,7.5868834
229,95,Am,134,0.08204289329597189,1.1283285632549327,0.11720413327995985,B,7.5625697
230,90,Th,140,0.19063606135364153,1.316082448558573,0.2723372305052022,A,7.6309974
230,91,Pa,139,0.17025118531221628,1.27913861828286,0.24321597901745184,A,7.6218958
230,92,U,138,0.15215652670665522,1.247028271992333,0.2173664667237932,A,7.6209227
230,93,Np,137,0.09287473722285293,1.1460964400748523,0.13267819603264705,B,7.6017751
230,94,Pu,136,0.08913252605375302,1.1399351769848487,0.12733218007679004,B,7.591001599999999
230,95,Am,135,0.08552426664825014,1.1340172640869979,0.12217752378321449,B,7.562
231,90,Th,141,0.19063606135364153,1.316082448558573,0.2723372305052022,A,7.6201188
231,91,Pa,140,0.17025118531221628,1.27913861828286,0.24321597901745184,A,7.6184267
231,92,U,139,0.15215652670665522,1.247028271992333,0.2173664667237932,A,7.613387899999999
231,93,Np,138,0.09287473722285293,1.1460964400748523,0.13267819603264705,B,7.602132099999999
231,94,Pu,137,0.08913252605375302,1.1399351769848487,0.12733218007679004,B,7.5871224
231,95,Am,136,0.08552426664825014,1.1340172640869979,0.12217752378321449,B,7.566
231,96,Cm,135,0.08204289329597189,1.1283285632549327,0.11720413327995985,B,7.542
232,90,Th,142,0.20182764731945055,1.336721305416443,0.28832521045635795,A,7.6150338
232,91,Pa,141,0.1801310043668122,1.2969406118776245,0.25733000623830316,A,7.6095072
232,92,U,140,0.16094239811912225,1.2625405500423479,0.22991771159874608,A,7.6118984
232,93,Np,139,0.15215652670665522,1.247028271992333,0.2173664667237932,A,7.597
232,94,Pu,138,0.08913252605375302,1.1399351769848487,0.12733218007679004,B,7.588983900000001
232,95,Am,137,0.08552426664825014,1.1340172640869979,0.12217752378321449,B,7.564
232,96,Cm,136,0.08204289329597189,1.1283285632549327,0.11720413327995985,B,7.548
233,90,Th,143,0.21377533493644793,1.3590399446121892,0.3053933356234971,A,7.602893699999999
233,91,Pa,142,0.19063606135364153,1.316082448558573,0.2723372305052022,A,7.6048675
233,92,U,141,0.17025118531221628,1.27913861828286,0.24321597901745184,A,7.6039574
233,93,Np,140,0.15215652670665522,1.247028271992333,0.2173664667237932,A,7.596181599999999
233,94,Pu,139,0.09287473722285293,1.1460964400748523,0.13267819603264705,B,7.5837968
233,95,Am,138,0.08913252605375302,1.1399351769848487,0.12733218007679004,B,7.567
233,96,Cm,137,0.08552426664825014,1.1340172640869979,0.12217752378321449,B,7.546002
233,97,Bk,136,0.07868182863772291,1.1228560107490186,0.11240261233960416,B,7.519
234,90,Th,144,0.17751211641396317,1.2922029573080285,0.2535887377342331,C,7.5968557
234,91,Pa,143,0.20182764731945055,1.336721305416443,0.28832521045635795,A,7.594683699999999
234,92,U,142,0.1801310043668122,1.2969406118776245,0.25733000623830316,A,7.600716
234,93,Np,141,0.15215652670665522,1.247028271992333,0.2173664667237932,A,7.5896382
234,94,Pu,140,0.09287473722285293,1.1460964400748523,0.13267819603264705,B,7.5846061
234,95,Am,139,0.08913252605375302,1.1399351769848487,0.12733218007679004,B,7.564
234,96,Cm,138,0.08552426664825014,1.1340172640869979,0.12217752378321449,B,7.5506868
234,97,Bk,137,0.08204289329597189,1.1283285632549327,0.11720413327995985,B,7.519
235,90,Th,145,0.1892661915215038,1.3135737411572468,0.27038027360214834,C,7.5843862
235,91,Pa,144,0.20182764731945055,1.336721305416443,0.28832521045635795,A,7.5884139
235,92,U,143,0.1801310043668122,1.2969406118776245,0.25733000623830316,A,7.5909151
235,93,Np,142,0.16094239811912225,1.2625405500423479,0.22991771159874608,A,7.5870571
235,94,Pu,141,0.15215652670665522,1.247028271992333,0.2173664667237932,A,7.5788799
235,95,Am,140,0.08913252605375302,1.1399351769848487,0.12733218007679004,B,7.5651582
235,96,Cm,139,0.08552426664825014,1.1340172640869979,0.12217752378321449,B,7.547
235,97,Bk,138,0.08204289329597189,1.1283285632549327,0.11720413327995985,B,7.524
236,90,Th,146,0.1892661915215038,1.3135737411572468,0.27038027360214834,C,7.576968799999999
236,91,Pa,145,0.21377533493644793,1.3590399446121892,0.3053933356234971,A,7.5775573
236,92,U,144,0.19063606135364153,1.316082448558573,0.2723372305052022,A,7.5864854
236,93,Np,143,0.17025118531221628,1.27913861828286,0.24321597901745184,A,7.5792148
236,94,Pu,142,0.15215652670665522,1.247028271992333,0.2173664667237932,A,7.5779192
236,95,Am,141,0.09287473722285293,1.1460964400748523,0.13267819603264705,B,7.561
236,96,Cm,140,0.08913252605375302,1.1399351769848487,0.12733218007679004,B,7.550309
236,97,Bk,139,0.08552426664825014,1.1340172640869979,0.12217752378321449,B,7.523
237,90,Th,147,0.1892661915215038,1.3135737411572468,0.27038027360214834,C,7.5634433
237,91,Pa,146,0.17751211641396317,1.2922029573080285,0.2535887377342331,C,7.5703847
237,92,U,145,0.20182764731945055,1.336721305416443,0.28832521045635795,A,7.5761026
237,93,Np,144,0.1801310043668122,1.2969406118776245,0.25733000623830316,A,7.5749895
237,94,Pu,143,0.16094239811912225,1.2625405500423479,0.22991771159874608,A,7.5707599
237,95,Am,142,0.15215652670665522,1.247028271992333,0.2173664667237932,A,7.561
237,96,Cm,141,0.08913252605375302,1.1399351769848487,0.12733218007679004,B,7.5466241
237,97,Bk,140,0.08552426664825014,1.1340172640869979,0.12217752378321449,B,7.527
237,98,Cf,139,0.08204289329597189,1.1283285632549327,0.11720413327995985,B,7.5033507
238,90,Th,148,0.20214279664605744,1.3373062047457753,0.2887754237800821,C,7.555
238,91,Pa,147,0.1892661915215038,1.3135737411572468,0.27038027360214834,C,7.5583449
238,92,U,146,0.20182764731945055,1.336721305416443,0.28832521045635795,A,7.5701262
238,93,Np,145,0.1801310043668122,1.2969406118776245,0.25733000623830316,A,7.566222
238,94,Pu,144,0.16094239811912225,1.2625405500423479,0.22991771159874608,A,7.5683611
238,95,Am,143,0.15215652670665522,1.247028271992333,0.2173664667237932,A,7.5555853
238,96,Cm,142,0.08913252605375302,1.1399351769848487,0.12733218007679004,B,7.5479966
238,97,Bk,141,0.08552426664825014,1.1340172640869979,0.12217752378321449,B,7.525
238,98,Cf,140,0.08204289329597189,1.1283285632549327,0.11720413327995985,B,7.509
239,90,Th,149,0.20214279664605744,1.3373062047457753,0.2887754237800821,C,7.54
239,91,Pa,148,0.1892661915215038,1.3135737411572468,0.27038027360214834,C,7.55
239,92,U,147,0.21377533493644793,1.3590399446121892,0.3053933356234971,A,7.5585624
239,93,Np,146,0.19063606135364153,1.316082448558573,0.2723372305052022,A,7.560568
239,94,Pu,145,0.17025118531221628,1.27913861828286,0.24321597901745184,A,7.5603187
239,95,Am,144,0.15215652670665522,1.247028271992333,0.2173664667237932,A,7.5536891
239,96,Cm,143,0.09287473722285293,1.1460964400748523,0.13267819603264705,B,7.543065899999999
239,97,Bk,142,0.08913252605375302,1.1399351769848487,0.12733218007679004,B,7.527
239,98,Cf,141,0.08552426664825014,1.1340172640869979,0.12217752378321449,B,7.507
239,99,Es,140,0.07868182863772291,1.1228560107490186,0.11240261233960416,B,7.481
240,91,Pa,149,0.20214279664605744,1.3373062047457753,0.2887754237800821,C,7.537
240,92,U,148,0.1892661915215038,1.3135737411572468,0.27038027360214834,C,7.5517705
240,93,Np,147,0.20182764731945055,1.336721305416443,0.28832521045635795,A,7.5501743
240,94,Pu,146,0.1801310043668122,1.2969406118776245,0.25733000623830316,A,7.556043300000001
240,95,Am,145,0.16094239811912225,1.2625405500423479,0.22991771159874608,A,7.5470136
240,96,Cm,144,0.15215652670665522,1.247028271992333,0.2173664667237932,A,7.5428617
240,97,Bk,143,0.08913252605375302,1.1399351769848487,0.12733218007679004,B,7.523
240,98,Cf,142,0.08552426664825014,1.1340172640869979,0.12217752378321449,B,7.51024
240,99,Es,141,0.08204289329597189,1.1283285632549327,0.11720413327995985,B,7.481
241,91,Pa,150,0.20214279664605744,1.3373062047457753,0.2887754237800821,C,7.528
241,92,U,149,0.1892661915215038,1.3135737411572468,0.27038027360214834,C,7.539
241,93,Np,148,0.21377533493644793,1.3590399446121892,0.3053933356234971,A,7.5440426
241,94,Pu,147,0.1801310043668122,1.2969406118776245,0.25733000623830316,A,7.5464395
241,95,Am,146,0.16094239811912225,1.2625405500423479,0.22991771159874608,A,7.5432795
241,96,Cm,145,0.15215652670665522,1.247028271992333,0.2173664667237932,A,7.5368488
241,97,Bk,144,0.08913252605375302,1.1399351769848487,0.12733218007679004,B,7.524
241,98,Cf,143,0.08552426664825014,1.1340172640869979,0.12217752378321449,B,7.507
241,99,Es,142,0.08204289329597189,1.1283285632549327,0.11720413327995985,B,7.485
241,100,Fm,141,0.07868182863772291,1.1228560107490186,0.11240261233960416,B,7.459
242,92,U,150,0.1892661915215038,1.3135737411572468,0.27038027360214834,C,7.532
242,93,Np,149,0.21377533493644793,1.3590399446121892,0.3053933356234971,A,7.5334042
242,94,Pu,148,0.19063606135364153,1.316082448558573,0.2723372305052022,A,7.5413284
242,95,Am,147,0.17025118531221628,1.27913861828286,0.24321597901745184,A,7.5349917
242,96,Cm,146,0.15215652670665522,1.247028271992333,0.2173664667237932,A,7.534504
242,97,Bk,145,0.09287473722285293,1.1460964400748523,0.13267819603264705,B,7.519
242,98,Cf,144,0.08913252605375302,1.1399351769848487,0.12733218007679004,B,7.5090991
242,99,Es,143,0.08552426664825014,1.1340172640869979,0.12217752378321449,B,7.483
242,100,Fm,142,0.07868182863772291,1.1228560107490186,0.11240261233960416,B,7.465
243,92,U,151,0.20214279664605744,1.3373062047457753,0.2887754237800821,C,7.518
243,93,Np,150,0.1892661915215038,1.3135737411572468,0.27038027360214834,C,7.526
243,94,Pu,149,0.20182764731945055,1.336721305416443,0.28832521045635795,A,7.5310087
243,95,Am,148,0.1801310043668122,1.2969406118776245,0.25733000623830316,A,7.5301742
243,96,Cm,147,0.16094239811912225,1.2625405500423479,0.22991771159874608,A,7.5269261
243,97,Bk,146,0.15215652670665522,1.247028271992333,0.2173664667237932,A,7.5175021
243,98,Cf,145,0.08913252605375302,1.1399351769848487,0.12733218007679004,B,7.505
243,99,Es,144,0.08552426664825014,1.1340172640869979,0.12217752378321449,B,7.486
243,100,Fm,143,0.08204289329597189,1.1283285632549327,0.11720413327995985,B,7.464
244,93,Np,151,0.1892661915215038,1.3135737411572468,0.27038027360214834,C,7.514
244,94,Pu,150,0.21377533493644793,1.3590399446121892,0.3053933356234971,A,7.5248154
244,95,Am,149,0.19063606135364153,1.316082448558573,0.2723372305052022,A,7.5213095
244,96,Cm,148,0.16094239811912225,1.2625405500423479,0.22991771159874608,A,7.5239527
244,97,Bk,147,0.15215652670665522,1.247028271992333,0.2173664667237932,A,7.511475900000001
244,98,Cf,146,0.08913252605375302,1.1399351769848487,0.12733218007679004,B,7.5051373
244,99,Es,145,0.08552426664825014,1.1340172640869979,0.12217752378321449,B,7.483
244,100,Fm,144,0.08204289329597189,1.1283285632549327,0.11720413327995985,B,7.468
244,101,Md,143,0.07868182863772291,1.1228560107490186,0.11240261233960416,B,7.438
245,93,Np,152,0.1892661915215038,1.3135737411572468,0.27038027360214834,C,7.506
245,94,Pu,151,0.17751211641396317,1.2922029573080285,0.2535887377342331,C,7.5132822
245,95,Am,150,0.19063606135364153,1.316082448558573,0.2723372305052022,A,7.515304299999999
245,96,Cm,149,0.17025118531221628,1.27913861828286,0.24321597901745184,A,7.5157677
245,97,Bk,148,0.15215652670665522,1.247028271992333,0.2173664667237932,A,7.509271399999999
245,98,Cf,147,0.09287473722285293,1.1460964400748523,0.13267819603264705,B,7.499664399999999
245,99,Es,146,0.08913252605375302,1.1399351769848487,0.12733218007679004,B,7.485
245,100,Fm,145,0.08552426664825014,1.1340172640869979,0.12217752378321449,B,7.465
245,101,Md,144,0.07868182863772291,1.1228560107490186,0.11240261233960416,B,7.441
246,94,Pu,152,0.1892661915215038,1.3135737411572468,0.27038027360214834,C,7.5065401
246,95,Am,151,0.20182764731945055,1.336721305416443,0.28832521045635795,A,7.505
246,96,Cm,150,0.1801310043668122,1.2969406118776245,0.25733000623830316,A,7.5114716
246,97,Bk,149,0.16094239811912225,1.2625405500423479,0.22991771159874608,A,7.5028035
246,98,Cf,148,0.15215652670665522,1.247028271992333,0.2173664667237932,A,7.499122000000001
246,99,Es,147,0.08913252605375302,1.1399351769848487,0.12733218007679004,B,7.4807849
246,100,Fm,146,0.08552426664825014,1.1340172640869979,0.12217752378321449,B,7.4679608
246,101,Md,145,0.08204289329597189,1.1283285632549327,0.11720413327995985,B,7.441
247,94,Pu,153,0.1892661915215038,1.3135737411572468,0.27038027360214834,C,7.493
247,95,Am,152,0.21377533493644793,1.3590399446121892,0.3053933356234971,A,7.499
247,96,Cm,151,0.19063606135364153,1.316082448558573,0.2723372305052022,A,7.5019318
247,97,Bk,150,0.16094239811912225,1.2625405500423479,0.22991771159874608,A,7.498940800000001
247,98,Cf,149,0.15215652670665522,1.247028271992333,0.2173664667237932,A,7.493263799999999
247,99,Es,148,0.08913252605375302,1.1399351769848487,0.12733218007679004,B,7.4801005
247,100,Fm,147,0.08552426664825014,1.1340172640869979,0.12217752378321449,B,7.464
247,101,Md,146,0.08204289329597189,1.1283285632549327,0.11720413327995985,B,7.444
248,95,Am,153,0.17751211641396317,1.2922029573080285,0.2535887377342331,C,7.487
248,96,Cm,152,0.19063606135364153,1.316082448558573,0.2723372305052022,A,7.4967291
248,97,Bk,151,0.17025118531221628,1.27913861828286,0.24321597901745184,A,7.4905975
248,98,Cf,150,0.15215652670665522,1.247028271992333,0.2173664667237932,A,7.491044
248,99,Es,149,0.09287473722285293,1.1460964400748523,0.13267819603264705,B,7.476
248,100,Fm,148,0.08913252605375302,1.1399351769848487,0.12733218007679004,B,7.4659451
248,101,Md,147,0.08552426664825014,1.1340172640869979,0.12217752378321449,B,7.442
248,102,No,146,0.07868182863772291,1.1228560107490186,0.11240261233960416,B,7.424
249,95,Am,154,0.1892661915215038,1.3135737411572468,0.27038027360214834,C,7.479
249,96,Cm,153,0.20182764731945055,1.336721305416443,0.28832521045635795,A,7.485551
249,97,Bk,152,0.1801310043668122,1.2969406118776245,0.25733000623830316,A,7.486041
249,98,Cf,151,0.16094239811912225,1.2625405500423479,0.22991771159874608,A,7.4833954
249,99,Es,150,0.15215652670665522,1.247028271992333,0.2173664667237932,A,7.474
249,100,Fm,149,0.08913252605375302,1.1399351769848487,0.12733218007679004,B,7.461864899999999
249,101,Md,148,0.08552426664825014,1.1340172640869979,0.12217752378321449,B,7.444016899999999
249,102,No,147,0.08204289329597189,1.1283285632549327,0.11720413327995985,B,7.422
250,96,Cm,154,0.21377533493644793,1.3590399446121892,0.3053933356234971,A,7.4789385
250,97,Bk,153,0.19063606135364153,1.316082448558573,0.2723372305052022,A,7.4759594
250,98,Cf,152,0.17025118531221628,1.27913861828286,0.24321597901745184,A,7.4799567
250,99,Es,151,0.15215652670665522,1.247028271992333,0.2173664667237932,A,7.469
250,100,Fm,150,0.08913252605375302,1.1399351769848487,0.12733218007679004,B,7.4620905
250,101,Md,149,0.08552426664825014,1.1340172640869979,0.12217752378321449,B,7.4416533
250,102,No,148,0.08204289329597189,1.1283285632549327,0.11720413327995985,B,7.426
251,96,Cm,155,0.1892661915215038,1.3135737411572468,0.27038027360214834,C,7.4667233
251,97,Bk,154,0.20182764731945055,1.336721305416443,0.28832521045635795,A,7.469263700000001
251,98,Cf,153,0.17025118531221628,1.27913861828286,0.24321597901745184,A,7.4705014
251,99,Es,152,0.15215652670665522,1.247028271992333,0.2173664667237932,A,7.4658842
251,100,Fm,151,0.09287473722285293,1.1460964400748523,0.13267819603264705,B,7.4570013
251,101,Md,150,0.08913252605375302,1.1399351769848487,0.12733218007679004,B,7.4419005
251,102,No,149,0.08552426664825014,1.1340172640869979,0.12217752378321449,B,7.423
251,103,Lr,148,0.07868182863772291,1.1228560107490186,0.11240261233960416,B,7.4
252,96,Cm,156,0.1892661915215038,1.3135737411572468,0.27038027360214834,C,7.46
252,97,Bk,155,0.20182764731945055,1.336721305416443,0.28832521045635795,A,7.459
252,98,Cf,154,0.1801310043668122,1.2969406118776245,0.25733000623830316,A,7.4653474
252,99,Es,153,0.16094239811912225,1.2625405500423479,0.22991771159874608,A,7.4572428
252,100,Fm,152,0.15215652670665522,1.247028271992333,0.2173664667237932,A,7.4560351
252,101,Md,151,0.08913252605375302,1.1399351769848487,0.12733218007679004,B,7.438444400000001
252,102,No,150,0.08552426664825014,1.1340172640869979,0.12217752378321449,B,7.4257992
252,103,Lr,149,0.08204289329597189,1.1283285632549327,0.11720413327995985,B,7.4
253,97,Bk,156,0.21377533493644793,1.3590399446121892,0.3053933356234971,A,7.451
253,98,Cf,155,0.19063606135364153,1.316082448558573,0.2723372305052022,A,7.4548297
253,99,Es,154,0.17025118531221628,1.27913861828286,0.24321597901745184,A,7.452887899999999
253,100,Fm,153,0.15215652670665522,1.247028271992333,0.2173664667237932,A,7.4484712
253,101,Md,152,0.08913252605375302,1.1399351769848487,0.12733218007679004,B,7.438
253,102,No,151,0.08552426664825014,1.1340172640869979,0.12217752378321449,B,7.4224719
253,103,Lr,150,0.08204289329597189,1.1283285632549327,0.11720413327995985,B,7.402918
253,104,Rf,149,0.07868182863772291,1.1228560107490186,0.11240261233960416,B,7.38
254,97,Bk,157,0.1892661915215038,1.3135737411572468,0.27038027360214834,C,7.44
254,98,Cf,156,0.20182764731945055,1.336721305416443,0.28832521045635795,A,7.4492259
254,99,Es,155,0.17025118531221628,1.27913861828286,0.24321597901745184,A,7.4435759
254,100,Fm,154,0.15215652670665522,1.247028271992333,0.2173664667237932,A,7.4447936
254,101,Md,153,0.09287473722285293,1.1460964400748523,0.13267819603264705,B,7.432
254,102,No,152,0.08913252605375302,1.1399351769848487,0.12733218007679004,B,7.4235909
254,103,Lr,151,0.08204289329597189,1.1283285632549327,0.11720413327995985,B,7.4011306
254,104,Rf,150,0.07868182863772291,1.1228560107490186,0.11240261233960416,B,7.384
255,98,Cf,157,0.21377533493644793,1.3590399446121892,0.3053933356234971,A,7.438
255,99,Es,156,0.1801310043668122,1.2969406118776245,0.25733000623830316,A,7.4378216
255,100,Fm,155,0.16094239811912225,1.2625405500423479,0.22991771159874608,A,7.435886
255,101,Md,154,0.15215652670665522,1.247028271992333,0.2173664667237932,A,7.4287333
255,102,No,153,0.08913252605375302,1.1399351769848487,0.12733218007679004,B,7.417940300000001
255,103,Lr,152,0.08552426664825014,1.1340172640869979,0.12217752378321449,B,7.4025767
255,104,Rf,151,0.08204289329597189,1.1283285632549327,0.11720413327995985,B,7.382
255,105,Db,150,0.07868182863772291,1.1228560107490186,0.11240261233960416,B,7.359
256,98,Cf,158,0.21377533493644793,1.3590399446121892,0.3053933356234971,A,7.432
256,99,Es,157,0.19063606135364153,1.316082448558573,0.2723372305052022,A,7.428
256,100,Fm,156,0.17025118531221628,1.27913861828286,0.24321597901745184,A,7.4317888
256,101,Md,155,0.15215652670665522,1.247028271992333,0.2173664667237932,A,7.421
256,102,No,154,0.08913252605375302,1.1399351769848487,0.12733218007679004,B,7.4165429
256,103,Lr,153,0.08552426664825014,1.1340172640869979,0.12217752378321449,B,7.3981605
256,104,Rf,152,0.08204289329597189,1.1283285632549327,0.11720413327995985,B,7.3854349
256,105,Db,151,0.07868182863772291,1.1228560107490186,0.11240261233960416,B,7.359
257,99,Es,158,0.20182764731945055,1.336721305416443,0.28832521045635795,A,7.422
257,100,Fm,157,0.17025118531221628,1.27913861828286,0.24321597901745184,A,7.4221942
257,101,Md,156,0.15215652670665522,1.247028271992333,0.2173664667237932,A,7.4175845
257,102,No,155,0.09287473722285293,1.1460964400748523,0.13267819603264705,B,7.4096587
257,103,Lr,154,0.08913252605375302,1.1399351769848487,0.12733218007679004,B,7.397
257,104,Rf,153,0.08204289329597189,1.1283285632549327,0.11720413327995985,B,7.381705299999999
257,105,Db,152,0.07868182863772291,1.1228560107490186,0.11240261233960416,B,7.3619767
258,99,Es,159,0.21377533493644793,1.3590399446121892,0.3053933356234971,A,7.412
258,100,Fm,158,0.1801310043668122,1.2969406118776245,0.25733000623830316,A,7.418
258,101,Md,157,0.16094239811912225,1.2625405500423479,0.22991771159874608,A,7.4096615
258,102,No,156,0.15215652670665522,1.247028271992333,0.2173664667237932,A,7.407
258,103,Lr,155,0.08913252605375302,1.1399351769848487,0.12733218007679004,B,7.392
258,104,Rf,154,0.08552426664825014,1.1340172640869979,0.12217752378321449,B,7.3825257
258,105,Db,153,0.08204289329597189,1.1283285632549327,0.11720413327995985,B,7.3594803
258,106,Sg,152,0.07543494219122775,1.117587517062865,0.10776420313032536,B,7.342
259,100,Fm,159,0.19063606135364153,1.316082448558573,0.2723372305052022,A,7.407
259,101,Md,158,0.17025118531221628,1.27913861828286,0.24321597901745184,A,7.405
259,102,No,157,0.15215652670665522,1.247028271992333,0.2173664667237932,A,7.3999714
259,103,Lr,156,0.08913252605375302,1.1399351769848487,0.12733218007679004,B,7.39
259,104,Rf,155,0.08552426664825014,1.1340172640869979,0.12217752378321449,B,7.377
259,105,Db,154,0.08204289329597189,1.1283285632549327,0.11720413327995985,B,7.3603626
259,106,Sg,153,0.07868182863772291,1.1228560107490186,0.11240261233960416,B,7.34
260,100,Fm,160,0.20182764731945055,1.336721305416443,0.28832521045635795,A,7.402
260,101,Md,159,0.1801310043668122,1.2969406118776245,0.25733000623830316,A,7.396
260,102,No,158,0.15215652670665522,1.247028271992333,0.2173664667237932,A,7.397
260,103,Lr,157,0.09287473722285293,1.1460964400748523,0.13267819603264705,B,7.383
260,104,Rf,156,0.08913252605375302,1.1399351769848487,0.12733218007679004,B,7.377
260,105,Db,155,0.08204289329597189,1.1283285632549327,0.11720413327995985,B,7.357
260,106,Sg,154,0.07868182863772291,1.1228560107490186,0.11240261233960416,B,7.3425632
260,107,Bh,153,0.07543494219122775,1.117587517062865,0.10776420313032536,B,7.314
261,101,Md,160,0.1801310043668122,1.2969406118776245,0.25733000623830316,A,7.391
261,102,No,159,0.16094239811912225,1.2625405500423479,0.22991771159874608,A,7.388
261,103,Lr,158,0.15215652670665522,1.247028271992333,0.2173664667237932,A,7.381
261,104,Rf,157,0.08913252605375302,1.1399351769848487,0.12733218007679004,B,7.3713858
261,105,Db,156,0.08552426664825014,1.1340172640869979,0.12217752378321449,B,7.357
261,106,Sg,155,0.08204289329597189,1.1283285632549327,0.11720413327995985,B,7.339771
261,107,Bh,154,0.07543494219122775,1.117587517062865,0.10776420313032536,B,7.3173313
262,101,Md,161,0.19063606135364153,1.316082448558573,0.2723372305052022,A,7.382
262,102,No,160,0.17025118531221628,1.27913861828286,0.24321597901745184,A,7.385
262,103,Lr,159,0.15215652670665522,1.247028271992333,0.2173664667237932,A,7.374
262,104,Rf,158,0.08913252605375302,1.1399351769848487,0.12733218007679004,B,7.37
262,105,Db,157,0.08552426664825014,1.1340172640869979,0.12217752378321449,B,7.352
262,106,Sg,156,0.08204289329597189,1.1283285632549327,0.11720413327995985,B,7.3411736
262,107,Bh,155,0.07868182863772291,1.1228560107490186,0.11240261233960416,B,7.3157331
263,102,No,161,0.1801310043668122,1.2969406118776245,0.25733000623830316,A,7.376
263,103,Lr,160,0.15215652670665522,1.247028271992333,0.2173664667237932,A,7.371
263,104,Rf,159,0.09287473722285293,1.1460964400748523,0.13267819603264705,B,7.364
263,105,Db,158,0.08913252605375302,1.1399351769848487,0.12733218007679004,B,7.352
263,106,Sg,157,0.08204289329597189,1.1283285632549327,0.11720413327995985,B,7.337
263,107,Bh,156,0.07868182863772291,1.1228560107490186,0.11240261233960416,B,7.318
263,108,Hs,155,0.07543494219122775,1.117587517062865,0.10776420313032536,B,7.295
264,102,No,162,0.19063606135364153,1.316082448558573,0.2723372305052022,A,7.371
264,103,Lr,161,0.16094239811912225,1.2625405500423479,0.22991771159874608,A,7.363
264,104,Rf,160,0.15215652670665522,1.247028271992333,0.2173664667237932,A,7.361
264,105,Db,159,0.08913252605375302,1.1399351769848487,0.12733218007679004,B,7.346
264,106,Sg,158,0.08552426664825014,1.1340172640869979,0.12217752378321449,B,7.338
264,107,Bh,157,0.08204289329597189,1.1283285632549327,0.11720413327995985,B,7.315
264,108,Hs,156,0.07543494219122775,1.117587517062865,0.10776420313032536,B,7.2983762
265,103,Lr,162,0.17025118531221628,1.27913861828286,0.24321597901745184,A,7.359
265,104,Rf,161,0.15215652670665522,1.247028271992333,0.2173664667237932,A,7.354
265,105,Db,160,0.08913252605375302,1.1399351769848487,0.12733218007679004,B,7.345
265,106,Sg,159,0.08552426664825014,1.1340172640869979,0.12217752378321449,B,7.333
265,107,Bh,158,0.08204289329597189,1.1283285632549327,0.11720413327995985,B,7.316
265,108,Hs,157,0.07868182863772291,1.1228560107490186,0.11240261233960416,B,7.2962474
265,109,Mt,156,0.07543494219122775,1.117587517062865,0.10776420313032536,B,7.272
266,103,Lr,163,0.1801310043668122,1.2969406118776245,0.25733000623830316,A,7.349
266,104,Rf,162,0.15215652670665522,1.247028271992333,0.2173664667237932,A,7.351
266,105,Db,161,0.09287473722285293,1.1460964400748523,0.13267819603264705,B,7.339
266,106,Sg,160,0.08913252605375302,1.1399351769848487,0.12733218007679004,B,7.332
266,107,Bh,159,0.08204289329597189,1.1283285632549327,0.11720413327995985,B,7.313
266,108,Hs,158,0.07868182863772291,1.1228560107490186,0.11240261233960416,B,7.298261099999999
266,109,Mt,157,0.07543494219122775,1.117587517062865,0.10776420313032536,B,7.270759799999999
267,104,Rf,163,0.16094239811912225,1.2625405500423479,0.22991771159874608,A,7.342
267,105,Db,162,0.15215652670665522,1.247028271992333,0.2173664667237932,A,7.337
267,106,Sg,161,0.08913252605375302,1.1399351769848487,0.12733218007679004,B,7.327
267,107,Bh,160,0.08552426664825014,1.1340172640869979,0.12217752378321449,B,7.313
267,108,Hs,159,0.08204289329597189,1.1283285632549327,0.11720413327995985,B,7.295
267,109,Mt,158,0.07543494219122775,1.117587517062865,0.10776420313032536,B,7.273
267,110,Ds,157,0.07229651303302646,1.1125118777682612,0.10328073290432352,B,7.248
268,104,Rf,164,0.17025118531221628,1.27913861828286,0.24321597901745184,A,7.337
268,105,Db,163,0.15215652670665522,1.247028271992333,0.2173664667237932,A,7.328
268,106,Sg,162,0.08913252605375302,1.1399351769848487,0.12733218007679004,B,7.326
268,107,Bh,161,0.08552426664825014,1.1340172640869979,0.12217752378321449,B,7.309
268,108,Hs,160,0.08204289329597189,1.1283285632549327,0.11720413327995985,B,7.297
268,109,Mt,159,0.07868182863772291,1.1228560107490186,0.11240261233960416,B,7.271
268,110,Ds,158,0.07543494219122775,1.117587517062865,0.10776420313032536,B,7.252
269,105,Db,164,0.15215652670665522,1.247028271992333,0.2173664667237932,A,7.323
269,106,Sg,163,0.09287473722285293,1.1460964400748523,0.13267819603264705,B,7.318
269,107,Bh,162,0.08913252605375302,1.1399351769848487,0.12733218007679004,B,7.309
269,108,Hs,161,0.08204289329597189,1.1283285632549327,0.11720413327995985,B,7.294
269,109,Mt,160,0.07868182863772291,1.1228560107490186,0.11240261233960416,B,7.274
269,110,Ds,159,0.07543494219122775,1.117587517062865,0.10776420313032536,B,7.2501551
270,105,Db,165,0.16094239811912225,1.2625405500423479,0.22991771159874608,A,7.314
270,106,Sg,164,0.15215652670665522,1.247028271992333,0.2173664667237932,A,7.314
270,107,Bh,163,0.08913252605375302,1.1399351769848487,0.12733218007679004,B,7.301
270,108,Hs,162,0.08552426664825014,1.1340172640869979,0.12217752378321449,B,7.295
270,109,Mt,161,0.08204289329597189,1.1283285632549327,0.11720413327995985,B,7.271
270,110,Ds,160,0.07543494219122775,1.117587517062865,0.10776420313032536,B,7.253763399999999
271,106,Sg,165,0.15215652670665522,1.247028271992333,0.2173664667237932,A,7.305
271,107,Bh,164,0.08913252605375302,1.1399351769848487,0.12733218007679004,B,7.298
271,108,Hs,163,0.08552426664825014,1.1340172640869979,0.12217752378321449,B,7.288
271,109,Mt,162,0.08204289329597189,1.1283285632549327,0.11720413327995985,B,7.273
271,110,Ds,161,0.07868182863772291,1.1228560107490186,0.11240261233960416,B,7.252
272,106,Sg,166,0.15215652670665522,1.247028271992333,0.2173664667237932,A,7.301
272,107,Bh,165,0.09287473722285293,1.1460964400748523,0.13267819603264705,B,7.29
272,108,Hs,164,0.08913252605375302,1.1399351769848487,0.12733218007679004,B,7.286
272,109,Mt,163,0.08204289329597189,1.1283285632549327,0.11720413327995985,B,7.267
272,110,Ds,162,0.07868182863772291,1.1228560107490186,0.11240261233960416,B,7.255
272,111,Rg,161,0.07543494219122775,1.117587517062865,0.10776420313032536,B,7.227
273,106,Sg,167,0.16094239811912225,1.2625405500423479,0.22991771159874608,A,7.292
273,107,Bh,166,0.15215652670665522,1.247028271992333,0.2173664667237932,A,7.286
273,108,Hs,165,0.08913252605375302,1.1399351769848487,0.12733218007679004,B,7.279
273,109,Mt,164,0.08552426664825014,1.1340172640869979,0.12217752378321449,B,7.265
273,110,Ds,163,0.08204289329597189,1.1283285632549327,0.11720413327995985,B,7.25
273,111,Rg,162,0.07543494219122775,1.117587517062865,0.10776420313032536,B,7.23
274,107,Bh,167,0.15215652670665522,1.247028271992333,0.2173664667237932,A,7.278
274,108,Hs,166,0.08913252605375302,1.1399351769848487,0.12733218007679004,B,7.276
274,109,Mt,165,0.08552426664825014,1.1340172640869979,0.12217752378321449,B,7.259
274,110,Ds,164,0.08204289329597189,1.1283285632549327,0.11720413327995985,B,7.249
274,111,Rg,163,0.07868182863772291,1.1228560107490186,0.11240261233960416,B,7.227
275,107,Bh,168,0.15215652670665522,1.247028271992333,0.2173664667237932,A,7.273
275,108,Hs,167,0.09287473722285293,1.1460964400748523,0.13267819603264705,B,7.268
275,109,Mt,166,0.08913252605375302,1.1399351769848487,0.12733218007679004,B,7.257
275,110,Ds,165,0.08204289329597189,1.1283285632549327,0.11720413327995985,B,7.243
275,111,Rg,164,0.07868182863772291,1.1228560107490186,0.11240261233960416,B,7.227
276,107,Bh,169,0.16094239811912225,1.2625405500423479,0.22991771159874608,A,7.265
276,108,Hs,168,0.15215652670665522,1.247028271992333,0.2173664667237932,A,7.265
276,109,Mt,167,0.08913252605375302,1.1399351769848487,0.12733218007679004,B,7.25
276,110,Ds,166,0.08552426664825014,1.1340172640869979,0.12217752378321449,B,7.243
276,111,Rg,165,0.07868182863772291,1.1228560107490186,0.11240261233960416,B,7.223
276,112,Cn,164,0.07543494219122775,1.117587517062865,0.10776420313032536,B,7.209
277,107,Bh,170,0.17025118531221628,1.27913861828286,0.24321597901745184,A,7.26
277,108,Hs,169,0.15215652670665522,1.247028271992333,0.2173664667237932,A,7.256
277,109,Mt,168,0.08913252605375302,1.1399351769848487,0.12733218007679004,B,7.247
277,110,Ds,167,0.08552426664825014,1.1340172640869979,0.12217752378321449,B,7.237
277,111,Rg,166,0.08204289329597189,1.1283285632549327,0.11720413327995985,B,7.222
277,112,Cn,165,0.07868182863772291,1.1228560107490186,0.11240261233960416,B,7.205
278,107,Bh,171,0.1801310043668122,1.2969406118776245,0.25733000623830316,A,7.251
278,108,Hs,170,0.15215652670665522,1.247028271992333,0.2173664667237932,A,7.252
278,109,Mt,169,0.09287473722285293,1.1460964400748523,0.13267819603264705,B,7.24
278,110,Ds,168,0.08552426664825014,1.1340172640869979,0.12217752378321449,B,7.236
278,111,Rg,167,0.08204289329597189,1.1283285632549327,0.11720413327995985,B,7.218
278,112,Cn,166,0.07868182863772291,1.1228560107490186,0.11240261233960416,B,7.206
278,113,Nh,165,0.07543494219122775,1.117587517062865,0.10776420313032536,B,7.181
279,108,Hs,171,0.16094239811912225,1.2625405500423479,0.22991771159874608,A,7.243
279,109,Mt,170,0.15215652670665522,1.247028271992333,0.2173664667237932,A,7.237
279,110,Ds,169,0.08913252605375302,1.1399351769848487,0.12733218007679004,B,7.229
279,111,Rg,168,0.08552426664825014,1.1340172640869979,0.12217752378321449,B,7.216
279,112,Cn,167,0.07868182863772291,1.1228560107490186,0.11240261233960416,B,7.202
279,113,Nh,166,0.07543494219122775,1.117587517062865,0.10776420313032536,B,7.183
280,108,Hs,172,0.17025118531221628,1.27913861828286,0.24321597901745184,A,7.239
280,109,Mt,171,0.15215652670665522,1.247028271992333,0.2173664667237932,A,7.229
280,110,Ds,170,0.08913252605375302,1.1399351769848487,0.12733218007679004,B,7.227
280,111,Rg,169,0.08552426664825014,1.1340172640869979,0.12217752378321449,B,7.212
280,112,Cn,168,0.08204289329597189,1.1283285632549327,0.11720413327995985,B,7.202
280,113,Nh,167,0.07868182863772291,1.1228560107490186,0.11240261233960416,B,7.18
281,109,Mt,172,0.15215652670665522,1.247028271992333,0.2173664667237932,A,7.225
281,110,Ds,171,0.09287473722285293,1.1460964400748523,0.13267819603264705,B,7.22
281,111,Rg,170,0.08552426664825014,1.1340172640869979,0.12217752378321449,B,7.209
281,112,Cn,169,0.08204289329597189,1.1283285632549327,0.11720413327995985,B,7.197
281,113,Nh,168,0.07868182863772291,1.1228560107490186,0.11240261233960416,B,7.181
282,109,Mt,173,0.16094239811912225,1.2625405500423479,0.22991771159874608,A,7.218
282,110,Ds,172,0.15215652670665522,1.247028271992333,0.2173664667237932,A,7.217
282,111,Rg,171,0.08913252605375302,1.1399351769848487,0.12733218007679004,B,7.204
282,112,Cn,170,0.08552426664825014,1.1340172640869979,0.12217752378321449,B,7.197
282,113,Nh,169,0.07868182863772291,1.1228560107490186,0.11240261233960416,B,7.177
283,110,Ds,173,0.15215652670665522,1.247028271992333,0.2173664667237932,A,7.21
283,111,Rg,172,0.08913252605375302,1.1399351769848487,0.12733218007679004,B,7.201
283,112,Cn,171,0.08552426664825014,1.1340172640869979,0.12217752378321449,B,7.192
283,113,Nh,170,0.08204289329597189,1.1283285632549327,0.11720413327995985,B,7.177
284,110,Ds,174,0.15215652670665522,1.247028271992333,0.2173664667237932,A,7.207
284,111,Rg,173,0.09287473722285293,1.1460964400748523,0.13267819603264705,B,7.195
284,112,Cn,172,0.08552426664825014,1.1340172640869979,0.12217752378321449,B,7.191
284,113,Nh,171,0.08204289329597189,1.1283285632549327,0.11720413327995985,B,7.173
284,114,Fl,170,0.07868182863772291,1.1228560107490186,0.11240261233960416,B,7.163
285,111,Rg,174,0.15215652670665522,1.247028271992333,0.2173664667237932,A,7.192
285,112,Cn,173,0.08913252605375302,1.1399351769848487,0.12733218007679004,B,7.185
285,113,Nh,172,0.08552426664825014,1.1340172640869979,0.12217752378321449,B,7.172
285,114,Fl,171,0.07868182863772291,1.1228560107490186,0.11240261233960416,B,7.159
286,111,Rg,175,0.15215652670665522,1.247028271992333,0.2173664667237932,A,7.185
286,112,Cn,174,0.08913252605375302,1.1399351769848487,0.12733218007679004,B,7.183
286,113,Nh,173,0.08552426664825014,1.1340172640869979,0.12217752378321449,B,7.168
286,114,Fl,172,0.08204289329597189,1.1283285632549327,0.11720413327995985,B,7.159
287,112,Cn,175,0.09287473722285293,1.1460964400748523,0.13267819603264705,B,7.176
287,113,Nh,174,0.08552426664825014,1.1340172640869979,0.12217752378321449,B,7.166
287,114,Fl,173,0.08204289329597189,1.1283285632549327,0.11720413327995985,B,7.155
287,115,Mc,172,0.07868182863772291,1.1228560107490186,0.11240261233960416,B,7.139
288,112,Cn,176,0.15215652670665522,1.247028271992333,0.2173664667237932,A,7.174
288,113,Nh,175,0.08913252605375302,1.1399351769848487,0.12733218007679004,B,7.16
288,114,Fl,174,0.08552426664825014,1.1340172640869979,0.12217752378321449,B,7.154
288,115,Mc,173,0.07868182863772291,1.1228560107490186,0.11240261233960416,B,7.135
289,113,Nh,176,0.08913252605375302,1.1399351769848487,0.12733218007679004,B,7.158
289,114,Fl,175,0.08552426664825014,1.1340172640869979,0.12217752378321449,B,7.149
289,115,Mc,174,0.08204289329597189,1.1283285632549327,0.11720413327995985,B,7.135
289,116,Lv,173,0.07543494219122775,1.117587517062865,0.10776420313032536,B,7.119
290,113,Nh,177,0.09287473722285293,1.1460964400748523,0.13267819603264705,B,7.152
290,114,Fl,176,0.08552426664825014,1.1340172640869979,0.12217752378321449,B,7.147
290,115,Mc,175,0.08204289329597189,1.1283285632549327,0.11720413327995985,B,7.131
290,116,Lv,174,0.07868182863772291,1.1228560107490186,0.11240261233960416,B,7.12
291,114,Fl,177,0.08913252605375302,1.1399351769848487,0.12733218007679004,B,7.141
291,115,Mc,176,0.08204289329597189,1.1283285632549327,0.11720413327995985,B,7.129
291,116,Lv,175,0.07868182863772291,1.1228560107490186,0.11240261233960416,B,7.116
291,117,Ts,174,0.07543494219122775,1.117587517062865,0.10776420313032536,B,7.098
292,115,Mc,177,0.08552426664825014,1.1340172640869979,0.12217752378321449,B,7.124
292,116,Lv,176,0.08204289329597189,1.1283285632549327,0.11720413327995985,B,7.116
292,117,Ts,175,0.07543494219122775,1.117587517062865,0.10776420313032536,B,7.095
293,116,Lv,177,0.08204289329597189,1.1283285632549327,0.11720413327995985,B,7.111
293,117,Ts,176,0.07868182863772291,1.1228560107490186,0.11240261233960416,B,7.095
293,118,Og,175,0.07543494219122775,1.117587517062865,0.10776420313032536,B,7.078
294,117,Ts,177,0.07868182863772291,1.1228560107490186,0.11240261233960416,B,7.092
294,118,Og,176,0.07543494219122775,1.117587517062865,0.10776420313032536,B,7.079
295,118,Og,177,0.07543494219122775,1.117587517062865,0.10776420313032536,B,7.076
