z,residual_mag,err_mag
2.848799999999999943e-02,-2.698307323642481492e-01,1.499999999999999944e-01
5.004299999999999721e-02,-1.798283737706753982e-01,1.499999999999999944e-01
5.292600000000000082e-02,-1.690857283475111217e-01,1.499999999999999944e-01
7.008599999999999552e-02,-1.672290244580736385e-01,1.499999999999999944e-01
6.266800000000000148e-02,1.198427966311115256e-01,1.499999999999999944e-01
8.758900000000000019e-02,1.136073749994324089e-01,1.499999999999999944e-01
7.857699999999999407e-02,-3.826028107765466757e-01,1.499999999999999944e-01
1.722699999999999926e-02,1.421257428689699509e-01,1.499999999999999944e-01
4.223299999999999971e-02,-1.492349834322794777e-01,1.499999999999999944e-01
4.529500000000000193e-02,-5.764067672018313715e-04,1.499999999999999944e-01
3.647999999999999854e-02,-2.564159750246588487e-01,1.499999999999999944e-01
1.959899999999999837e-02,-2.096691880872540992e-01,1.499999999999999944e-01
1.009150000000000047e-01,2.074111158866287496e-02,1.499999999999999944e-01
2.734200000000000172e-02,-4.402851145486508244e-01,1.499999999999999944e-01
7.460500000000000465e-02,-1.660552849228338346e-01,1.499999999999999944e-01
2.648899999999999866e-02,2.435584056328821134e-02,1.499999999999999944e-01
4.992200000000000110e-02,-2.898419148853577099e-01,1.499999999999999944e-01
3.060399999999999926e-02,-2.239781835623304573e-01,1.499999999999999944e-01
1.634564100000000103e-02,-3.532394255642898884e-01,1.499999999999999944e-01
1.543630000000000002e-02,-3.310557691097173461e-01,1.499999999999999944e-01
3.052900000000000058e-02,-1.695635330708711308e-01,1.499999999999999944e-01
2.452500000000000166e-02,-2.288053429840672948e-01,1.499999999999999944e-01
2.395299999999999860e-02,-2.664161914936826747e-01,1.499999999999999944e-01
2.603799999999999865e-02,-5.130251188862899880e-02,1.499999999999999944e-01
4.894799999999999846e-02,-8.143327360864560660e-02,1.499999999999999944e-01
2.431399999999999881e-02,-1.584951943189665258e-01,1.499999999999999944e-01
1.516600000000000066e-02,-1.316884353974003830e-01,1.499999999999999944e-01
3.572000000000000175e-02,-1.546887058011705562e-01,1.499999999999999944e-01
4.881800000000000028e-02,-4.251115547695363261e-01,1.499999999999999944e-01
2.198000599999999985e-02,-1.934065384141661070e-01,1.499999999999999944e-01
1.243999999999999967e-01,1.319505796176940748e-01,1.499999999999999944e-01
3.599999999999999728e-02,-3.114592571445911062e-01,1.499999999999999944e-01
1.632099999999999870e-02,-3.765438855935343554e-01,1.499999999999999944e-01
1.672999999999999834e-02,-2.218093601382236102e-01,1.499999999999999944e-01
2.750000000000000014e-02,1.109768160235873324e-01,1.499999999999999944e-01
2.179299999999999987e-02,-5.384111589494011696e-02,1.499999999999999944e-01
1.644999999999999934e-02,-2.299018218445638695e-01,1.499999999999999944e-01
2.320799999999999946e-02,-8.018568837570683172e-02,1.499999999999999944e-01
3.645700000000000329e-02,-2.611135854021284786e-02,1.499999999999999944e-01
1.926399999999999987e-02,1.955199728649290591e-01,1.499999999999999944e-01
1.760499999999999912e-02,-2.159826077488631313e-01,1.499999999999999944e-01
3.152800000000000047e-02,-1.110063386281368025e-01,1.499999999999999944e-01
2.353600000000000136e-02,-2.695066469611617777e-02,1.499999999999999944e-01
1.674300000000000094e-02,-4.471192553358989130e-01,1.499999999999999944e-01
5.371000000000000080e-02,-5.430700212184120801e-01,1.499999999999999944e-01
1.699099999999999916e-02,-1.032676166781740790e-01,1.499999999999999944e-01
2.786500000000000088e-02,-4.743663956663297654e-01,1.499999999999999944e-01
1.717300000000000076e-02,-2.446978536018562522e-01,1.499999999999999944e-01
2.995499999999999899e-02,2.452667666682941672e-01,1.499999999999999944e-01
1.655900000000000080e-02,-8.182142723253349459e-02,1.499999999999999944e-01
1.499999999999999944e-02,-4.577509126930578987e-02,1.499999999999999944e-01
5.439999999999999697e-02,-9.349634103818971198e-02,1.499999999999999944e-01
1.560999999999999888e-01,-2.060232965166548524e-01,1.499999999999999944e-01
3.930000000000000160e-02,8.036743116754507810e-03,1.499999999999999944e-01
1.241000000000000020e-01,-8.527746720736928410e-02,1.499999999999999944e-01
1.441000000000000059e-01,-4.144758017724612387e-01,1.499999999999999944e-01
1.298999999999999877e-01,-3.278858419462693519e-02,1.499999999999999944e-01
7.839999999999999747e-02,-1.834517694413477784e-01,1.499999999999999944e-01
5.829999999999999766e-02,-1.696217324931197368e-01,1.499999999999999944e-01
3.090000000000000038e-02,1.340452899359902972e-01,1.499999999999999944e-01
4.059999999999999720e-02,-3.273892776429931928e-02,1.499999999999999944e-01
1.519999999999999997e-02,-2.213497084766018475e-01,1.499999999999999944e-01
2.239999999999999977e-02,-1.408382287586462667e-01,1.499999999999999944e-01
1.600000000000000033e-02,-1.764736327288858320e-01,1.499999999999999944e-01
3.620000000000000301e-02,-1.578444486010326386e-01,1.499999999999999944e-01
1.729999999999999941e-02,-2.717693456068914770e-01,1.499999999999999944e-01
3.119999999999999857e-02,-1.899127048838806786e-01,1.499999999999999944e-01
2.210000000000000159e-02,-1.467794828241366645e-01,1.499999999999999944e-01
1.600000000000000033e-02,-5.258801327288864513e-01,1.499999999999999944e-01
2.489999999999999852e-02,-5.166162936167424391e-01,1.499999999999999944e-01
3.030000000000000054e-02,-1.239580612705069029e-01,1.499999999999999944e-01
2.829999999999999877e-02,-8.156899015126839458e-02,1.499999999999999944e-01
1.519999999999999997e-02,2.011578152340121051e-02,1.499999999999999944e-01
3.450000000000000289e-02,-6.025078050227961057e-02,1.499999999999999944e-01
3.599999999999999728e-02,-4.532166771445886866e-01,1.499999999999999944e-01
2.479999999999999913e-02,-5.530202468690958995e-02,1.499999999999999944e-01
2.920000000000000026e-02,3.218003930051196448e-01,1.499999999999999944e-01
1.629999999999999852e-02,6.210609035458958260e-02,1.499999999999999944e-01
1.870000000000000134e-02,3.563294727453083510e-01,1.499999999999999944e-01
1.949999999999999997e-02,-2.687334370046556842e-02,1.499999999999999944e-01
2.560000000000000123e-02,3.034571085481232444e-01,1.499999999999999944e-01
3.370000000000000079e-02,-1.430207166840631317e-01,1.499999999999999944e-01
5.460000000000000270e-02,-4.465460592319274724e-01,1.499999999999999944e-01
2.400000000000000050e-02,-6.324706556054593420e-02,1.499999999999999944e-01
3.359999999999999792e-02,2.523809039090707529e-02,1.499999999999999944e-01
3.409999999999999837e-02,-1.708494480018387662e-01,1.499999999999999944e-01
2.610000000000000167e-02,-6.337653924816777362e-02,1.499999999999999944e-01
2.110000000000000070e-02,-2.960029158722079501e-01,1.499999999999999944e-01
3.209999999999999659e-02,1.657764778376957793e-02,1.499999999999999944e-01
2.210000000000000159e-02,-1.362001428241370604e-01,1.499999999999999944e-01
3.339999999999999913e-02,-8.704315197817180660e-02,1.499999999999999944e-01
3.409999999999999837e-02,-7.021330800183989140e-02,1.499999999999999944e-01
4.209999999999999853e-02,-7.824271400973970003e-02,1.499999999999999944e-01
5.759999999999999842e-02,-9.505324529381198317e-02,1.499999999999999944e-01
2.050000000000000086e-02,-2.761621364134185797e-01,1.499999999999999944e-01
4.019999999999999962e-02,-1.926400329921307275e-03,1.499999999999999944e-01
2.599999999999999881e-02,-3.405993886081404298e-02,1.499999999999999944e-01
2.589999999999999941e-02,9.088816125945697877e-03,1.499999999999999944e-01
2.390000000000000110e-02,-1.952863858993438839e-01,1.499999999999999944e-01
6.900000000000000577e-02,-1.291657628608078312e-02,1.499999999999999944e-01
6.510000000000000508e-02,-1.420078623703773246e-01,1.499999999999999944e-01
2.290000000000000022e-02,6.047555828823192314e-02,1.499999999999999944e-01
3.150000000000000022e-02,-1.866801188546034496e-01,1.499999999999999944e-01
2.149999999999999828e-02,-6.518859217611350232e-02,1.499999999999999944e-01
2.549999999999999836e-02,3.475128064571393338e-01,1.499999999999999944e-01
3.250000000000000111e-02,-9.363562182704754377e-02,1.499999999999999944e-01
8.429999999999999993e-02,2.273460174726693594e-02,1.499999999999999944e-01
3.080000000000000099e-02,-1.593031744272863648e-01,1.499999999999999944e-01
3.269999999999999990e-02,1.739090423713136602e-01,1.499999999999999944e-01
4.229999999999999732e-02,-9.638012107139104501e-02,1.499999999999999944e-01
6.840000000000000246e-02,1.718001837359395267e-01,1.499999999999999944e-01
1.529999999999999936e-02,4.545858341755604215e-01,1.499999999999999944e-01
2.330000000000000127e-02,-2.922880082624104148e-01,1.499999999999999944e-01
4.909999999999999781e-02,-8.978356203094506327e-02,1.499999999999999944e-01
4.250000000000000305e-02,-5.715538974504923431e-01,1.499999999999999944e-01
1.919999999999999832e-02,-1.312114325761370992e-02,1.499999999999999944e-01
3.080000000000000099e-02,-9.147744427288273528e-03,1.499999999999999944e-01
2.120000000000000009e-02,-1.199596079935716375e-01,1.499999999999999944e-01
2.769999999999999893e-02,1.503289437679100615e-01,1.499999999999999944e-01
3.350000000000000200e-02,2.529036240872528651e-04,1.499999999999999944e-01
2.079999999999999905e-02,-1.298512496138570782e-01,1.499999999999999944e-01
1.729999999999999941e-02,-2.914381056068933162e-01,1.499999999999999944e-01
3.599999999999999728e-02,1.382250285541175572e-02,1.499999999999999944e-01
2.330000000000000127e-02,2.394074173759008772e-02,1.499999999999999944e-01
5.890000000000000097e-02,-1.134476326923561373e-01,1.499999999999999944e-01
5.829999999999999766e-02,-1.439637524931143275e-01,1.499999999999999944e-01
6.880000000000000004e-02,-8.582474940271822561e-02,1.499999999999999944e-01
3.209999999999999659e-02,-2.313400922162287543e-01,1.499999999999999944e-01
5.220000000000000334e-02,-2.817270336490338423e-01,1.499999999999999944e-01
3.080000000000000099e-02,-1.947797644272881712e-01,1.499999999999999944e-01
3.289999999999999869e-02,8.060525819296060490e-03,1.499999999999999944e-01
2.299999999999999961e-02,-7.531661647433907092e-02,1.499999999999999944e-01
1.499999999999999944e-02,1.704938187306908048e-01,1.499999999999999944e-01
3.209999999999999659e-02,-9.055092216229354563e-03,1.499999999999999944e-01
6.429999999999999605e-02,-2.455390814816169609e-01,1.499999999999999944e-01
3.200000000000000067e-02,-4.584566301860348858e-02,1.499999999999999944e-01
2.089999999999999844e-02,-2.329298656666765055e-01,1.499999999999999944e-01
2.189999999999999933e-02,-1.893862663747327701e-01,1.499999999999999944e-01
3.200000000000000067e-02,-2.840396830186051602e-01,1.499999999999999944e-01
1.510000000000000057e-02,3.020611700290700696e-01,1.499999999999999944e-01
1.919999999999999832e-02,-2.582372632576124261e-01,1.499999999999999944e-01
2.659999999999999865e-02,-1.420330237165856602e-01,1.499999999999999944e-01
3.769999999999999740e-02,-4.392255915016249901e-01,1.499999999999999944e-01
2.469999999999999973e-02,-3.889075472529199828e-01,1.499999999999999944e-01
2.419999999999999929e-02,-6.828408247747574933e-02,1.499999999999999944e-01
3.660000000000000059e-02,-1.977035173331813667e-01,1.499999999999999944e-01
2.290000000000000022e-02,2.234458288235430246e-03,1.499999999999999944e-01
3.119999999999999857e-02,6.613609511612139613e-02,1.499999999999999944e-01
1.499999999999999944e-02,-9.786802126930638224e-02,1.499999999999999944e-01
3.409999999999999837e-02,-2.422793880018403456e-01,1.499999999999999944e-01
2.510000000000000078e-02,-3.896309846607550753e-01,1.499999999999999944e-01
1.890000000000000013e-02,-3.405821840089870989e-01,1.499999999999999944e-01
2.980213699999999938e-02,-2.447994047382522353e-01,1.499999999999999944e-01
3.213401700000000083e-02,-5.036245613937069265e-01,1.499999999999999944e-01
2.756872600000000173e-02,-6.874959011106795970e-02,1.499999999999999944e-01
4.696733499999999895e-02,-2.268860106734962301e-01,1.499999999999999944e-01
1.831523200000000073e-02,-2.746606541573086702e-01,1.499999999999999944e-01
8.004814400000000163e-02,-2.267959220752615579e-01,1.499999999999999944e-01
2.418529900000000038e-02,-2.040053347297714481e-01,1.499999999999999944e-01
1.502704300000000034e-02,-2.630276871497869706e-01,1.499999999999999944e-01
2.839602700000000077e-02,-6.114710831521819046e-02,1.499999999999999944e-01
4.497667300000000173e-02,-7.481022082993860067e-02,1.499999999999999944e-01
3.291237100000000276e-02,3.331471249407513824e-02,1.499999999999999944e-01
7.535011199999999687e-02,-1.964044639761013400e-01,1.499999999999999944e-01
2.037472499999999978e-02,-2.235549877440661248e-01,1.499999999999999944e-01
2.297116800000000014e-02,-9.321891936714621352e-03,1.499999999999999944e-01
2.680919699999999989e-02,-2.226071739626078738e-01,1.499999999999999944e-01
1.793128299999999925e-02,-2.501820359146904593e-01,1.499999999999999944e-01
4.839219499999999896e-02,-1.018272516721836496e-01,1.499999999999999944e-01
5.668336699999999839e-02,-1.759199072006296660e-01,1.499999999999999944e-01
6.386408400000000152e-02,-8.988808153885941010e-02,1.499999999999999944e-01
1.462902959999999863e-01,2.737040908130197181e-01,1.499999999999999944e-01
1.292782070000000061e-01,-8.296843032467648982e-02,1.499999999999999944e-01
1.027150339999999967e-01,1.111854575967186065e-02,1.499999999999999944e-01
2.425046800000000002e-01,-3.373128697631884165e-01,1.499999999999999944e-01
2.984092740000000021e-01,9.829854963573581017e-02,1.499999999999999944e-01
4.371891099999999919e-02,-1.757515124750739233e-01,1.499999999999999944e-01
1.130426449999999972e-01,-1.426769003953154424e-01,1.499999999999999944e-01
2.564757429999999783e-01,9.763701338428631971e-03,1.499999999999999944e-01
2.955855499999999747e-01,1.958650509916282090e-01,1.499999999999999944e-01
3.803594869999999961e-01,1.032622958477773523e-01,1.499999999999999944e-01
1.456685470000000093e-01,-2.187654166853931770e-01,1.499999999999999944e-01
2.734547689999999864e-01,-2.712119769607568287e-02,1.499999999999999944e-01
2.975188340000000098e-01,-1.846948998249260399e-01,1.499999999999999944e-01
3.789658020000000183e-01,3.626173847815294948e-02,1.499999999999999944e-01
3.804165139999999834e-01,-2.822638254230298571e-01,1.499999999999999944e-01
3.017550299999999797e-01,5.028257394580109008e-01,1.499999999999999944e-01
3.483450209999999769e-01,-3.136051921413951504e-02,1.499999999999999944e-01
8.568945899999999560e-02,-6.855374682712067624e-02,1.499999999999999944e-01
2.605861079999999830e-01,-1.158475752806467085e-01,1.499999999999999944e-01
2.155433210000000099e-01,1.076989111962376455e-01,1.499999999999999944e-01
1.176253290000000007e-01,-2.053851620157089997e-01,1.499999999999999944e-01
1.822182400000000035e-01,-2.010275476346379264e-01,1.499999999999999944e-01
3.575073570000000256e-01,-7.367256331991001161e-02,1.499999999999999944e-01
1.417879989999999979e-01,6.056315202287265720e-02,1.499999999999999944e-01
2.605334770000000133e-01,1.696010886687204788e-01,1.499999999999999944e-01
2.327811069999999871e-01,-1.661410728758383470e-01,1.499999999999999944e-01
1.518578949999999927e-01,-2.157653090268141227e-01,1.499999999999999944e-01
9.390863200000000577e-02,-1.001084465896440179e-01,1.499999999999999944e-01
2.866187069999999726e-01,1.713261780368782183e-01,1.499999999999999944e-01
1.943165119999999968e-01,1.634753361409480021e-02,1.499999999999999944e-01
1.470251379999999997e-01,6.718190633399956369e-03,1.499999999999999944e-01
2.115869820000000068e-01,4.151468015785582111e-01,1.499999999999999944e-01
1.801197800000000071e-01,-1.292410779843820023e-01,1.499999999999999944e-01
2.634910269999999888e-01,1.018322361162304901e-01,1.499999999999999944e-01
1.921499799999999980e-01,1.203055238885823996e-01,1.499999999999999944e-01
3.388026089999999768e-01,3.386634811822375468e-02,1.499999999999999944e-01
1.172773629999999956e-01,-3.210472340344949771e-02,1.499999999999999944e-01
1.424046519999999927e-01,-1.067676893602396149e-01,1.499999999999999944e-01
1.608618549999999980e-01,-1.857057426798363053e-01,1.499999999999999944e-01
2.884183450000000204e-01,-3.934159516067836648e-02,1.499999999999999944e-01
1.228289000000000047e-01,-8.396048766763897220e-02,1.499999999999999944e-01
2.636479509999999915e-01,-1.187371412604463217e-01,1.499999999999999944e-01
1.264731620000000001e-01,-2.402193808514994089e-01,1.499999999999999944e-01
1.727422309999999961e-01,-1.674437095837078004e-01,1.499999999999999944e-01
1.637958949999999969e-01,-1.522402918113527903e-01,1.499999999999999944e-01
2.495110550000000094e-01,2.454350108063181324e-01,1.499999999999999944e-01
2.577403039999999756e-01,3.866744347356387834e-02,1.499999999999999944e-01
1.067123400000000027e-01,7.375926321643078154e-02,1.499999999999999944e-01
1.598899380000000092e-01,-1.402505472018589217e-01,1.499999999999999944e-01
2.049796849999999948e-01,-4.603596679341848130e-02,1.499999999999999944e-01
2.443788769999999944e-01,-2.841238448379144188e-01,1.499999999999999944e-01
2.485081309999999932e-01,-2.537291542280470935e-01,1.499999999999999944e-01
2.285284740000000092e-01,-7.257730384994687256e-02,1.499999999999999944e-01
8.585464399999999385e-02,-1.178679052375386505e-01,1.499999999999999944e-01
6.183576500000000087e-02,-2.026995168309255746e-01,1.499999999999999944e-01
2.778534229999999883e-01,4.548573210804107703e-02,1.499999999999999944e-01
2.754401969999999977e-01,-2.821987138430870345e-02,1.499999999999999944e-01
1.552473279999999900e-01,-1.052813010206463673e-01,1.499999999999999944e-01
3.305124489999999859e-01,1.664809038067005531e-02,1.499999999999999944e-01
3.619343090000000096e-01,-4.813663466939033242e-02,1.499999999999999944e-01
3.306346279999999860e-01,-1.599285470708409207e-01,1.499999999999999944e-01
1.446210860000000098e-01,3.199019646114464877e-02,1.499999999999999944e-01
3.892887879999999967e-01,-8.617759511224676316e-03,1.499999999999999944e-01
1.739100570000000068e-01,-1.541214753863116016e-01,1.499999999999999944e-01
3.003126959999999901e-01,-1.325815211544707495e-01,1.499999999999999944e-01
1.163485030000000059e-01,-1.374702187010257148e-02,1.499999999999999944e-01
2.185851890000000131e-01,-2.278870332843041524e-02,1.499999999999999944e-01
1.196715379999999940e-01,-6.866456177287005858e-02,1.499999999999999944e-01
1.546320969999999961e-01,-8.946455165641253870e-02,1.499999999999999944e-01
4.083190919999999946e-01,1.114616932734691090e-01,1.499999999999999944e-01
1.776006950000000029e-01,3.356972984230637280e-01,1.499999999999999944e-01
2.506676310000000019e-01,1.991042123769943828e-01,1.499999999999999944e-01
2.517401859999999769e-01,-1.494449725434066067e-02,1.499999999999999944e-01
3.915992130000000015e-01,-1.170738382772853470e-01,1.499999999999999944e-01
1.287267350000000088e-01,-1.269416238425122856e-01,1.499999999999999944e-01
3.996013350000000020e-01,5.319354245758489697e-02,1.499999999999999944e-01
3.094926450000000107e-01,-3.392021045871729257e-02,1.499999999999999944e-01
1.706283969999999872e-01,-1.668365917394325493e-01,1.499999999999999944e-01
2.789246759999999825e-01,-3.392148820385898489e-02,1.499999999999999944e-01
3.085808660000000092e-01,-1.373619314948868464e-01,1.499999999999999944e-01
1.858124469999999917e-01,-1.636671524070010264e-02,1.499999999999999944e-01
6.644031200000000137e-02,-1.221979123626013575e-01,1.499999999999999944e-01
3.164298449999999874e-01,2.893485386103265000e-01,1.499999999999999944e-01
2.574978880000000081e-01,-1.640174507977576468e-02,1.499999999999999944e-01
2.987774440000000031e-01,6.228440945728408451e-02,1.499999999999999944e-01
2.704344430000000243e-01,-5.870320515194293876e-02,1.499999999999999944e-01
2.794547330000000107e-01,-3.050210008697149533e-01,1.499999999999999944e-01
2.924697560000000252e-01,3.367265046620104840e-03,1.499999999999999944e-01
1.888531750000000120e-01,-8.637525328271067337e-02,1.499999999999999944e-01
2.657624800000000231e-01,-1.878535441535404971e-01,1.499999999999999944e-01
1.242735289999999937e-01,-1.905225404348840357e-01,1.499999999999999944e-01
1.825489130000000071e-01,-1.505701558752292613e-02,1.499999999999999944e-01
3.128833639999999972e-01,-6.400567525553668702e-02,1.499999999999999944e-01
3.095473369999999780e-01,1.400170314831612473e-01,1.499999999999999944e-01
8.901942899999999714e-02,-3.235798559625990833e-01,1.499999999999999944e-01
4.024596189999999907e-01,2.179722955424168163e-01,1.499999999999999944e-01
2.006117199999999934e-01,-1.675501814471971329e-01,1.499999999999999944e-01
3.263964830000000150e-01,-2.085700411629716200e-01,1.499999999999999944e-01
2.116295980000000021e-01,-1.655464210992150242e-01,1.499999999999999944e-01
1.796856410000000071e-01,-4.123017383790283930e-02,1.499999999999999944e-01
9.314940300000000561e-02,2.635455154182153592e-02,1.499999999999999944e-01
3.024016210000000093e-01,3.705188905787082376e-02,1.499999999999999944e-01
1.086382659999999972e-01,4.689604266037861180e-02,1.499999999999999944e-01
8.569611700000000221e-02,-7.235072891856475508e-02,1.499999999999999944e-01
2.026086800000000132e-01,-7.544065672976785208e-02,1.499999999999999944e-01
1.967160689999999934e-01,-4.952017089514271220e-02,1.499999999999999944e-01
1.266879890000000008e-01,-3.936838612301585272e-02,1.499999999999999944e-01
2.145682590000000112e-01,2.370764120231427796e-02,1.499999999999999944e-01
3.204469890000000154e-01,-3.348938568532133786e-02,1.499999999999999944e-01
2.183474450000000011e-01,1.531636210884812499e-03,1.499999999999999944e-01
1.897065669999999926e-01,5.060280043121423432e-02,1.499999999999999944e-01
9.293681800000000437e-02,-1.035597205337523974e-01,1.499999999999999944e-01
3.796622940000000113e-01,-1.166714187565744965e-01,1.499999999999999944e-01
2.109383950000000008e-01,-1.540098122546211812e-01,1.499999999999999944e-01
3.666028989999999821e-01,3.959131424358233176e-01,1.499999999999999944e-01
4.209268210000000066e-01,3.295632635204697181e-01,1.499999999999999944e-01
2.580282709999999757e-01,2.920407318953266440e-02,1.499999999999999944e-01
1.835684049999999901e-01,-1.012856152640324581e-01,1.499999999999999944e-01
2.125487650000000006e-01,-6.826575667780332424e-02,1.499999999999999944e-01
3.600342120000000201e-01,-2.624215578333277676e-01,1.499999999999999944e-01
3.939744780000000168e-01,1.404715252667898540e-01,1.499999999999999944e-01
1.147126210000000007e-01,-5.847890343421369153e-02,1.499999999999999944e-01
1.437059069999999938e-01,-5.843497363459704275e-02,1.499999999999999944e-01
2.524860600000000121e-01,-4.529200938721089642e-02,1.499999999999999944e-01
3.872971069999999738e-01,2.938299625296210138e-01,1.499999999999999944e-01
3.485838580000000242e-01,-3.988206855341047685e-02,1.499999999999999944e-01
2.554906200000000016e-01,-1.059596167188701088e-01,1.499999999999999944e-01
2.165828220000000082e-01,1.600961435593148963e-01,1.499999999999999944e-01
4.299999999999999933e-01,-5.379392092455859142e-01,1.499999999999999944e-01
6.199999999999999956e-01,4.505551101046378903e-01,1.499999999999999944e-01
5.699999999999999512e-01,-7.431230927400633846e-02,1.499999999999999944e-01
2.999999999999999889e-01,-1.412265473667417837e-02,1.499999999999999944e-01
3.800000000000000044e-01,5.112610822390308840e-01,1.499999999999999944e-01
4.299999999999999933e-01,5.417441307544166307e-01,1.499999999999999944e-01
2.399999999999999911e-01,2.990885893879848823e-01,1.499999999999999944e-01
4.400000000000000022e-01,1.357030919899600008e-01,1.499999999999999944e-01
5.000000000000000000e-01,1.301018911553413204e-01,1.499999999999999944e-01
9.699999999999999734e-01,-1.120060833583046644e+00,1.499999999999999944e-01
4.789999999999999813e-01,2.263227662426814391e-01,1.499999999999999944e-01
8.299999999999999600e-01,1.115000941679511470e-02,1.499999999999999944e-01
4.159999999999999809e-01,6.487505251330674128e-01,1.499999999999999944e-01
5.809999999999999609e-01,-5.485139746181246778e-01,1.499999999999999944e-01
4.500000000000000111e-01,-1.376913532889147973e-01,1.499999999999999944e-01
5.789999999999999591e-01,5.831838651706036103e-01,1.499999999999999944e-01
3.200000000000000067e-01,1.117106091694779479e-01,1.499999999999999944e-01
6.570000000000000284e-01,4.946407613792302982e-02,1.499999999999999944e-01
4.299999999999999933e-01,-9.066054924558386574e-02,1.499999999999999944e-01
4.719999999999999751e-01,-1.194863562683465830e-01,1.499999999999999944e-01
3.739999999999999991e-01,1.672238278923664723e+00,1.499999999999999944e-01
1.799999999999999933e-01,4.232502218777298708e-01,1.499999999999999944e-01
5.500000000000000444e-01,1.870497356663292976e+00,1.499999999999999944e-01
5.919999999999999707e-01,1.492738732528479773e+00,1.499999999999999944e-01
1.719999999999999862e-01,-3.581342815770014454e-01,1.499999999999999944e-01
5.260000000000000231e-01,-4.042734663789246952e-01,1.499999999999999944e-01
7.630000000000000115e-01,1.160505362359820936e+00,1.499999999999999944e-01
5.799999999999999600e-01,6.975631809492810476e-01,1.499999999999999944e-01
4.299999999999999933e-01,-5.486127924558559243e-02,1.499999999999999944e-01
4.500000000000000111e-01,3.012899767110823745e-01,1.499999999999999944e-01
6.560000000000000275e-01,2.229826554701688224e-01,1.499999999999999944e-01
4.949999999999999956e-01,-8.878733644868930242e-02,1.499999999999999944e-01
4.899999999999999911e-01,-3.948197558139483476e-01,1.499999999999999944e-01
5.699999999999999512e-01,1.080440407259928293e-01,1.499999999999999944e-01
3.880000000000000115e-01,6.045213209317239489e-01,1.499999999999999944e-01
4.500000000000000111e-01,4.327645267110824534e-01,1.499999999999999944e-01
4.799999999999999822e-01,2.929890978357008180e-02,1.499999999999999944e-01
6.149999999999999911e-01,-2.140991706717159104e-01,1.499999999999999944e-01
4.000000000000000222e-01,6.347031697476808176e-01,1.499999999999999944e-01
6.550000000000000266e-01,-6.028775412705229542e-01,1.499999999999999944e-01
4.979999999999999982e-01,7.608733264516089889e-01,1.499999999999999944e-01
4.650000000000000244e-01,-2.261962470338616527e-01,1.499999999999999944e-01
4.530000000000000138e-01,8.349918371289675179e-01,1.499999999999999944e-01
4.249999999999999889e-01,-6.256907158709594796e-01,1.499999999999999944e-01
5.140000000000000124e-01,4.839276445131659443e-01,1.499999999999999944e-01
4.229999999999999871e-01,-2.506179802484211905e-01,1.499999999999999944e-01
8.589999999999999858e-01,4.717339987024473658e-01,1.499999999999999944e-01
9.360000000000000542e-01,-5.398702411477813712e-01,1.499999999999999944e-01
5.280000000000000249e-01,8.443232869686312370e-02,1.499999999999999944e-01
9.779999999999999805e-01,-4.629333334342007333e-01,1.499999999999999944e-01
8.850000000000000089e-01,4.848998412610470155e-01,1.499999999999999944e-01
8.149999999999999467e-01,5.907981461585336547e-01,1.499999999999999944e-01
6.979999999999999538e-01,6.872333987559855473e-01,1.499999999999999944e-01
5.679999999999999494e-01,1.547399853634274791e-01,1.499999999999999944e-01
7.109999999999999654e-01,4.374350812167691060e-01,1.499999999999999944e-01
3.396000000000000130e-01,-1.932518768604154502e-01,1.499999999999999944e-01
3.965000000000000191e-01,-1.684930195411737941e-01,1.499999999999999944e-01
8.120000000000000551e-01,1.795966676400482243e-01,1.499999999999999944e-01
7.990000000000000435e-01,-5.304875674634246252e-02,1.499999999999999944e-01
8.820000000000000062e-01,-3.154730477519009924e-01,1.499999999999999944e-01
8.329999999999999627e-01,1.474097167899799388e-01,1.499999999999999944e-01
8.739999999999999991e-01,-3.712045000361925418e-01,1.499999999999999944e-01
7.720000000000000195e-01,1.676042675181932395e-01,1.499999999999999944e-01
1.779999999999999916e-01,-2.854224960215319129e-01,1.499999999999999944e-01
2.600000000000000089e-01,1.897255500925965066e-01,1.499999999999999944e-01
1.859999999999999987e-01,-1.306539066145973038e-01,1.499999999999999944e-01
2.690000000000000169e-01,6.120112389796616981e-02,1.499999999999999944e-01
2.149999999999999967e-01,1.951773570110191258e-01,1.499999999999999944e-01
5.430000000000000382e-01,3.820841425351062526e-02,1.499999999999999944e-01
7.500000000000000000e-01,-2.431898185047742800e-02,1.499999999999999944e-01
6.400000000000000133e-01,-9.434266230048393709e-02,1.499999999999999944e-01
4.299999999999999933e-01,3.273268307544157096e-01,1.499999999999999944e-01
6.400000000000000133e-01,3.057907576995191334e-01,1.499999999999999944e-01
4.969999999999999973e-01,1.067473168945625162e-01,1.499999999999999944e-01
4.400000000000000022e-01,9.681735198996221925e-02,1.499999999999999944e-01
3.549999999999999822e-01,-4.301177545658418921e-02,1.499999999999999944e-01
7.800000000000000266e-01,2.316060022193866530e-01,1.499999999999999944e-01
5.400000000000000355e-01,-1.984733268052707444e-03,1.499999999999999944e-01
8.599999999999999867e-01,2.974417267495965689e-01,1.499999999999999944e-01
4.680000000000000271e-01,4.815000033630312259e-01,1.499999999999999944e-01
8.399999999999999689e-01,3.105219396274065957e-01,1.499999999999999944e-01
9.599999999999999645e-01,-3.006425369634087019e-01,1.499999999999999944e-01
8.217999999999999750e-01,3.100599367696048603e-01,1.499999999999999944e-01
9.300000000000000488e-01,-2.775794485322862215e-01,1.499999999999999944e-01
4.510000000000000120e-01,-1.785311687784343349e-01,1.499999999999999944e-01
6.099999999999999867e-01,1.690558871730090118e-01,1.499999999999999944e-01
8.299999999999999600e-01,5.194064994167959526e-01,1.499999999999999944e-01
7.069999999999999618e-01,1.678773993621547334e-01,1.499999999999999944e-01
4.149999999999999800e-01,1.078528157449483160e-01,1.499999999999999944e-01
5.570000000000000506e-01,5.204422772662553598e-02,1.499999999999999944e-01
7.910000000000000364e-01,1.712242563579025045e-01,1.499999999999999944e-01
6.949999999999999512e-01,1.413136619632311408e-01,1.499999999999999944e-01
6.330000000000000071e-01,2.194193560798680664e-01,1.499999999999999944e-01
2.485999999999999877e-01,8.440196417045342514e-02,1.499999999999999944e-01
5.320000000000000284e-01,1.768719270525949128e-01,1.499999999999999944e-01
3.310000000000000164e-01,-1.364005818939304504e-01,1.499999999999999944e-01
3.459999999999999742e-01,4.193856286799046984e-02,1.499999999999999944e-01
9.609999999999999654e-01,3.475945667454283239e-01,1.499999999999999944e-01
6.129999999999999893e-01,2.453005477808858359e-01,1.499999999999999944e-01
3.402000000000000024e-01,4.657062332771744195e-02,1.499999999999999944e-01
9.829999999999999849e-01,1.807742750885310556e-01,1.499999999999999944e-01
7.099999999999999645e-01,-1.034411772662551243e-01,1.499999999999999944e-01
7.299999999999999822e-01,7.970354237024679378e-02,1.499999999999999944e-01
4.699999999999999734e-01,5.651204636459539188e-02,1.499999999999999944e-01
6.199999999999999956e-01,2.318456901046417329e-01,1.499999999999999944e-01
5.210000000000000187e-01,-1.561707677969792485e-01,1.499999999999999944e-01
3.689999999999999947e-01,1.541229543617035347e-01,1.499999999999999944e-01
5.709999999999999520e-01,-1.687063590034014737e-01,1.499999999999999944e-01
6.039999999999999813e-01,-1.837343818871985945e-01,1.499999999999999944e-01
9.271000000000000352e-01,1.187258831450535013e-01,1.499999999999999944e-01
2.849999999999999756e-01,7.699877489386608431e-04,1.499999999999999944e-01
2.912000000000000144e-01,-6.614745894902540613e-02,1.499999999999999944e-01
5.480000000000000426e-01,-1.674610329875747539e-01,1.499999999999999944e-01
8.679999999999999938e-01,-1.552171903031620559e-01,1.499999999999999944e-01
4.959999999999999964e-01,1.920720510767637279e-03,1.499999999999999944e-01
8.110000000000000542e-01,-6.622436524707353556e-02,1.499999999999999944e-01
7.560000000000000053e-01,5.260015515399203423e-01,1.499999999999999944e-01
8.169999999999999485e-01,1.615605069302290531e-01,1.499999999999999944e-01
7.520000000000000018e-01,2.760437256603864853e-02,1.499999999999999944e-01
5.515999999999999792e-01,-1.771328197416863759e-01,1.499999999999999944e-01
3.578000000000000069e-01,3.039873908722512397e-02,1.499999999999999944e-01
1.010000000000000009e+00,-3.587957572339206536e-02,1.499999999999999944e-01
7.409999999999999920e-01,4.812310230993546156e-01,1.499999999999999944e-01
4.299999999999999933e-01,-4.587657924558641298e-02,1.499999999999999944e-01
5.260000000000000231e-01,3.985635362107586843e-02,1.499999999999999944e-01
5.919999999999999707e-01,-8.229333747151912348e-02,1.499999999999999944e-01
9.050000000000000266e-01,-1.194665169836923724e-01,1.499999999999999944e-01
9.489999999999999547e-01,-4.384860401623598136e-01,1.499999999999999944e-01
4.606999999999999984e-01,4.347034831591400916e-02,1.499999999999999944e-01
3.709000000000000075e-01,1.767250464956475753e-01,1.499999999999999944e-01
8.000000000000000444e-01,2.789213027054842087e-01,1.499999999999999944e-01
6.790000000000000480e-01,4.469949758591269529e-01,1.499999999999999944e-01
5.816999999999999948e-01,5.704466779417316502e-02,1.499999999999999944e-01
5.500000000000000444e-01,-1.973231333367024831e-01,1.499999999999999944e-01
8.100000000000000533e-01,-9.764801393752264858e-02,1.499999999999999944e-01
9.499999999999999556e-01,9.042923479344722182e-02,1.499999999999999944e-01
3.372999999999999887e-01,3.379761148937632242e-02,1.499999999999999944e-01
9.100000000000000311e-01,5.328040686434860618e-01,1.499999999999999944e-01
2.630000000000000115e-01,-2.636223859725816965e-02,1.499999999999999944e-01
6.430000000000000160e-01,1.407010129753700767e-01,1.499999999999999944e-01
6.909999999999999476e-01,3.325128838282864763e-02,1.499999999999999944e-01
3.569999999999999840e-01,2.648506325180477461e-02,1.499999999999999944e-01
7.209999999999999742e-01,1.047511591139027587e-02,1.499999999999999944e-01
5.809999999999999609e-01,1.303860853818719079e-01,1.499999999999999944e-01
6.268000000000000238e-01,-4.666282705722579749e-02,1.499999999999999944e-01
8.179999999999999494e-01,-1.003035434334265119e-01,1.499999999999999944e-01
4.627000000000000002e-01,3.290544505347270388e-03,1.499999999999999944e-01
4.490000000000000102e-01,5.891881552041411396e-02,1.499999999999999944e-01
6.879999999999999449e-01,9.678604767593412816e-03,1.499999999999999944e-01
8.699999999999999956e-01,5.767604464705016198e-01,1.499999999999999944e-01
5.042999999999999705e-01,8.380671331362776755e-02,1.499999999999999944e-01
5.909999999999999698e-01,5.537905657974562246e-01,1.499999999999999944e-01
4.259999999999999898e-01,-7.206454419426222557e-02,1.499999999999999944e-01
3.290000000000000147e-01,1.401017673300017918e-01,1.499999999999999944e-01
5.829999999999999627e-01,-2.195420410663686539e-01,1.499999999999999944e-01
5.190000000000000169e-01,7.448905151170137628e-01,1.499999999999999944e-01
4.010000000000000231e-01,1.120676328651626363e-02,1.499999999999999944e-01
2.049999999999999878e-01,-1.669997010240180657e-01,1.499999999999999944e-01
3.400000000000000244e-01,-6.691103209653448403e-02,1.499999999999999944e-01
4.359999999999999987e-01,-1.114535547587536257e-02,1.499999999999999944e-01
3.629999999999999893e-01,1.121958166264462875e-01,1.499999999999999944e-01
4.359999999999999987e-01,3.460774452412351820e-02,1.499999999999999944e-01
3.089999999999999969e-01,1.255325128288973247e-01,1.499999999999999944e-01
3.420000000000000262e-01,9.023221336773445955e-02,1.499999999999999944e-01
1.590000000000000024e-01,-6.153810638542722700e-02,1.499999999999999944e-01
3.320000000000000173e-01,3.328065211999131634e-02,1.499999999999999944e-01
4.689999999999999725e-01,2.817504067133071999e-01,1.499999999999999944e-01
2.389999999999999902e-01,-1.740628812409212856e-01,1.499999999999999944e-01
3.519999999999999796e-01,5.916973077339093834e-02,1.499999999999999944e-01
6.119999999999999885e-01,6.968199984259371149e-02,1.499999999999999944e-01
6.310000000000000053e-01,-4.449669282959547445e-01,1.499999999999999944e-01
6.450000000000000178e-01,-6.154837159891712872e-02,1.499999999999999944e-01
4.289999999999999925e-01,3.901163273864938219e-02,1.499999999999999944e-01
4.969999999999999973e-01,-1.420319531054374806e-01,1.499999999999999944e-01
5.390000000000000346e-01,-1.952631253524543808e-01,1.499999999999999944e-01
5.610000000000000542e-01,3.488648607940305624e-01,1.499999999999999944e-01
4.099999999999999756e-01,-3.914805788917874452e-01,1.499999999999999944e-01
4.119999999999999774e-01,-3.272793393347228630e-01,1.499999999999999944e-01
5.989999999999999769e-01,5.392928687265907683e-02,1.499999999999999944e-01
6.189999999999999947e-01,2.827336847607213599e-01,1.499999999999999944e-01
4.219999999999999862e-01,-8.197629720300625422e-02,1.499999999999999944e-01
5.400000000000000355e-01,8.455751673194100704e-02,1.499999999999999944e-01
4.010000000000000231e-01,8.704026532865185573e-01,1.499999999999999944e-01
2.179999999999999993e-01,-1.401531876358887985e-01,1.499999999999999944e-01
6.330000000000000071e-01,-6.287716939201359878e-01,1.499999999999999944e-01
3.830000000000000071e-01,7.081160192240787410e-02,1.499999999999999944e-01
3.019999999999999907e-01,3.178560682343984922e-01,1.499999999999999944e-01
3.400000000000000244e-01,-2.000465520965306609e-01,1.499999999999999944e-01
5.100000000000000089e-01,-4.019409281154082692e-01,1.499999999999999944e-01
4.209999999999999853e-01,3.316167638416658292e-01,1.499999999999999944e-01
3.990000000000000213e-01,-1.838143273009080758e-01,1.499999999999999944e-01
4.929999999999999938e-01,-5.063294600427070691e-02,1.499999999999999944e-01
6.870000000000000551e-01,-4.417629529555711088e-02,1.499999999999999944e-01
6.870000000000000551e-01,-2.057262552955592128e-01,1.499999999999999944e-01
4.949999999999999956e-01,4.096788355131053549e-02,1.499999999999999944e-01
6.029999999999999805e-01,-6.028400533432431985e-02,1.499999999999999944e-01
4.209999999999999853e-01,3.752128838416695089e-01,1.499999999999999944e-01
3.479999999999999760e-01,2.528900125443556135e-01,1.499999999999999944e-01
2.129999999999999949e-01,-5.181391238650689957e-02,1.499999999999999944e-01
3.439999999999999725e-01,-1.356940550961027725e-01,1.499999999999999944e-01
2.710000000000000187e-01,-2.003853637727033288e-01,1.499999999999999944e-01
5.639999999999999458e-01,-1.637050733732863250e-01,1.499999999999999944e-01
2.740000000000000213e-01,-3.440012947404369470e-02,1.499999999999999944e-01
1.809999999999999942e-01,-9.630322814528824438e-02,1.499999999999999944e-01
5.819999999999999618e-01,5.476044856206812028e-01,1.499999999999999944e-01
6.800000000000000488e-01,-1.101634441180578960e-01,1.499999999999999944e-01
4.010000000000000231e-01,2.514146032865198777e-01,1.499999999999999944e-01
4.159999999999999809e-01,-2.173295648669366642e-01,1.499999999999999944e-01
2.859999999999999765e-01,3.492422060514286386e-01,1.499999999999999944e-01
5.620000000000000551e-01,5.229259371382966037e-01,1.499999999999999944e-01
2.660000000000000142e-01,-2.974316395991323247e-01,1.499999999999999944e-01
3.140000000000000013e-01,1.448965493327278864e-01,1.499999999999999944e-01
5.809999999999999609e-01,1.056742515381870362e+00,1.499999999999999944e-01
4.630000000000000226e-01,-9.285674258119769320e-02,1.499999999999999944e-01
3.410000000000000253e-01,-2.957236988188185478e-01,1.499999999999999944e-01
6.310000000000000053e-01,5.947524170404960842e-02,1.499999999999999944e-01
5.220000000000000195e-01,3.362024074441052335e-01,1.499999999999999944e-01
3.679999999999999938e-01,-5.560125846990615628e-03,1.499999999999999944e-01
3.089999999999999969e-01,-1.874885471710996399e-01,1.499999999999999944e-01
5.280000000000000249e-01,-2.254013031333101935e-04,1.499999999999999944e-01
2.159999999999999976e-01,2.110879634239353209e-01,1.499999999999999944e-01
2.839999999999999747e-01,-9.648277021184981095e-03,1.499999999999999944e-01
5.080000000000000071e-01,-7.848263702447866308e-02,1.499999999999999944e-01
7.810000000000000275e-01,6.469474173663769534e-02,1.499999999999999944e-01
6.129999999999999893e-01,-1.317145222191129506e-01,1.499999999999999944e-01
2.780000000000000249e-01,-2.275468183434554703e-01,1.499999999999999944e-01
4.769999999999999796e-01,-6.064038932420601213e-02,1.499999999999999944e-01
9.499999999999999556e-01,-2.478606652065522553e-01,1.499999999999999944e-01
1.056999999999999940e+00,-1.864394308903882802e-02,1.499999999999999944e-01
8.159999999999999476e-01,2.042777306623477784e-01,1.499999999999999944e-01
4.550000000000000155e-01,3.267491602476013668e-01,1.499999999999999944e-01
1.020000000000000018e+00,2.884124122569033943e-01,1.499999999999999944e-01
1.139999999999999902e+00,-4.815857019812597173e-02,1.499999999999999944e-01
8.539999999999999813e-01,2.596685857021441279e-03,1.499999999999999944e-01
1.370000000000000107e+00,1.835169161799399262e-01,1.499999999999999944e-01
9.749999999999999778e-01,3.788534679612780565e-01,1.499999999999999944e-01
9.699999999999999734e-01,5.213370364169520599e-01,1.499999999999999944e-01
7.399999999999999911e-01,5.502435808290329078e-02,1.499999999999999944e-01
1.389999999999999902e+00,-2.925483797463357405e-02,1.499999999999999944e-01
4.600000000000000200e-01,1.240429771388065205e-01,1.499999999999999944e-01
1.020000000000000018e+00,8.955324225690475259e-02,1.499999999999999944e-01
1.120000000000000107e+00,1.906461008327653417e-01,1.499999999999999944e-01
1.229999999999999982e+00,4.455976339000500275e-01,1.499999999999999944e-01
1.189999999999999947e+00,-1.233741496362839030e-01,1.499999999999999944e-01
8.389999999999999680e-01,-1.613982591791653931e-01,1.499999999999999944e-01
1.010000000000000009e+00,8.637837142766073839e-01,1.499999999999999944e-01
5.210000000000000187e-01,4.194434220301701544e-02,1.499999999999999944e-01
4.749999999999999778e-01,4.056613056278024487e-04,1.499999999999999944e-01
9.499999999999999556e-01,-2.027985206552784803e-03,1.499999999999999944e-01
1.300000000000000044e+00,2.919531883444435039e-01,1.499999999999999944e-01
1.304999999999999938e+00,5.494873015038592712e-03,1.499999999999999944e-01
2.159999999999999976e-01,3.622256234239387140e-01,1.499999999999999944e-01
7.349999999999999867e-01,-1.231218923150478872e-01,1.499999999999999944e-01
1.139999999999999902e+00,-1.741635301981290240e-01,1.499999999999999944e-01
1.306999999999999940e+00,6.719322394507685203e-01,1.499999999999999944e-01
1.264999999999999902e+00,2.934547966829157417e-01,1.499999999999999944e-01
6.700000000000000400e-01,1.671094302784581487e-01,1.499999999999999944e-01
6.400000000000000133e-01,6.568549769951914641e-02,1.499999999999999944e-01
1.340000000000000080e+00,2.612684866930479188e-01,1.499999999999999944e-01
8.399999999999999689e-01,-4.827687037259664748e-02,1.499999999999999944e-01
9.350000000000000533e-01,-3.039580083394284316e-01,1.499999999999999944e-01
9.529999999999999583e-01,3.791110176887855232e-01,1.499999999999999944e-01
1.124000000000000110e+00,2.342259635119816608e-01,1.499999999999999944e-01
5.520000000000000462e-01,2.878419465961457036e-02,1.499999999999999944e-01
6.710000000000000409e-01,2.073687450597105908e-03,1.499999999999999944e-01
5.110000000000000098e-01,8.611102945214099691e-02,1.499999999999999944e-01
1.030000000000000027e+00,1.396594689600121342e-01,1.499999999999999944e-01
1.191999999999999948e+00,-3.196351521422258202e-02,1.499999999999999944e-01
1.092000000000000082e+00,-2.482747898675867759e-01,1.499999999999999944e-01
9.739999999999999769e-01,-1.180124716738362167e-01,1.499999999999999944e-01
1.110000000000000098e+00,3.255502303051898139e-01,1.499999999999999944e-01
1.350000000000000089e+00,7.033771304563174454e-04,1.499999999999999944e-01
8.499999999999999778e-01,-9.930987232802834797e-02,1.499999999999999944e-01
1.241000000000000103e+00,-1.734226498218305323e-02,1.499999999999999944e-01
1.413999999999999924e+00,-1.481800189008453117e-01,1.499999999999999944e-01
1.187999999999999945e+00,1.259531144176619932e-01,1.499999999999999944e-01
1.016999999999999904e+00,2.272808939161947706e-01,1.499999999999999944e-01
1.314999999999999947e+00,2.160552713117738222e-01,1.499999999999999944e-01
8.209999999999999520e-01,1.381791721789937810e-01,1.499999999999999944e-01
1.215000000000000080e+00,7.044497087772754185e-01,1.499999999999999944e-01
6.229999999999999982e-01,-2.752122625098536446e-01,1.499999999999999944e-01
