A,Q,Stable
1,1,1
2,1,1
3,1,0
3,2,1
3,3,0
4,1,0
4,2,1
4,3,0
5,1,0
5,2,0
5,3,0
5,4,0
6,1,0
6,2,0
6,3,1
6,3,0
6,4,0
6,5,0
7,1,0
7,2,0
7,3,1
7,3,0
7,4,0
7,4,0
7,5,0
8,2,0
8,3,0
8,3,0
8,4,0
8,4,0
8,4,0
8,5,0
8,5,0
8,6,0
9,2,0
9,3,0
9,4,1
9,4,0
9,5,0
9,5,0
9,6,0
10,2,0
10,3,0
10,3,0
10,3,0
10,4,0
10,4,0
10,5,1
10,5,0
10,6,0
10,7,0
11,3,0
11,4,0
11,4,0
11,5,1
11,5,0
11,5,0
11,6,0
11,6,0
11,7,0
11,7,0
11,8,0
12,3,0
12,4,0
12,4,0
12,5,0
12,5,0
12,6,1
12,6,0
12,6,0
12,7,0
12,7,0
12,8,0
13,3,0
13,4,0
13,4,0
13,5,0
13,6,1
13,6,0
13,7,0
13,7,0
13,8,0
13,9,0
14,4,0
14,4,0
14,5,0
14,5,0
14,6,0
14,6,0
14,7,1
14,7,0
14,8,0
14,9,0
15,4,0
15,5,0
15,6,0
15,7,1
15,7,0
15,8,0
15,8,0
15,9,0
15,10,0
16,4,0
16,5,0
16,6,0
16,7,0
16,7,0
16,7,0
16,8,1
16,8,0
16,8,0
16,8,0
16,9,0
16,10,0
17,5,0
17,6,0
17,7,0
17,8,1
17,8,0
17,9,0
17,9,0
17,10,0
17,11,0
18,5,0
18,6,0
18,7,0
18,8,1
18,8,0
18,9,0
18,9,0
18,9,0
18,10,0
18,11,0
19,5,0
19,6,0
19,7,0
19,8,0
19,9,1
19,9,0
19,10,0
19,10,0
19,11,0
19,12,0
20,5,0
20,6,0
20,7,0
20,8,0
20,9,0
20,9,0
20,10,1
20,10,0
20,10,0
20,11,0
20,11,0
20,12,0
21,5,0
21,6,0
21,7,0
21,8,0
21,9,0
21,10,1
21,10,0
21,11,0
21,11,0
21,12,0
21,13,0
22,6,0
22,7,0
22,8,0
22,9,0
22,10,1
22,10,0
22,11,0
22,11,0
22,11,0
22,12,0
22,12,0
22,13,0
22,14,0
23,6,0
23,7,0
23,8,0
23,9,0
23,10,0
23,11,1
23,11,0
23,11,0
23,12,0
23,12,0
23,13,0
23,13,0
23,14,0
24,7,0
24,8,0
24,9,0
24,10,0
24,11,0
24,11,0
24,11,0
24,12,1
24,12,0
24,12,0
24,13,0
24,13,0
24,13,0
24,14,0
24,15,0
25,7,0
25,8,0
25,9,0
25,10,0
25,11,0
25,12,1
25,12,0
25,13,0
25,13,0
25,14,0
25,15,0
26,8,0
26,9,0
26,9,0
26,10,0
26,11,0
26,11,0
26,12,1
26,13,0
26,13,0
26,14,0
26,14,0
26,15,0
26,15,0
26,16,0
27,8,0
27,9,0
27,10,0
27,11,0
27,12,0
27,13,1
27,13,0
27,14,0
27,14,0
27,15,0
27,15,0
27,16,0
28,8,0
28,9,0
28,10,0
28,11,0
28,12,0
28,13,0
28,13,0
28,14,1
28,14,0
28,14,0
28,14,0
28,15,0
28,15,0
28,16,0
28,17,0
29,9,0
29,10,0
29,11,0
29,12,0
29,13,0
29,14,1
29,14,0
29,15,0
29,15,0
29,16,0
29,17,0
29,18,0
30,9,0
30,10,0
30,11,0
30,12,0
30,13,0
30,14,1
30,15,0
30,15,0
30,16,0
30,17,0
30,18,0
31,9,0
31,10,0
31,11,0
31,12,0
31,13,0
31,14,0
31,15,1
31,15,0
31,16,0
31,16,0
31,17,0
31,17,0
31,18,0
31,19,0
32,10,0
32,11,0
32,12,0
32,13,0
32,13,0
32,14,0
32,15,0
32,15,0
32,16,1
32,16,0
32,16,0
32,17,0
32,17,0
32,18,0
32,19,0
32,19,0
33,10,0
33,11,0
33,12,0
33,13,0
33,14,0
33,15,0
33,16,1
33,16,0
33,17,0
33,17,0
33,18,0
33,19,0
33,20,0
34,10,0
34,11,0
34,12,0
34,13,0
34,13,0
34,14,0
34,14,0
34,15,0
34,16,1
34,17,0
34,17,0
34,18,0
34,18,0
34,19,0
34,20,0
35,11,0
35,12,0
35,13,0
35,14,0
35,15,0
35,16,0
35,16,0
35,17,1
35,17,0
35,18,0
35,18,0
35,19,0
35,19,0
35,20,0
35,21,0
36,11,0
36,12,0
36,13,0
36,14,0
36,15,0
36,16,1
36,17,0
36,17,0
36,18,1
36,18,0
36,18,0
36,19,0
36,19,0
36,20,0
36,21,0
37,11,0
37,12,0
37,13,0
37,14,0
37,15,0
37,16,0
37,17,1
37,17,0
37,18,0
37,18,0
37,19,0
37,19,0
37,20,0
37,21,0
37,22,0
38,11,0
38,12,0
38,13,0
38,14,0
38,15,0
38,16,0
38,17,0
38,17,0
38,17,0
38,18,1
38,18,0
38,18,0
38,19,0
38,19,0
38,19,0
38,20,0
38,21,0
38,21,0
38,22,0
39,11,0
39,12,0
39,13,0
39,14,0
39,15,0
39,16,0
39,17,0
39,18,0
39,18,0
39,19,1
39,19,0
39,20,0
39,20,0
39,21,0
39,21,0
39,22,0
39,23,0
40,12,0
40,13,0
40,14,0
40,15,0
40,16,0
40,17,0
40,18,1
40,19,0
40,19,0
40,19,0
40,20,1
40,20,0
40,20,0
40,21,0
40,21,0
40,22,0
40,23,0
41,12,0
41,13,0
41,14,0
41,15,0
41,16,0
41,17,0
41,18,0
41,19,1
41,19,0
41,20,0
41,20,0
41,21,0
41,21,0
41,21,0
41,22,0
41,23,0
41,24,0
42,13,0
42,14,0
42,15,0
42,16,0
42,17,0
42,18,0
42,19,0
42,19,0
42,20,1
42,20,0
42,21,0
42,21,0
42,21,0
42,22,0
42,23,0
42,24,0
43,13,0
43,14,0
43,15,0
43,16,0
43,16,0
43,17,0
43,18,0
43,19,0
43,19,0
43,20,1
43,20,0
43,21,0
43,21,0
43,21,0
43,21,0
43,22,0
43,22,0
43,22,0
43,22,0
43,23,0
43,23,0
43,24,0
43,25,0
44,14,0
44,15,0
44,16,0
44,16,0
44,17,0
44,18,0
44,19,0
44,20,1
44,20,0
44,21,0
44,21,0
44,21,0
44,21,0
44,21,0
44,22,0
44,22,0
44,22,0
44,23,0
44,23,0
44,23,0
44,23,0
44,24,0
44,25,0
45,14,0
45,15,0
45,16,0
45,17,0
45,18,0
45,19,0
45,20,0
45,21,1
45,21,0
45,21,0
45,22,0
45,22,0
45,22,0
45,23,0
45,23,0
45,23,0
45,24,0
45,24,0
45,25,0
45,26,0
46,15,0
46,16,0
46,17,0
46,18,0
46,19,0
46,20,1
46,21,0
46,21,0
46,21,0
46,21,0
46,22,1
46,22,0
46,22,0
46,23,0
46,23,0
46,24,0
46,24,0
46,25,0
46,25,0
46,25,0
46,26,0
47,15,0
47,16,0
47,17,0
47,18,0
47,19,0
47,20,0
47,21,0
47,21,0
47,22,1
47,22,0
47,23,0
47,23,0
47,24,0
47,24,0
47,25,0
47,25,0
47,26,0
47,26,0
47,27,0
48,16,0
48,17,0
48,18,0
48,19,0
48,20,0
48,21,0
48,22,1
48,22,0
48,23,0
48,23,0
48,24,0
48,24,0
48,24,0
48,25,0
48,25,0
48,26,0
48,27,0
48,28,0
49,16,0
49,17,0
49,18,0
49,19,0
49,20,0
49,21,0
49,22,1
49,23,0
49,23,0
49,24,0
49,24,0
49,25,0
49,25,0
49,26,0
49,27,0
49,28,0
50,17,0
50,18,0
50,19,0
50,19,0
50,20,0
50,21,0
50,21,0
50,22,1
50,23,0
50,23,0
50,24,1
50,24,0
50,24,0
50,25,0
50,25,0
50,26,0
50,26,0
50,27,0
50,27,0
50,28,0
51,17,0
51,18,0
51,19,0
51,20,0
51,21,0
51,22,0
51,23,1
51,24,0
51,24,0
51,25,0
51,25,0
51,26,0
51,27,0
51,27,0
51,28,0
52,17,0
52,18,0
52,19,0
52,20,0
52,21,0
52,22,0
52,23,0
52,24,1
52,24,0
52,25,0
52,25,0
52,25,0
52,26,0
52,26,0
52,26,0
52,26,0
52,27,0
52,27,0
52,27,0
52,28,0
52,29,0
53,18,0
53,19,0
53,20,0
53,21,0
53,22,0
53,23,0
53,24,1
53,25,0
53,25,0
53,26,0
53,26,0
53,26,0
53,27,0
53,27,0
53,27,0
53,28,0
53,29,0
54,18,0
54,19,0
54,20,0
54,21,0
54,21,0
54,22,0
54,23,0
54,23,0
54,24,1
54,25,0
54,25,0
54,26,1
54,26,0
54,26,0
54,27,0
54,27,0
54,28,0
54,28,0
54,29,0
54,30,0
55,19,0
55,20,0
55,21,0
55,22,0
55,23,0
55,24,0
55,25,1
55,26,0
55,26,0
55,27,0
55,27,0
55,28,0
55,28,0
55,29,0
55,30,0
56,19,0
56,20,0
56,21,0
56,21,0
56,21,0
56,22,0
56,23,0
56,24,0
56,25,0
56,26,1
56,26,0
56,27,0
56,27,0
56,28,0
56,28,0
56,28,0
56,28,0
56,29,0
56,29,0
56,30,0
56,30,0
56,31,0
57,19,0
57,20,0
57,21,0
57,22,0
57,23,0
57,24,0
57,25,0
57,26,1
57,27,0
57,27,0
57,28,0
57,28,0
57,29,0
57,29,0
57,30,0
57,31,0
58,19,0
58,20,0
58,21,0
58,21,0
58,22,0
58,23,0
58,24,0
58,25,0
58,25,0
58,26,1
58,27,0
58,27,0
58,27,0
58,27,0
58,28,1
58,28,0
58,28,0
58,29,0
58,29,0
58,30,0
58,31,0
58,31,0
58,32,0
59,19,0
59,20,0
59,21,0
59,22,0
59,22,0
59,23,0
59,24,0
59,24,0
59,25,0
59,26,0
59,27,1
59,28,0
59,28,0
59,29,0
59,29,0
59,30,0
59,31,0
59,32,0
60,20,0
60,21,0
60,22,0
60,23,0
60,23,0
60,23,0
60,24,0
60,25,0
60,25,0
60,26,0
60,27,0
60,27,0
60,28,1
60,28,0
60,29,0
60,29,0
60,30,0
60,30,0
60,30,0
60,31,0
60,31,0
60,32,0
60,33,0
60,33,0
61,20,0
61,21,0
61,22,0
61,22,0
61,22,0
61,23,0
61,24,0
61,25,0
61,26,0
61,26,0
61,27,0
61,28,1
61,29,0
61,29,0
61,30,0
61,30,0
61,30,0
61,31,0
61,31,0
61,31,0
61,32,0
61,33,0
62,21,0
62,22,0
62,23,0
62,24,0
62,25,0
62,25,0
62,26,0
62,27,0
62,27,0
62,28,1
62,29,0
62,29,0
62,30,0
62,31,0
62,31,0
62,32,0
62,33,0
63,21,0
63,22,0
63,23,0
63,24,0
63,25,0
63,26,0
63,27,0
63,28,0
63,28,0
63,29,1
63,30,0
63,30,0
63,31,0
63,32,0
63,33,0
63,34,0
64,22,0
64,23,0
64,23,0
64,24,0
64,25,0
64,25,0
64,26,0
64,27,0
64,27,0
64,28,1
64,29,0
64,29,0
64,30,1
64,31,0
64,31,0
64,31,0
64,32,0
64,33,0
64,34,0
65,22,0
65,23,0
65,24,0
65,25,0
65,26,0
65,26,0
65,26,0
65,27,0
65,28,0
65,28,0
65,29,1
65,30,0
65,30,0
65,31,0
65,32,0
65,33,0
65,33,0
65,34,0
65,35,0
66,23,0
66,24,0
66,25,0
66,25,0
66,26,0
66,27,0
66,27,0
66,27,0
66,28,0
66,29,0
66,29,0
66,30,1
66,31,0
66,31,0
66,32,0
66,33,0
66,33,0
66,33,0
66,34,0
66,35,0
67,23,0
67,24,0
67,25,0
67,26,0
67,26,0
67,26,0
67,27,0
67,27,0
67,28,0
67,28,0
67,29,0
67,30,1
67,30,0
67,30,0
67,31,0
67,32,0
67,32,0
67,32,0
67,33,0
67,34,0
67,35,0
67,36,0
68,24,0
68,25,0
68,26,0
68,27,0
68,27,0
68,27,0
68,28,0
68,28,0
68,28,0
68,29,0
68,29,0
68,30,1
68,31,0
68,32,0
68,33,0
68,33,0
68,34,0
68,35,0
68,36,0
69,24,0
69,25,0
69,26,0
69,27,0
69,27,0
69,28,0
69,28,0
69,28,0
69,29,0
69,29,0
69,30,0
69,30,0
69,31,1
69,32,0
69,32,0
69,32,0
69,33,0
69,34,0
69,34,0
69,34,0
69,35,0
69,35,0
69,35,0
69,35,0
69,36,0
70,24,0
70,25,0
70,26,0
70,27,0
70,27,0
70,28,0
70,28,0
70,29,0
70,29,0
70,29,0
70,30,1
70,31,0
70,32,1
70,33,0
70,33,0
70,34,0
70,35,0
70,35,0
70,36,0
71,25,0
71,26,0
71,27,0
71,28,0
71,28,0
71,29,0
71,29,0
71,30,0
71,30,0
71,31,1
71,32,0
71,32,0
71,33,0
71,34,0
71,34,0
71,34,0
71,35,0
71,36,0
71,37,0
71,37,0
71,37,0
72,25,0
72,26,0
72,27,0
72,27,0
72,28,0
72,29,0
72,29,0
72,30,0
72,31,0
72,31,0
72,32,1
72,32,0
72,33,0
72,34,0
72,35,0
72,35,0
72,36,0
72,37,0
72,37,0
73,25,0
73,26,0
73,27,0
73,28,0
73,29,0
73,30,0
73,30,0
73,31,0
73,31,0
73,32,1
73,32,0
73,32,0
73,33,0
73,33,0
73,34,0
73,34,0
73,35,0
73,36,0
73,36,0
73,36,0
73,37,0
73,37,0
73,37,0
73,38,0
74,26,0
74,27,0
74,28,0
74,29,0
74,30,0
74,31,0
74,31,0
74,32,1
74,33,0
74,34,1
74,35,0
74,35,0
74,36,0
74,37,0
74,38,0
75,26,0
75,27,0
75,28,0
75,29,0
75,29,0
75,29,0
75,30,0
75,30,0
75,31,0
75,32,0
75,32,0
75,32,0
75,33,1
75,33,0
75,34,0
75,35,0
75,36,0
75,37,0
75,38,0
75,39,0
76,26,0
76,27,0
76,27,0
76,27,0
76,28,0
76,28,0
76,29,0
76,29,0
76,30,0
76,31,0
76,32,0
76,33,0
76,33,0
76,34,1
76,35,0
76,35,0
76,36,0
76,37,0
76,37,0
76,38,0
76,39,0
77,27,0
77,28,0
77,29,0
77,30,0
77,30,0
77,31,0
77,32,0
77,32,0
77,33,0
77,33,0
77,34,1
77,34,0
77,35,0
77,35,0
77,36,0
77,36,0
77,37,0
77,38,0
77,39,0
77,40,0
78,27,0
78,28,0
78,29,0
78,30,0
78,30,0
78,31,0
78,31,0
78,32,0
78,33,0
78,34,1
78,35,0
78,35,0
78,36,1
78,37,0
78,37,0
78,37,0
78,38,0
78,39,0
78,39,0
78,40,0
79,28,0
79,29,0
79,30,0
79,30,0
79,31,0
79,32,0
79,32,0
79,33,0
79,33,0
79,34,0
79,34,0
79,35,1
79,35,0
79,36,0
79,36,0
79,37,0
79,38,0
79,39,0
79,40,0
79,41,0
80,28,0
80,29,0
80,30,0
80,31,0
80,31,0
80,32,0
80,33,0
80,34,1
80,35,0
80,35,0
80,36,1
80,37,0
80,37,0
80,38,0
80,39,0
80,39,0
80,39,0
80,40,0
80,41,0
81,28,0
81,29,0
81,30,0
81,31,0
81,32,0
81,32,0
81,33,0
81,34,0
81,34,0
81,35,1
81,35,0
81,36,0
81,36,0
81,37,0
81,37,0
81,38,0
81,38,0
81,38,0
81,39,0
81,40,0
81,41,0
81,42,0
82,28,0
82,29,0
82,30,0
82,31,0
82,31,0
82,32,0
82,33,0
82,33,0
82,34,0
82,35,0
82,35,0
82,36,1
82,37,0
82,37,0
82,38,0
82,39,0
82,39,0
82,39,0
82,40,0
82,41,0
82,41,0
82,42,0
83,29,0
83,30,0
83,31,0
83,32,0
83,33,0
83,34,0
83,34,0
83,35,0
83,35,0
83,36,1
83,36,0
83,36,0
83,37,0
83,37,0
83,38,0
83,38,0
83,39,0
83,39,0
83,40,0
83,40,0
83,40,0
83,41,0
83,42,0
83,43,0
84,29,0
84,30,0
84,31,0
84,31,0
84,32,0
84,33,0
84,33,0
84,34,0
84,35,0
84,35,0
84,35,0
84,36,1
84,36,0
84,37,0
84,37,0
84,38,1
84,39,0
84,39,0
84,39,0
84,40,0
84,41,0
84,41,0
84,41,0
84,42,0
84,43,0
85,30,0
85,31,0
85,32,0
85,33,0
85,34,0
85,35,0
85,36,0
85,36,0
85,36,0
85,37,1
85,37,0
85,38,0
85,38,0
85,39,0
85,39,0
85,39,0
85,40,0
85,40,0
85,41,0
85,41,0
85,41,0
85,42,0
85,43,0
85,44,0
86,30,0
86,31,0
86,32,0
86,33,0
86,34,0
86,35,0
86,36,1
86,37,0
86,37,0
86,38,1
86,38,0
86,39,0
86,39,0
86,39,0
86,40,0
86,41,0
86,41,0
86,41,0
86,42,0
86,43,0
86,43,0
86,44,0
87,31,0
87,32,0
87,33,0
87,34,0
87,35,0
87,36,0
87,37,0
87,38,1
87,38,0
87,39,0
87,39,0
87,40,0
87,40,0
87,41,0
87,41,0
87,42,0
87,43,0
87,43,0
87,43,0
87,44,0
88,31,0
88,32,0
88,33,0
88,34,0
88,35,0
88,35,0
88,36,0
88,37,0
88,37,0
88,38,1
88,39,0
88,39,0
88,39,0
88,40,0
88,40,0
88,41,0
88,41,0
88,42,0
88,43,0
88,43,0
88,43,0
88,44,0
88,45,0
89,32,0
89,33,0
89,34,0
89,35,0
89,36,0
89,37,0
89,38,0
89,39,1
89,39,0
89,40,0
89,40,0
89,41,0
89,41,0
89,42,0
89,42,0
89,43,0
89,43,0
89,44,0
89,45,0
90,32,0
90,33,0
90,33,0
90,34,0
90,35,0
90,36,0
90,37,0
90,37,0
90,38,0
90,39,0
90,39,0
90,40,1
90,40,0
90,40,0
90,41,0
90,41,0
90,41,0
90,41,0
90,41,0
90,41,0
90,42,0
90,42,0
90,43,0
90,43,0
90,44,0
90,45,0
90,45,0
90,46,0
91,33,0
91,34,0
91,35,0
91,36,0
91,37,0
91,38,0
91,39,0
91,39,0
91,40,1
91,40,0
91,41,0
91,41,0
91,41,0
91,42,0
91,42,0
91,43,0
91,43,0
91,44,0
91,44,0
91,45,0
91,45,0
91,46,0
92,33,0
92,34,0
92,34,0
92,35,0
92,35,0
92,35,0
92,36,0
92,37,0
92,38,0
92,39,0
92,39,0
92,40,1
92,41,0
92,41,0
92,41,0
92,41,0
92,42,1
92,42,0
92,43,0
92,43,0
92,43,0
92,43,0
92,44,0
92,44,0
92,45,0
92,45,0
92,45,0
92,46,0
92,47,0
93,34,0
93,34,0
93,35,0
93,36,0
93,37,0
93,37,0
93,38,0
93,39,0
93,39,0
93,40,0
93,41,1
93,41,0
93,41,0
93,42,0
93,42,0
93,42,0
93,43,0
93,43,0
93,43,0
93,44,0
93,44,0
93,44,0
93,45,0
93,46,0
93,47,0
94,34,0
94,34,0
94,35,0
94,35,0
94,36,0
94,37,0
94,37,0
94,37,0
94,38,0
94,39,0
94,39,0
94,40,1
94,41,0
94,41,0
94,42,1
94,43,0
94,43,0
94,44,0
94,44,0
94,45,0
94,45,0
94,45,0
94,46,0
94,46,0
94,46,0
94,47,0
94,47,0
94,47,0
94,48,0
95,34,0
95,35,0
95,35,0
95,36,0
95,36,0
95,37,0
95,37,0
95,38,0
95,39,0
95,39,0
95,40,0
95,41,0
95,41,0
95,42,1
95,43,0
95,43,0
95,44,0
95,45,0
95,45,0
95,46,0
95,46,0
95,47,0
95,47,0
95,47,0
95,47,0
95,48,0
96,35,0
96,35,0
96,36,0
96,37,0
96,37,0
96,37,0
96,38,0
96,39,0
96,39,0
96,39,0
96,40,0
96,41,0
96,42,1
96,43,0
96,43,0
96,44,1
96,45,0
96,45,0
96,46,0
96,46,0
96,47,0
96,47,0
96,47,0
96,47,0
96,47,0
96,48,0
96,48,0
96,48,0
96,49,0
97,35,0
97,36,0
97,37,0
97,37,0
97,38,0
97,38,0
97,38,0
97,39,0
97,39,0
97,39,0
97,40,0
97,40,0
97,41,0
97,41,0
97,42,1
97,43,0
97,43,0
97,44,0
97,45,0
97,45,0
97,46,0
97,47,0
97,47,0
97,48,0
97,48,0
97,48,0
97,49,0
97,49,0
98,35,0
98,36,0
98,37,0
98,37,0
98,37,0
98,38,0
98,39,0
98,39,0
98,39,0
98,39,0
98,39,0
98,39,0
98,39,0
98,40,0
98,40,0
98,41,0
98,41,0
98,42,1
98,43,0
98,43,0
98,44,1
98,45,0
98,45,0
98,46,0
98,47,0
98,47,0
98,48,0
98,48,0
98,48,0
98,49,0
98,49,0
99,36,0
99,37,0
99,38,0
99,39,0
99,39,0
99,40,0
99,40,0
99,41,0
99,41,0
99,42,0
99,42,0
99,42,0
99,43,0
99,43,0
99,44,1
99,45,0
99,45,0
99,46,0
99,47,0
99,47,0
99,48,0
99,49,0
99,49,0
99,50,0
100,36,0
100,37,0
100,38,0
100,38,0
100,39,0
100,39,0
100,40,0
100,41,0
100,41,0
100,41,0
100,41,0
100,42,0
100,43,0
100,43,0
100,43,0
100,44,1
100,45,0
100,45,0
100,45,0
100,45,0
100,46,0
100,47,0
100,47,0
100,48,0
100,49,0
100,50,0
100,50,0
101,36,0
101,37,0
101,38,0
101,39,0
101,39,0
101,40,0
101,41,0
101,42,0
101,42,0
101,42,0
101,43,0
101,43,0
101,44,1
101,44,0
101,45,0
101,45,0
101,46,0
101,47,0
101,47,0
101,48,0
101,49,0
101,49,0
101,50,0
102,37,0
102,38,0
102,39,0
102,39,0
102,40,0
102,41,0
102,41,0
102,42,0
102,43,0
102,43,0
102,44,1
102,45,0
102,45,0
102,46,1
102,47,0
102,47,0
102,48,0
102,49,0
102,50,0
102,50,0
102,51,0
103,37,0
103,38,0
103,39,0
103,40,0
103,41,0
103,42,0
103,43,0
103,44,0
103,44,0
103,45,1
103,45,0
103,46,0
103,47,0
103,47,0
103,48,0
103,49,0
103,49,0
103,50,0
103,51,0
104,37,0
104,38,0
104,39,0
104,40,0
104,41,0
104,41,0
104,42,0
104,43,0
104,43,0
104,43,0
104,44,1
104,45,0
104,45,0
104,46,1
104,47,0
104,47,0
104,48,0
104,49,0
104,49,0
104,50,0
104,51,0
104,52,0
105,38,0
105,39,0
105,40,0
105,41,0
105,42,0
105,43,0
105,44,0
105,44,0
105,45,0
105,45,0
105,46,1
105,46,0
105,47,0
105,47,0
105,48,0
105,48,0
105,49,0
105,49,0
105,50,0
105,51,0
105,52,0
106,38,0
106,39,0
106,40,0
106,41,0
106,41,0
106,41,0
106,42,0
106,43,0
106,44,0
106,45,0
106,45,0
106,46,1
106,47,0
106,47,0
106,48,1
106,49,0
106,49,0
106,50,0
106,51,0
106,51,0
106,52,0
106,53,0
107,38,0
107,39,0
107,40,0
107,41,0
107,42,0
107,42,0
107,43,0
107,43,0
107,43,0
107,44,0
107,45,0
107,45,0
107,46,0
107,46,0
107,46,0
107,47,1
107,47,0
107,48,0
107,49,0
107,49,0
107,50,0
107,51,0
107,52,0
107,53,0
108,39,0
108,40,0
108,40,0
108,41,0
108,41,0
108,42,0
108,43,0
108,44,0
108,45,0
108,45,0
108,46,1
108,47,0
108,47,0
108,48,1
108,49,0
108,49,0
108,50,0
108,51,0
108,52,0
108,53,0
108,54,0
109,39,0
109,40,0
109,41,0
109,41,0
109,42,0
109,42,0
109,43,0
109,44,0
109,44,0
109,45,0
109,45,0
109,46,0
109,46,0
109,46,0
109,47,1
109,47,0
109,48,0
109,48,0
109,48,0
109,49,0
109,49,0
109,49,0
109,50,0
109,51,0
109,52,0
109,53,0
109,54,0
110,40,0
110,41,0
110,41,0
110,42,0
110,43,0
110,44,0
110,45,0
110,45,0
110,46,1
110,47,0
110,47,0
110,47,0
110,48,1
110,49,0
110,49,0
110,50,0
110,51,0
110,52,0
110,53,0
110,54,0
111,40,0
111,41,0
111,42,0
111,42,0
111,43,0
111,44,0
111,45,0
111,46,0
111,46,0
111,47,0
111,47,0
111,48,1
111,48,0
111,49,0
111,49,0
111,50,0
111,50,0
111,51,0
111,52,0
111,53,0
111,54,0
111,55,0
112,40,0
112,41,0
112,42,0
112,43,0
112,43,0
112,44,0
112,45,0
112,45,0
112,46,0
112,47,0
112,48,1
112,49,0
112,49,0
112,49,0
112,49,0
112,50,1
112,51,0
112,51,0
112,52,0
112,53,0
112,54,0
112,55,0
113,40,0
113,41,0
113,42,0
113,43,0
113,43,0
113,44,0
113,44,0
113,45,0
113,46,0
113,46,0
113,47,0
113,47,0
113,48,0
113,48,0
113,49,1
113,49,0
113,50,0
113,50,0
113,51,0
113,52,0
113,53,0
113,54,0
113,54,0
113,55,0
113,56,0
114,41,0
114,42,0
114,43,0
114,43,0
114,44,0
114,45,0
114,45,0
114,46,0
114,47,0
114,47,0
114,48,1
114,49,0
114,49,0
114,49,0
114,50,1
114,50,0
114,51,0
114,51,0
114,52,0
114,53,0
114,53,0
114,54,0
114,55,0
114,56,0
115,41,0
115,42,0
115,43,0
115,44,0
115,44,0
115,45,0
115,46,0
115,46,0
115,47,0
115,47,0
115,48,0
115,48,0
115,49,0
115,49,0
115,50,1
115,50,0
115,50,0
115,51,0
115,51,0
115,52,0
115,52,0
115,52,0
115,53,0
115,54,0
115,55,0
115,56,0
116,41,0
116,42,0
116,43,0
116,44,0
116,45,0
116,45,0
116,46,0
116,47,0
116,47,0
116,47,0
116,48,0
116,49,0
116,49,0
116,49,0
116,50,1
116,50,0
116,50,0
116,51,0
116,51,0
116,51,0
116,52,0
116,53,0
116,53,0
116,54,0
116,55,0
116,55,0
116,56,0
116,57,0
117,42,0
117,43,0
117,44,0
117,44,0
117,45,0
117,45,0
117,46,0
117,46,0
117,47,0
117,47,0
117,48,0
117,48,0
117,49,0
117,49,0
117,50,1
117,50,0
117,50,0
117,51,0
117,51,0
117,51,0
117,52,0
117,52,0
117,53,0
117,54,0
117,55,0
117,55,0
117,56,0
117,57,0
117,57,0
118,42,0
118,43,0
118,44,0
118,45,0
118,45,0
118,46,0
118,47,0
118,47,0
118,47,0
118,47,0
118,48,0
118,49,0
118,49,0
118,49,0
118,50,1
118,50,0
118,50,0
118,51,0
118,51,0
118,51,0
118,52,0
118,53,0
118,53,0
118,54,0
118,55,0
118,55,0
118,56,0
118,57,0
119,42,0
119,43,0
119,44,0
119,44,0
119,45,0
119,46,0
119,46,0
119,47,0
119,47,0
119,48,0
119,48,0
119,49,0
119,49,0
119,49,0
119,49,0
119,50,1
119,50,0
119,50,0
119,50,0
119,51,0
119,51,0
119,51,0
119,52,0
119,52,0
119,53,0
119,54,0
119,55,0
119,55,0
119,56,0
119,57,0
119,58,0
120,43,0
120,44,0
120,45,0
120,45,0
120,46,0
120,47,0
120,47,0
120,47,0
120,48,0
120,49,0
120,49,0
120,49,0
120,50,1
120,50,0
120,50,0
120,51,0
120,51,0
120,51,0
120,51,0
120,52,1
120,53,0
120,53,0
120,53,0
120,54,0
120,55,0
120,55,0
120,56,0
120,57,0
120,58,0
121,43,0
121,44,0
121,45,0
121,46,0
121,46,0
121,46,0
121,47,0
121,47,0
121,48,0
121,48,0
121,49,0
121,49,0
121,49,0
121,50,0
121,50,0
121,50,0
121,50,0
121,50,0
121,51,1
121,51,0
121,52,0
121,52,0
121,53,0
121,53,0
121,54,0
121,55,0
121,55,0
121,56,0
121,57,0
121,58,0
121,59,0
122,43,0
122,44,0
122,45,0
122,45,0
122,46,0
122,47,0
122,47,0
122,47,0
122,47,0
122,48,0
122,49,0
122,49,0
122,49,0
122,50,1
122,50,0
122,50,0
122,50,0
122,51,0
122,51,0
122,51,0
122,51,0
122,52,1
122,53,0
122,53,0
122,53,0
122,53,0
122,53,0
122,54,0
122,55,0
122,55,0
122,55,0
122,55,0
122,56,0
122,57,0
122,58,0
122,59,0
123,44,0
123,45,0
123,46,0
123,46,0
123,47,0
123,47,0
123,47,0
123,47,0
123,48,0
123,48,0
123,49,0
123,49,0
123,49,0
123,49,0
123,50,0
123,50,0
123,50,0
123,50,0
123,50,0
123,51,1
123,51,0
123,51,0
123,52,1
123,52,0
123,53,0
123,54,0
123,54,0
123,55,0
123,55,0
123,55,0
123,56,0
123,56,0
123,57,0
123,58,0
123,59,0
124,44,0
124,45,0
124,46,0
124,46,0
124,47,0
124,47,0
124,47,0
124,47,0
124,48,0
124,49,0
124,49,0
124,50,1
124,50,0
124,50,0
124,50,0
124,50,0
124,51,0
124,51,0
124,51,0
124,51,0
124,52,1
124,53,0
124,54,1
124,55,0
124,55,0
124,56,0
124,57,0
124,57,0
124,58,0
124,59,0
124,60,0
125,44,0
125,45,0
125,46,0
125,46,0
125,46,0
125,47,0
125,47,0
125,47,0
125,48,0
125,48,0
125,48,0
125,49,0
125,49,0
125,49,0
125,49,0
125,50,0
125,50,0
125,50,0
125,50,0
125,50,0
125,51,0
125,51,0
125,51,0
125,51,0
125,52,1
125,52,0
125,53,0
125,54,0
125,54,0
125,54,0
125,55,0
125,55,0
125,56,0
125,56,0
125,57,0
125,57,0
125,58,0
125,58,0
125,59,0
125,60,0
126,45,0
126,46,0
126,46,0
126,46,0
126,46,0
126,47,0
126,47,0
126,47,0
126,48,0
126,49,0
126,49,0
126,49,0
126,50,0
126,50,0
126,50,0
126,50,0
126,51,0
126,51,0
126,51,0
126,51,0
126,51,0
126,52,1
126,53,0
126,53,0
126,54,1
126,55,0
126,55,0
126,55,0
126,56,0
126,57,0
126,57,0
126,58,0
126,59,0
126,60,0
126,61,0
127,45,0
127,46,0
127,46,0
127,47,0
127,47,0
127,47,0
127,48,0
127,48,0
127,48,0
127,49,0
127,49,0
127,49,0
127,49,0
127,50,0
127,50,0
127,50,0
127,50,0
127,50,0
127,51,0
127,51,0
127,51,0
127,52,0
127,52,0
127,53,1
127,54,0
127,54,0
127,55,0
127,55,0
127,56,0
127,56,0
127,57,0
127,57,0
127,58,0
127,58,0
127,58,0
127,59,0
127,59,0
127,60,0
127,61,0
128,45,0
128,46,0
128,46,0
128,47,0
128,48,0
128,48,0
128,48,0
128,48,0
128,49,0
128,49,0
128,49,0
128,49,0
128,50,0
128,50,0
128,50,0
128,50,0
128,51,0
128,51,0
128,51,0
128,51,0
128,52,0
128,52,0
128,53,0
128,53,0
128,53,0
128,54,1
128,54,0
128,55,0
128,56,0
128,57,0
128,57,0
128,58,0
128,59,0
128,60,0
128,61,0
128,62,0
129,46,0
129,47,0
129,47,0
129,48,0
129,48,0
129,48,0
129,49,0
129,49,0
129,49,0
129,49,0
129,49,0
129,50,0
129,50,0
129,50,0
129,50,0
129,50,0
129,51,0
129,51,0
129,51,0
129,51,0
129,52,0
129,52,0
129,53,0
129,54,1
129,54,0
129,55,0
129,55,0
129,56,0
129,56,0
129,57,0
129,57,0
129,58,0
129,59,0
129,59,0
129,60,0
129,60,0
129,61,0
129,62,0
130,46,0
130,47,0
130,48,0
130,48,0
130,49,0
130,49,0
130,49,0
130,49,0
130,50,0
130,50,0
130,50,0
130,51,0
130,51,0
130,51,0
130,51,0
130,51,0
130,52,0
130,52,0
130,52,0
130,52,0
130,53,0
130,53,0
130,53,0
130,53,0
130,53,0
130,54,1
130,55,0
130,55,0
130,56,1
130,56,0
130,57,0
130,57,0
130,58,0
130,58,0
130,59,0
130,59,0
130,60,0
130,61,0
130,62,0
130,63,0
131,46,0
131,47,0
131,48,0
131,49,0
131,49,0
131,49,0
131,49,0
131,50,0
131,50,0
131,50,0
131,51,0
131,51,0
131,51,0
131,51,0
131,52,0
131,52,0
131,52,0
131,53,0
131,53,0
131,54,1
131,54,0
131,55,0
131,56,0
131,56,0
131,57,0
131,57,0
131,58,0
131,58,0
131,59,0
131,59,0
131,60,0
131,61,0
131,62,0
131,63,0
132,47,0
132,48,0
132,49,0
132,50,0
132,50,0
132,51,0
132,51,0
132,51,0
132,52,0
132,52,0
132,52,0
132,52,0
132,53,0
132,53,0
132,54,1
132,54,0
132,55,0
132,56,1
132,57,0
132,57,0
132,58,0
132,58,0
132,59,0
132,59,0
132,59,0
132,59,0
132,60,0
132,61,0
132,62,0
132,63,0
133,47,0
133,48,0
133,49,0
133,49,0
133,50,0
133,51,0
133,51,0
133,52,0
133,52,0
133,52,0
133,53,0
133,53,0
133,53,0
133,53,0
133,54,0
133,54,0
133,54,0
133,55,1
133,56,0
133,56,0
133,57,0
133,58,0
133,58,0
133,59,0
133,59,0
133,60,0
133,60,0
133,60,0
133,61,0
133,61,0
133,62,0
133,62,0
133,63,0
133,64,0
134,48,0
134,49,0
134,49,0
134,50,0
134,50,0
134,51,0
134,51,0
134,52,0
134,52,0
134,53,0
134,53,0
134,54,1
134,54,0
134,54,0
134,55,0
134,55,0
134,56,1
134,56,0
134,57,0
134,57,0
134,58,0
134,58,0
134,59,0
134,59,0
134,60,0
134,60,0
134,61,0
134,61,0
134,61,0
134,62,0
134,63,0
134,64,0
135,48,0
135,49,0
135,50,0
135,51,0
135,52,0
135,52,0
135,53,0
135,54,0
135,54,0
135,55,0
135,55,0
135,56,1
135,56,0
135,56,0
135,57,0
135,58,0
135,58,0
135,59,0
135,59,0
135,60,0
135,60,0
135,61,0
135,61,0
135,62,0
135,63,0
135,64,0
135,65,0
136,49,0
136,50,0
136,51,0
136,51,0
136,52,0
136,53,0
136,53,0
136,54,0
136,54,0
136,55,0
136,55,0
136,56,1
136,56,0
136,56,0
136,57,0
136,57,0
136,57,0
136,58,1
136,58,0
136,59,0
136,60,0
136,61,0
136,61,0
136,61,0
136,62,0
136,62,0
136,63,0
136,63,0
136,64,0
136,65,0
137,49,0
137,50,0
137,51,0
137,52,0
137,53,0
137,54,0
137,55,0
137,56,1
137,56,0
137,56,0
137,57,0
137,57,0
137,58,0
137,58,0
137,59,0
137,59,0
137,60,0
137,60,0
137,61,0
137,61,0
137,62,0
137,62,0
137,63,0
137,64,0
137,65,0
138,50,0
138,50,0
138,51,0
138,52,0
138,53,0
138,53,0
138,54,0
138,55,0
138,55,0
138,56,1
138,56,0
138,57,0
138,57,0
138,57,0
138,58,1
138,58,0
138,59,0
138,59,0
138,60,0
138,60,0
138,61,0
138,61,0
138,62,0
138,63,0
138,63,0
138,64,0
138,64,0
138,65,0
138,66,0
139,50,0
139,51,0
139,52,0
139,53,0
139,54,0
139,55,0
139,56,0
139,57,1
139,57,0
139,58,0
139,58,0
139,59,0
139,60,0
139,60,0
139,60,0
139,61,0
139,61,0
139,62,0
139,62,0
139,63,0
139,63,0
139,64,0
139,64,0
139,65,0
139,66,0
140,50,0
140,51,0
140,51,0
140,52,0
140,53,0
140,54,0
140,55,0
140,55,0
140,56,0
140,57,0
140,58,1
140,58,0
140,59,0
140,59,0
140,59,0
140,60,0
140,60,0
140,60,0
140,61,0
140,61,0
140,62,0
140,63,0
140,63,0
140,63,0
140,64,0
140,65,0
140,66,0
140,66,0
140,67,0
141,51,0
141,52,0
141,53,0
141,54,0
141,55,0
141,56,0
141,57,0
141,58,0
141,59,1
141,60,0
141,60,0
141,61,0
141,61,0
141,61,0
141,62,0
141,62,0
141,63,0
141,63,0
141,64,0
141,64,0
141,65,0
141,65,0
141,66,0
141,67,0
141,67,0
142,51,0
142,52,0
142,53,0
142,54,0
142,55,0
142,56,0
142,57,0
142,57,0
142,58,1
142,59,0
142,59,0
142,60,1
142,60,0
142,61,0
142,61,0
142,61,0
142,62,0
142,62,0
142,62,0
142,63,0
142,63,0
142,64,0
142,65,0
142,65,0
142,65,0
142,66,0
142,67,0
142,68,0
143,52,0
143,53,0
143,54,0
143,55,0
143,56,0
143,57,0
143,58,0
143,59,0
143,60,1
143,61,0
143,62,0
143,62,0
143,62,0
143,63,0
143,63,0
143,64,0
143,64,0
143,65,0
143,65,0
143,66,0
143,66,0
143,66,0
143,67,0
143,68,0
144,52,0
144,53,0
144,54,0
144,55,0
144,55,0
144,55,0
144,56,0
144,57,0
144,58,0
144,59,0
144,59,0
144,60,0
144,61,0
144,61,0
144,61,0
144,62,1
144,62,0
144,63,0
144,63,0
144,64,0
144,64,0
144,65,0
144,65,0
144,65,0
144,65,0
144,65,0
144,66,0
144,67,0
144,67,0
144,68,0
144,69,0
145,52,0
145,53,0
145,54,0
145,55,0
145,55,0
145,56,0
145,57,0
145,58,0
145,59,0
145,60,1
145,61,0
145,62,0
145,62,0
145,63,0
145,63,0
145,64,0
145,64,0
145,65,0
145,65,0
145,66,0
145,66,0
145,67,0
145,67,0
145,68,0
145,68,0
145,69,0
146,53,0
146,54,0
146,55,0
146,55,0
146,56,0
146,57,0
146,57,0
146,58,0
146,59,0
146,60,1
146,61,0
146,62,0
146,63,0
146,63,0
146,64,0
146,65,0
146,65,0
146,65,0
146,66,0
146,66,0
146,67,0
146,68,0
146,69,0
146,69,0
146,69,0
147,53,0
147,54,0
147,55,0
147,55,0
147,56,0
147,57,0
147,58,0
147,59,0
147,60,0
147,61,0
147,62,0
147,63,0
147,63,0
147,64,0
147,64,0
147,65,0
147,65,0
147,66,0
147,66,0
147,66,0
147,67,0
147,67,0
147,68,0
147,68,0
147,69,0
147,69,0
148,54,0
148,55,0
148,55,0
148,56,0
148,57,0
148,58,0
148,59,0
148,59,0
148,60,1
148,61,0
148,61,0
148,62,0
148,63,0
148,63,0
148,64,0
148,65,0
148,65,0
148,65,0
148,66,0
148,66,0
148,67,0
148,67,0
148,67,0
148,68,0
148,68,0
148,69,0
148,70,0
149,54,0
149,55,0
149,56,0
149,57,0
149,58,0
149,59,0
149,60,0
149,61,0
149,61,0
149,62,1
149,63,0
149,63,0
149,64,0
149,65,0
149,65,0
149,66,0
149,66,0
149,67,0
149,67,0
149,68,0
149,68,0
149,68,0
149,68,0
149,69,0
149,69,0
149,70,0
150,54,0
150,55,0
150,56,0
150,57,0
150,58,0
150,59,0
150,60,0
150,61,0
150,62,1
150,63,0
150,63,0
150,64,0
150,65,0
150,65,0
150,66,0
150,67,0
150,67,0
150,67,0
150,68,0
150,68,0
150,69,0
150,69,0
150,69,0
150,70,0
150,71,0
150,71,0
151,55,0
151,56,0
151,57,0
151,58,0
151,59,0
151,59,0
151,60,0
151,61,0
151,62,0
151,62,0
151,63,0
151,63,0
151,64,0
151,65,0
151,65,0
151,66,0
151,67,0
151,67,0
151,68,0
151,68,0
151,68,0
151,69,0
151,69,0
151,69,0
151,70,0
151,70,0
151,70,0
151,70,0
151,71,0
151,71,0
152,55,0
152,56,0
152,57,0
152,58,0
152,59,0
152,59,0
152,60,0
152,61,0
152,61,0
152,61,0
152,62,1
152,63,0
152,63,0
152,63,0
152,63,0
152,63,0
152,63,0
152,64,0
152,65,0
152,65,0
152,65,0
152,66,0
152,67,0
152,67,0
152,67,0
152,68,0
152,69,0
152,69,0
152,69,0
152,70,0
152,70,0
152,71,0
153,56,0
153,57,0
153,58,0
153,59,0
153,60,0
153,60,0
153,61,0
153,62,0
153,62,0
153,63,1
153,63,0
153,64,0
153,64,0
153,64,0
153,65,0
153,65,0
153,66,0
153,67,0
153,67,0
153,67,0
153,68,0
153,68,0
153,68,0
153,69,0
153,69,0
153,70,0
153,70,0
153,71,0
153,71,0
153,71,0
153,71,0
153,72,0
153,72,0
154,56,0
154,57,0
154,58,0
154,59,0
154,60,0
154,60,0
154,61,0
154,61,0
154,62,1
154,63,0
154,63,0
154,63,0
154,64,1
154,65,0
154,65,0
154,65,0
154,65,0
154,66,0
154,67,0
154,67,0
154,68,0
154,69,0
154,69,0
154,70,0
154,71,0
154,71,0
154,71,0
154,72,0
154,72,0
155,57,0
155,58,0
155,59,0
155,60,0
155,61,0
155,62,0
155,62,0
155,62,0
155,63,0
155,64,1
155,64,0
155,65,0
155,66,0
155,66,0
155,67,0
155,67,0
155,68,0
155,69,0
155,69,0
155,70,0
155,71,0
155,71,0
155,71,0
155,72,0
155,73,0
156,57,0
156,58,0
156,59,0
156,60,0
156,60,0
156,61,0
156,61,0
156,62,0
156,62,0
156,63,0
156,64,1
156,64,0
156,65,0
156,65,0
156,65,0
156,66,1
156,67,0
156,67,0
156,67,0
156,68,0
156,69,0
156,69,0
156,70,0
156,71,0
156,71,0
156,71,0
156,72,0
156,72,0
156,73,0
156,73,0
157,57,0
157,58,0
157,59,0
157,60,0
157,61,0
157,62,0
157,63,0
157,64,1
157,64,0
157,64,0
157,65,0
157,66,0
157,66,0
157,66,0
157,67,0
157,68,0
157,68,0
157,69,0
157,69,0
157,70,0
157,71,0
157,71,0
157,72,0
157,73,0
157,73,0
157,73,0
157,74,0
157,74,0
158,58,0
158,59,0
158,60,0
158,60,0
158,61,0
158,61,0
158,62,0
158,63,0
158,64,1
158,65,0
158,65,0
158,65,0
158,66,1
158,67,0
158,67,0
158,67,0
158,67,0
158,68,0
158,69,0
158,69,0
158,70,0
158,71,0
158,72,0
158,73,0
158,73,0
158,73,0
158,74,0
158,74,0
159,58,0
159,59,0
159,60,0
159,61,0
159,61,0
159,62,0
159,62,0
159,63,0
159,64,0
159,65,1
159,66,0
159,66,0
159,67,0
159,67,0
159,68,0
159,68,0
159,68,0
159,69,0
159,70,0
159,71,0
159,71,0
159,72,0
159,73,0
159,73,0
159,74,0
159,75,0
159,75,0
160,59,0
160,60,0
160,60,0
160,61,0
160,61,0
160,62,0
160,62,0
160,62,0
160,63,0
160,63,0
160,64,1
160,65,0
160,66,1
160,67,0
160,67,0
160,67,0
160,68,0
160,69,0
160,69,0
160,69,0
160,70,0
160,71,0
160,71,0
160,72,0
160,73,0
160,73,0
160,74,0
160,75,0
160,75,0
161,59,0
161,60,0
161,61,0
161,61,0
161,62,0
161,62,0
161,63,0
161,64,0
161,65,0
161,66,1
161,66,0
161,67,0
161,67,0
161,68,0
161,68,0
161,69,0
161,69,0
161,69,0
161,70,0
161,71,0
161,71,0
161,72,0
161,72,0
161,73,0
161,73,0
161,74,0
161,75,0
161,75,0
161,76,0
162,60,0
162,61,0
162,62,0
162,62,0
162,63,0
162,63,0
162,64,0
162,65,0
162,65,0
162,66,1
162,66,0
162,67,0
162,67,0
162,68,1
162,68,0
162,69,0
162,69,0
162,70,0
162,71,0
162,71,0
162,71,0
162,72,0
162,73,0
162,73,0
162,74,0
162,75,0
162,75,0
162,76,0
163,60,0
163,61,0
163,62,0
163,63,0
163,63,0
163,64,0
163,64,0
163,65,0
163,66,1
163,67,0
163,67,0
163,67,0
163,68,0
163,68,0
163,69,0
163,69,0
163,70,0
163,71,0
163,72,0
163,73,0
163,73,0
163,74,0
163,74,0
163,75,0
163,75,0
163,76,0
163,77,0
164,61,0
164,62,0
164,62,0
164,63,0
164,64,0
164,64,0
164,65,0
164,65,0
164,66,1
164,67,0
164,67,0
164,68,1
164,69,0
164,69,0
164,70,0
164,71,0
164,72,0
164,73,0
164,74,0
164,75,0
164,75,0
164,76,0
164,77,0
164,77,0
165,61,0
165,62,0
165,63,0
165,64,0
165,65,0
165,65,0
165,66,0
165,66,0
165,67,1
165,67,0
165,67,0
165,68,0
165,68,0
165,68,0
165,69,0
165,69,0
165,69,0
165,70,0
165,70,0
165,71,0
165,72,0
165,73,0
165,73,0
165,74,0
165,75,0
165,75,0
165,76,0
165,77,0
165,77,0
165,78,0
166,62,0
166,63,0
166,64,0
166,64,0
166,65,0
166,65,0
166,66,0
166,67,0
166,67,0
166,67,0
166,68,1
166,69,0
166,69,0
166,69,0
166,70,0
166,71,0
166,71,0
166,71,0
166,72,0
166,73,0
166,74,0
166,75,0
166,75,0
166,76,0
166,77,0
166,77,0
166,78,0
167,62,0
167,63,0
167,64,0
167,65,0
167,65,0
167,66,0
167,67,0
167,67,0
167,68,1
167,68,0
167,69,0
167,69,0
167,69,0
167,70,0
167,70,0
167,71,0
167,71,0
167,72,0
167,73,0
167,74,0
167,74,0
167,75,0
167,75,0
167,76,0
167,76,0
167,77,0
167,77,0
167,78,0
168,62,0
168,63,0
168,64,0
168,65,0
168,65,0
168,66,0
168,66,0
168,67,0
168,67,0
168,67,0
168,67,0
168,68,1
168,68,0
168,69,0
168,70,1
168,71,0
168,71,0
168,72,0
168,73,0
168,74,0
168,75,0
168,76,0
168,77,0
168,77,0
168,78,0
168,79,0
169,63,0
169,64,0
169,65,0
169,66,0
169,66,0
169,67,0
169,67,0
169,68,0
169,68,0
169,68,0
169,69,1
169,69,0
169,70,0
169,70,0
169,71,0
169,71,0
169,72,0
169,73,0
169,74,0
169,75,0
169,75,0
169,76,0
169,77,0
169,77,0
169,78,0
169,79,0
170,63,0
170,64,0
170,65,0
170,66,0
170,66,0
170,67,0
170,67,0
170,68,1
170,69,0
170,69,0
170,70,1
170,70,0
170,71,0
170,71,0
170,72,0
170,73,0
170,74,0
170,75,0
170,75,0
170,75,0
170,76,0
170,77,0
170,77,0
170,78,0
170,79,0
170,79,0
170,80,0
171,64,0
171,65,0
171,66,0
171,67,0
171,68,0
171,68,0
171,69,0
171,69,0
171,69,0
171,70,1
171,70,0
171,70,0
171,71,0
171,71,0
171,72,0
171,72,0
171,73,0
171,74,0
171,75,0
171,76,0
171,77,0
171,77,0
171,78,0
171,78,0
171,79,0
171,79,0
171,80,0
172,64,0
172,65,0
172,66,0
172,66,0
172,67,0
172,68,0
172,68,0
172,69,0
172,69,0
172,70,1
172,70,0
172,71,0
172,71,0
172,71,0
172,71,0
172,71,0
172,72,0
172,72,0
172,73,0
172,74,0
172,75,0
172,75,0
172,76,0
172,77,0
172,77,0
172,78,0
172,79,0
172,79,0
172,80,0
173,65,0
173,66,0
173,67,0
173,67,0
173,68,0
173,69,0
173,69,0
173,69,0
173,69,0
173,70,1
173,70,0
173,71,0
173,71,0
173,72,0
173,72,0
173,72,0
173,73,0
173,73,0
173,73,0
173,74,0
173,75,0
173,76,0
173,77,0
173,77,0
173,78,0
173,79,0
173,79,0
173,80,0
174,65,0
174,66,0
174,67,0
174,68,0
174,68,0
174,69,0
174,69,0
174,69,0
174,70,1
174,70,0
174,70,0
174,71,0
174,71,0
174,71,0
174,71,0
174,71,0
174,71,0
174,71,0
174,72,0
174,72,0
174,72,0
174,72,0
174,73,0
174,74,0
174,74,0
174,74,0
174,74,0
174,74,0
174,75,0
174,75,0
174,76,0
174,77,0
174,77,0
174,78,0
174,79,0
174,79,0
174,80,0
175,66,0
175,67,0
175,68,0
175,69,0
175,69,0
175,69,0
175,70,0
175,70,0
175,71,1
175,71,0
175,71,0
175,72,0
175,72,0
175,72,0
175,72,0
175,72,0
175,73,0
175,73,0
175,73,0
175,73,0
175,74,0
175,74,0
175,75,0
175,76,0
175,77,0
175,77,0
175,77,0
175,78,0
175,79,0
175,79,0
175,80,0
175,80,0
176,66,0
176,67,0
176,68,0
176,69,0
176,70,1
176,70,0
176,71,0
176,71,0
176,71,0
176,71,0
176,72,1
176,72,0
176,72,0
176,72,0
176,72,0
176,73,0
176,73,0
176,73,0
176,73,0
176,74,0
176,75,0
176,76,0
176,77,0
176,77,0
176,78,0
176,79,0
176,79,0
176,80,0
176,81,0
177,67,0
177,68,0
177,69,0
177,69,0
177,70,0
177,70,0
177,71,0
177,71,0
177,71,0
177,71,0
177,71,0
177,71,0
177,72,1
177,72,0
177,72,0
177,72,0
177,73,0
177,73,0
177,73,0
177,73,0
177,73,0
177,74,0
177,75,0
177,75,0
177,75,0
177,76,0
177,77,0
177,77,0
177,77,0
177,78,0
177,78,0
177,79,0
177,79,0
177,80,0
177,80,0
177,81,0
177,81,0
178,67,0
178,68,0
178,69,0
178,70,0
178,71,0
178,71,0
178,72,1
178,72,0
178,72,0
178,72,0
178,73,0
178,73,0
178,73,0
178,73,0
178,74,0
178,74,0
178,75,0
178,76,0
178,77,0
178,78,0
178,79,0
178,79,0
178,79,0
178,79,0
178,79,0
178,80,0
178,81,0
178,82,0
179,68,0
179,69,0
179,70,0
179,71,0
179,71,0
179,72,1
179,72,0
179,72,0
179,72,0
179,73,0
179,73,0
179,73,0
179,73,0
179,73,0
179,73,0
179,73,0
179,74,0
179,74,0
179,74,0
179,74,0
179,75,0
179,75,0
179,75,0
179,75,0
179,76,0
179,76,0
179,76,0
179,77,0
179,78,0
179,79,0
179,79,0
179,79,0
179,80,0
179,80,0
179,81,0
179,81,0
179,81,0
179,82,0
180,68,0
180,69,0
180,70,0
180,71,0
180,71,0
180,71,0
180,72,1
180,72,0
180,72,0
180,72,0
180,72,0
180,73,0
180,73,1
180,73,0
180,73,0
180,73,0
180,74,0
180,74,0
180,74,0
180,75,0
180,75,0
180,75,0
180,76,0
180,77,0
180,78,0
180,79,0
180,80,0
180,81,0
180,82,0
181,69,0
181,70,0
181,71,0
181,72,0
181,72,0
181,72,0
181,72,0
181,73,1
181,73,0
181,73,0
181,73,0
181,73,0
181,73,0
181,74,0
181,74,0
181,74,0
181,75,0
181,75,0
181,75,0
181,75,0
181,75,0
181,76,0
181,76,0
181,76,0
181,77,0
181,77,0
181,77,0
181,78,0
181,78,0
181,79,0
181,79,0
181,80,0
181,80,0
181,81,0
181,81,0
181,82,0
181,82,0
182,69,0
182,70,0
182,71,0
182,72,0
182,72,0
182,72,0
182,73,0
182,73,0
182,73,0
182,74,1
182,74,0
182,75,0
182,75,0
182,75,0
182,75,0
182,76,0
182,76,0
182,76,0
182,77,0
182,77,0
182,77,0
182,78,0
182,79,0
182,79,0
182,80,0
182,81,0
182,81,0
182,81,0
182,82,0
183,70,0
183,71,0
183,72,0
183,72,0
183,73,0
183,73,0
183,73,0
183,74,1
183,74,0
183,75,0
183,75,0
183,76,0
183,76,0
183,77,0
183,78,0
183,78,0
183,78,0
183,79,0
183,79,0
183,79,0
183,80,0
183,80,0
183,81,0
183,81,0
183,81,0
183,82,0
183,82,0
184,70,0
184,71,0
184,72,0
184,72,0
184,72,0
184,73,0
184,74,1
184,74,0
184,74,0
184,75,0
184,75,0
184,76,0
184,77,0
184,77,0
184,77,0
184,78,0
184,78,0
184,79,0
184,79,0
184,80,0
184,81,0
184,81,0
184,81,0
184,82,0
184,83,0
184,83,0
185,70,0
185,71,0
185,72,0
185,73,0
185,73,0
185,73,0
185,74,0
185,74,0
185,75,1
185,75,0
185,76,0
185,76,0
185,76,0
185,77,0
185,77,0
185,78,0
185,78,0
185,78,0
185,79,0
185,79,0
185,80,0
185,80,0
185,81,0
185,81,0
185,82,0
185,82,0
185,83,0
185,83,0
185,83,0
186,71,0
186,72,0
186,72,0
186,73,0
186,73,0
186,74,1
186,74,0
186,74,0
186,75,0
186,75,0
186,76,0
186,77,0
186,77,0
186,78,0
186,79,0
186,79,0
186,79,0
186,80,0
186,80,0
186,81,0
186,81,0
186,81,0
186,82,0
186,83,0
186,83,0
186,84,0
187,71,0
187,72,0
187,72,0
187,73,0
187,73,0
187,73,0
187,74,0
187,74,0
187,75,0
187,75,0
187,75,0
187,76,1
187,76,0
187,76,0
187,77,0
187,77,0
187,77,0
187,77,0
187,78,0
187,78,0
187,79,0
187,79,0
187,80,0
187,80,0
187,81,0
187,81,0
187,81,0
187,81,0
187,82,0
187,82,0
187,83,0
187,83,0
187,83,0
187,84,0
187,84,0
188,71,0
188,72,0
188,73,0
188,73,0
188,73,0
188,74,0
188,74,0
188,75,0
188,75,0
188,76,1
188,77,0
188,77,0
188,78,0
188,79,0
188,80,0
188,80,0
188,81,0
188,81,0
188,81,0
188,82,0
188,82,0
188,82,0
188,82,0
188,83,0
188,83,0
188,83,0
188,84,0
189,72,0
189,73,0
189,73,0
189,74,0
189,75,0
189,75,0
189,75,0
189,76,1
189,76,0
189,77,0
189,77,0
189,77,0
189,78,0
189,78,0
189,78,0
189,79,0
189,79,0
189,79,0
189,79,0
189,80,0
189,80,0
189,81,0
189,81,0
189,82,0
189,82,0
189,82,0
189,83,0
189,83,0
189,83,0
189,84,0
190,72,0
190,73,0
190,74,0
190,74,0
190,74,0
190,75,0
190,75,0
190,76,1
190,76,0
190,77,0
190,77,0
190,77,0
190,77,0
190,78,0
190,79,0
190,79,0
190,80,0
190,81,0
190,81,0
190,81,0
190,81,0
190,82,0
190,82,0
190,82,0
190,82,0
190,83,0
190,83,0
190,83,0
190,83,0
190,84,0
191,73,0
191,74,0
191,74,0
191,75,0
191,75,0
191,75,0
191,76,0
191,76,0
191,77,1
191,77,0
191,77,0
191,78,0
191,78,0
191,78,0
191,79,0
191,79,0
191,79,0
191,80,0
191,80,0
191,81,0
191,81,0
191,82,0
191,82,0
191,82,0
191,83,0
191,83,0
191,83,0
191,83,0
191,84,0
191,84,0
191,85,0
191,85,0
192,73,0
192,74,0
192,75,0
192,75,0
192,75,0
192,76,1
192,76,0
192,76,0
192,77,0
192,77,0
192,77,0
192,78,1
192,78,0
192,79,0
192,79,0
192,79,0
192,80,0
192,81,0
192,81,0
192,81,0
192,81,0
192,82,0
192,82,0
192,82,0
192,82,0
192,83,0
192,83,0
192,84,0
192,84,0
192,85,0
192,85,0
193,73,0
193,74,0
193,75,0
193,75,0
193,76,0
193,76,0
193,77,1
193,77,0
193,77,0
193,78,0
193,78,0
193,79,0
193,79,0
193,79,0
193,80,0
193,80,0
193,81,0
193,81,0
193,82,0
193,82,0
193,82,0
193,83,0
193,83,0
193,83,0
193,83,0
193,83,0
193,84,0
193,84,0
193,85,0
193,85,0
193,85,0
193,86,0
194,73,0
194,74,0
194,75,0
194,75,0
194,75,0
194,75,0
194,76,0
194,77,0
194,77,0
194,77,0
194,78,1
194,79,0
194,79,0
194,79,0
194,80,0
194,81,0
194,81,0
194,82,0
194,82,0
194,82,0
194,83,0
194,83,0
194,83,0
194,84,0
194,84,0
194,85,0
194,85,0
194,86,0
195,74,0
195,75,0
195,76,0
195,76,0
195,77,0
195,77,0
195,77,0
195,78,1
195,78,0
195,79,0
195,79,0
195,79,0
195,80,0
195,80,0
195,81,0
195,81,0
195,82,0
195,82,0
195,82,0
195,82,0
195,83,0
195,83,0
195,83,0
195,83,0
195,84,0
195,84,0
195,85,0
195,85,0
195,85,0
195,86,0
195,86,0
196,74,0
196,75,0
196,75,0
196,76,0
196,77,0
196,77,0
196,78,1
196,79,0
196,79,0
196,79,0
196,80,1
196,81,0
196,81,0
196,82,0
196,82,0
196,82,0
196,82,0
196,83,0
196,83,0
196,83,0
196,84,0
196,84,0
196,85,0
196,85,0
196,85,0
196,86,0
197,74,0
197,75,0
197,76,0
197,76,0
197,77,0
197,77,0
197,77,0
197,77,0
197,78,0
197,78,0
197,79,1
197,79,0
197,79,0
197,80,0
197,80,0
197,81,0
197,81,0
197,82,0
197,82,0
197,82,0
197,83,0
197,83,0
197,83,0
197,83,0
197,83,0
197,84,0
197,84,0
197,85,0
197,85,0
197,85,0
197,86,0
197,86,0
197,87,0
198,75,0
198,76,0
198,77,0
198,78,1
198,79,0
198,79,0
198,79,0
198,80,1
198,81,0
198,81,0
198,81,0
198,81,0
198,82,0
198,82,0
198,82,0
198,82,0
198,83,0
198,83,0
198,83,0
198,84,0
198,84,0
198,84,0
198,85,0
198,85,0
198,86,0
198,87,0
198,87,0
199,75,0
199,76,0
199,77,0
199,78,0
199,78,0
199,79,0
199,79,0
199,80,1
199,80,0
199,81,0
199,81,0
199,82,0
199,82,0
199,82,0
199,83,0
199,83,0
199,83,0
199,83,0
199,84,0
199,84,0
199,85,0
199,85,0
199,85,0
199,85,0
199,86,0
199,86,0
199,87,0
199,87,0
199,87,0
200,76,0
200,77,0
200,78,0
200,79,0
200,79,0
200,80,1
200,81,0
200,81,0
200,81,0
200,82,0
200,82,0
200,82,0
200,83,0
200,83,0
200,83,0
200,84,0
200,84,0
200,84,0
200,85,0
200,85,0
200,85,0
200,86,0
200,86,0
200,87,0
200,87,0
200,87,0
201,76,0
201,77,0
201,78,0
201,78,0
201,79,0
201,79,0
201,79,0
201,80,1
201,80,0
201,81,0
201,81,0
201,82,0
201,82,0
201,82,0
201,83,0
201,83,0
201,83,0
201,83,0
201,83,0
201,84,0
201,84,0
201,85,0
201,85,0
201,85,0
201,86,0
201,86,0
201,87,0
201,87,0
201,87,0
201,88,0
201,88,0
202,76,0
202,77,0
202,77,0
202,78,0
202,78,0
202,79,0
202,80,1
202,81,0
202,81,0
202,82,0
202,82,0
202,82,0
202,82,0
202,83,0
202,83,0
202,83,0
202,84,0
202,84,0
202,85,0
202,85,0
202,85,0
202,86,0
202,86,0
202,87,0
202,87,0
202,88,0
203,76,0
203,77,0
203,77,0
203,77,0
203,78,0
203,78,0
203,78,0
203,78,0
203,79,0
203,79,0
203,80,0
203,80,0
203,80,0
203,81,1
203,81,0
203,81,0
203,82,0
203,82,0
203,82,0
203,82,0
203,83,0
203,83,0
203,83,0
203,84,0
203,84,0
203,84,0
203,85,0
203,85,0
203,85,0
203,86,0
203,86,0
203,87,0
203,87,0
203,87,0
203,88,0
203,88,0
204,77,0
204,78,0
204,78,0
204,78,0
204,78,0
204,79,0
204,79,0
204,80,1
204,80,0
204,81,0
204,81,0
204,81,0
204,81,0
204,81,0
204,82,1
204,82,0
204,82,0
204,82,0
204,83,0
204,83,0
204,83,0
204,84,0
204,84,0
204,85,0
204,85,0
204,86,0
204,87,0
204,87,0
204,87,0
204,88,0
205,77,0
205,78,0
205,79,0
205,79,0
205,79,0
205,80,0
205,80,0
205,80,0
205,81,1
205,81,0
205,81,0
205,82,0
205,82,0
205,82,0
205,82,0
205,83,0
205,83,0
205,83,0
205,83,0
205,84,0
205,84,0
205,84,0
205,84,0
205,84,0
205,85,0
205,85,0
205,86,0
205,86,0
205,87,0
205,87,0
205,87,0
205,88,0
205,88,0
205,89,0
206,78,0
206,79,0
206,80,0
206,80,0
206,80,0
206,81,0
206,81,0
206,82,1
206,82,0
206,82,0
206,83,0
206,83,0
206,83,0
206,83,0
206,83,0
206,84,0
206,84,0
206,84,0
206,85,0
206,85,0
206,86,0
206,87,0
206,87,0
206,87,0
206,88,0
206,89,0
206,89,0
207,78,0
207,79,0
207,80,0
207,81,0
207,81,0
207,82,1
207,82,0
207,83,0
207,83,0
207,84,0
207,84,0
207,84,0
207,84,0
207,85,0
207,85,0
207,86,0
207,86,0
207,87,0
207,88,0
207,88,0
207,89,0
208,78,0
208,79,0
208,80,0
208,80,0
208,81,0
208,81,0
208,82,1
208,82,0
208,83,0
208,83,0
208,84,0
208,84,0
208,85,0
208,85,0
208,86,0
208,86,0
208,87,0
208,87,0
208,88,0
208,88,0
208,89,0
208,89,0
208,90,0
209,79,0
209,80,0
209,81,0
209,81,0
209,82,0
209,83,0
209,84,0
209,84,0
209,85,0
209,85,0
209,86,0
209,86,0
209,86,0
209,87,0
209,87,0
209,88,0
209,88,0
209,89,0
209,90,0
209,90,0
210,79,0
210,80,0
210,80,0
210,80,0
210,81,0
210,81,0
210,82,0
210,82,0
210,82,0
210,83,0
210,83,0
210,84,0
210,84,0
210,84,0
210,85,0
210,85,0
210,85,0
210,86,0
210,86,0
210,86,0
210,86,0
210,87,0
210,87,0
210,88,0
210,88,0
210,89,0
210,90,0
211,80,0
211,81,0
211,81,0
211,82,0
211,82,0
211,83,0
211,83,0
211,84,0
211,84,0
211,84,0
211,84,0
211,85,0
211,85,0
211,86,0
211,86,0
211,86,0
211,87,0
211,87,0
211,87,0
211,88,0
211,88,0
211,89,0
211,90,0
211,91,0
212,80,0
212,81,0
212,82,0
212,82,0
212,83,0
212,83,0
212,83,0
212,84,0
212,84,0
212,85,0
212,85,0
212,85,0
212,86,0
212,86,0
212,86,0
212,86,0
212,86,0
212,87,0
212,87,0
212,87,0
212,87,0
212,87,0
212,88,0
212,88,0
212,88,0
212,89,0
212,90,0
212,91,0
213,80,0
213,81,0
213,81,0
213,81,0
213,82,0
213,82,0
213,83,0
213,83,0
213,84,0
213,85,0
213,85,0
213,85,0
213,86,0
213,86,0
213,86,0
213,86,0
213,87,0
213,87,0
213,87,0
213,87,0
213,88,0
213,88,0
213,89,0
213,90,0
213,90,0
213,90,0
213,91,0
214,80,0
214,81,0
214,82,0
214,82,0
214,83,0
214,83,0
214,84,0
214,85,0
214,85,0
214,85,0
214,86,0
214,86,0
214,87,0
214,87,0
214,87,0
214,87,0
214,88,0
214,88,0
214,88,0
214,88,0
214,88,0
214,88,0
214,88,0
214,89,0
214,90,0
214,90,0
214,91,0
215,80,0
215,81,0
215,82,0
215,83,0
215,83,0
215,84,0
215,85,0
215,86,0
215,87,0
215,88,0
215,88,0
215,88,0
215,88,0
215,89,0
215,89,0
215,89,0
215,90,0
215,90,0
215,91,0
215,92,0
216,80,0
216,81,0
216,82,0
216,82,0
216,83,0
216,83,0
216,84,0
216,85,0
216,85,0
216,86,0
216,87,0
216,87,0
216,88,0
216,89,0
216,89,0
216,89,0
216,90,0
216,90,0
216,90,0
216,90,0
216,91,0
216,92,0
216,92,0
217,81,0
217,82,0
217,83,0
217,83,0
217,84,0
217,85,0
217,86,0
217,87,0
217,88,0
217,89,0
217,89,0
217,90,0
217,90,0
217,90,0
217,91,0
217,91,0
217,92,0
218,81,0
218,82,0
218,83,0
218,84,0
218,85,0
218,86,0
218,87,0
218,87,0
218,88,0
218,89,0
218,89,0
218,89,0
218,90,0
218,91,0
218,91,0
218,92,0
218,92,0
219,82,0
219,83,0
219,84,0
219,85,0
219,86,0
219,87,0
219,88,0
219,88,0
219,89,0
219,90,0
219,91,0
219,92,0
219,93,0
220,82,0
220,83,0
220,84,0
220,85,0
220,86,0
220,87,0
220,88,0
220,89,0
220,90,0
220,91,0
220,91,0
220,91,0
220,92,0
220,93,0
221,83,0
221,84,0
221,85,0
221,86,0
221,87,0
221,88,0
221,89,0
221,90,0
221,91,0
221,92,0
221,93,0
221,94,0
222,83,0
222,84,0
222,85,0
222,86,0
222,87,0
222,88,0
222,89,0
222,89,0
222,90,0
222,91,0
222,92,0
222,93,0
222,94,0
223,83,0
223,84,0
223,85,0
223,86,0
223,87,0
223,88,0
223,89,0
223,90,0
223,91,0
223,92,0
223,93,0
223,94,0
223,95,0
224,83,0
224,84,0
224,85,0
224,86,0
224,87,0
224,88,0
224,89,0
224,90,0
224,91,0
224,92,0
224,93,0
224,94,0
224,95,0
225,84,0
225,85,0
225,86,0
225,87,0
225,88,0
225,89,0
225,90,0
225,91,0
225,92,0
225,93,0
225,94,0
225,95,0
226,84,0
226,85,0
226,86,0
226,87,0
226,88,0
226,89,0
226,90,0
226,91,0
226,92,0
226,93,0
226,94,0
226,95,0
227,84,0
227,85,0
227,86,0
227,87,0
227,88,0
227,89,0
227,90,0
227,91,0
227,92,0
227,93,0
227,94,0
227,95,0
228,85,0
228,86,0
228,87,0
228,87,0
228,88,0
228,89,0
228,89,0
228,90,0
228,91,0
228,92,0
228,93,0
228,94,0
228,95,0
229,85,0
229,86,0
229,87,0
229,88,0
229,89,0
229,90,0
229,90,0
229,91,0
229,91,0
229,92,0
229,93,0
229,93,0
229,94,0
229,95,0
229,95,0
230,86,0
230,87,0
230,88,0
230,89,0
230,90,0
230,91,0
230,92,0
230,93,0
230,94,0
230,95,0
231,86,0
231,87,0
231,88,0
231,88,0
231,89,0
231,90,0
231,91,0
231,92,0
231,93,0
231,94,0
231,95,0
231,96,0
232,87,0
232,88,0
232,89,0
232,90,0
232,91,0
232,92,0
232,93,0
232,94,0
232,95,0
232,96,0
233,87,0
233,88,0
233,89,0
233,90,0
233,90,0
233,91,0
233,92,0
233,93,0
233,93,0
233,94,0
233,95,0
233,96,0
233,97,0
234,88,0
234,89,0
234,89,0
234,89,0
234,90,0
234,91,0
234,91,0
234,92,0
234,92,0
234,93,0
234,94,0
234,95,0
234,96,0
234,97,0
235,88,0
235,89,0
235,90,0
235,91,0
235,92,0
235,92,0
235,92,0
235,93,0
235,94,0
235,95,0
235,96,0
235,97,0
236,89,0
236,90,0
236,91,0
236,92,0
236,92,0
236,92,0
236,93,0
236,93,0
236,93,0
236,94,0
236,94,0
236,95,0
236,95,0
236,96,0
236,97,0
237,89,0
237,90,0
237,91,0
237,92,0
237,92,0
237,93,0
237,93,0
237,94,0
237,94,0
237,94,0
237,95,0
237,96,0
237,96,0
237,97,0
237,98,0
238,90,0
238,91,0
238,92,0
238,92,0
238,93,0
238,93,0
238,94,0
238,95,0
238,95,0
238,96,0
238,97,0
238,98,0
239,90,0
239,91,0
239,92,0
239,92,0
239,92,0
239,93,0
239,94,0
239,94,0
239,94,0
239,95,0
239,95,0
239,96,0
239,96,0
239,97,0
239,97,0
239,98,0
239,99,0
240,91,0
240,92,0
240,93,0
240,93,0
240,94,0
240,94,0
240,95,0
240,95,0
240,96,0
240,97,0
240,97,0
240,98,0
240,99,0
241,91,0
241,92,0
241,93,0
241,94,0
241,94,0
241,94,0
241,95,0
241,95,0
241,96,0
241,97,0
241,97,0
241,98,0
241,98,0
241,99,0
241,99,0
241,100,0
242,92,0
242,93,0
242,93,0
242,94,0
242,95,0
242,95,0
242,95,0
242,96,0
242,96,0
242,97,0
242,97,0
242,97,0
242,98,0
242,99,0
242,100,0
243,92,0
243,93,0
243,93,0
243,94,0
243,94,0
243,95,0
243,95,0
243,96,0
243,96,0
243,96,0
243,97,0
243,97,0
243,98,0
243,99,0
243,99,0
243,100,0
244,93,0
244,94,0
244,94,0
244,95,0
244,95,0
244,95,0
244,95,0
244,96,0
244,96,0
244,96,0
244,97,0
244,97,0
244,97,0
244,98,0
244,99,0
244,100,0
244,101,0
244,101,0
245,93,0
245,94,0
245,94,0
245,94,0
245,95,0
245,95,0
245,96,0
245,96,0
245,97,0
245,97,0
245,98,0
245,98,0
245,99,0
245,99,0
245,99,0
245,99,0
245,100,0
245,101,0
245,101,0
246,94,0
246,95,0
246,95,0
246,95,0
246,96,0
246,96,0
246,97,0
246,98,0
246,99,0
246,99,0
246,99,0
246,100,0
246,101,0
246,101,0
247,94,0
247,95,0
247,96,0
247,96,0
247,96,0
247,97,0
247,98,0
247,99,0
247,99,0
247,100,0
247,100,0
247,101,0
247,101,0
248,95,0
248,96,0
248,96,0
248,97,0
248,97,0
248,97,0
248,98,0
248,99,0
248,100,0
248,100,0
248,101,0
248,102,0
249,95,0
249,96,0
249,96,0
249,97,0
249,97,0
249,98,0
249,98,0
249,99,0
249,100,0
249,101,0
249,101,0
249,102,0
250,96,0
250,97,0
250,97,0
250,97,0
250,97,0
250,98,0
250,99,0
250,99,0
250,100,0
250,100,0
250,101,0
250,101,0
250,102,0
250,102,0
251,96,0
251,97,0
251,97,0
251,98,0
251,98,0
251,99,0
251,99,0
251,100,0
251,100,0
251,101,0
251,101,0
251,102,0
251,102,0
251,102,0
251,103,0
252,96,0
252,97,0
252,98,0
252,99,0
252,100,0
252,101,0
252,101,0
252,102,0
252,102,0
252,103,0
252,103,0
253,97,0
253,98,0
253,99,0
253,99,0
253,100,0
253,100,0
253,100,0
253,101,0
253,101,0
253,102,0
253,102,0
253,102,0
253,102,0
253,103,0
253,103,0
253,104,0
253,104,0
254,97,0
254,98,0
254,99,0
254,99,0
254,100,0
254,101,0
254,101,0
254,102,0
254,102,0
254,102,0
254,103,0
254,103,0
254,104,0
254,104,0
254,104,0
255,98,0
255,99,0
255,100,0
255,100,0
255,101,0
255,101,0
255,102,0
255,102,0
255,102,0
255,103,0
255,103,0
255,103,0
255,103,0
255,104,0
255,104,0
255,104,0
255,104,0
255,105,0
255,105,0
256,98,0
256,99,0
256,99,0
256,100,0
256,101,0
256,101,0
256,101,0
256,102,0
256,103,0
256,103,0
256,104,0
256,104,0
256,104,0
256,104,0
256,105,0
257,99,0
257,100,0
257,101,0
257,102,0
257,102,0
257,103,0
257,103,0
257,103,0
257,104,0
257,104,0
257,104,0
257,105,0
257,105,0
258,99,0
258,100,0
258,101,0
258,101,0
258,102,0
258,103,0
258,103,0
258,104,0
258,104,0
258,104,0
258,105,0
258,105,0
258,106,0
259,100,0
259,101,0
259,102,0
259,102,0
259,103,0
259,103,0
259,104,0
259,104,0
259,104,0
259,105,0
259,106,0
259,106,0
260,100,0
260,101,0
260,102,0
260,103,0
260,104,0
260,105,0
260,105,0
260,106,0
260,107,0
261,101,0
261,102,0
261,103,0
261,104,0
261,104,0
261,104,0
261,105,0
261,105,0
261,106,0
261,106,0
261,107,0
262,101,0
262,102,0
262,103,0
262,104,0
262,104,0
262,105,0
262,105,0
262,106,0
262,106,0
262,107,0
262,107,0
263,102,0
263,103,0
263,104,0
263,104,0
263,105,0
263,105,0
263,106,0
263,106,0
263,106,0
263,107,0
263,108,0
263,108,0
264,102,0
264,103,0
264,104,0
264,105,0
264,106,0
264,107,0
264,107,0
264,108,0
265,103,0
265,104,0
265,105,0
265,106,0
265,106,0
265,107,0
265,108,0
265,108,0
265,109,0
266,103,0
266,104,0
266,105,0
266,106,0
266,107,0
266,108,0
266,108,0
266,109,0
266,109,0
267,104,0
267,104,0
267,105,0
267,106,0
267,106,0
267,107,0
267,108,0
267,108,0
267,109,0
267,110,0
268,104,0
268,105,0
268,105,0
268,106,0
268,107,0
268,108,0
268,109,0
268,110,0
269,105,0
269,106,0
269,107,0
269,108,0
269,109,0
269,110,0
270,105,0
270,106,0
270,107,0
270,107,0
270,108,0
270,109,0
270,110,0
270,110,0
271,106,0
271,107,0
271,108,0
271,109,0
271,110,0
271,110,0
272,106,0
272,107,0
272,108,0
272,109,0
272,110,0
272,111,0
273,106,0
273,107,0
273,108,0
273,108,0
273,109,0
273,110,0
273,110,0
273,111,0
274,107,0
274,108,0
274,109,0
274,110,0
274,111,0
275,107,0
275,108,0
275,108,0
275,109,0
275,110,0
275,111,0
276,107,0
276,108,0
276,109,0
276,109,0
276,110,0
276,111,0
276,112,0
277,107,0
277,108,0
277,108,0
277,108,0
277,109,0
277,110,0
277,111,0
277,112,0
278,107,0
278,108,0
278,109,0
278,109,0
278,110,0
278,111,0
278,112,0
278,113,0
279,108,0
279,109,0
279,110,0
279,110,0
279,111,0
279,111,0
279,112,0
279,113,0
280,108,0
280,109,0
280,110,0
280,111,0
280,112,0
280,113,0
281,109,0
281,110,0
281,110,0
281,110,0
281,111,0
281,112,0
281,113,0
282,109,0
282,110,0
282,111,0
282,112,0
282,113,0
283,110,0
283,111,0
283,112,0
283,113,0
284,110,0
284,111,0
284,112,0
284,113,0
284,114,0
285,111,0
285,112,0
285,112,0
285,113,0
285,114,0
286,111,0
286,112,0
286,113,0
286,114,0
287,112,0
287,113,0
287,114,0
287,115,0
288,112,0
288,113,0
288,114,0
288,115,0
289,113,0
289,114,0
289,114,0
289,115,0
289,116,0
290,113,0
290,114,0
290,115,0
290,116,0
291,114,0
291,115,0
291,116,0
291,117,0
292,115,0
292,116,0
292,117,0
293,116,0
293,116,0
293,117,0
293,118,0
294,117,0
294,118,0
295,118,0
