A,Z,element,is_ground_state,isomer_flag,half_life,decay_modes_raw,is_stable,decay_category,dist_charge_poor,dist_charge_nominal,dist_charge_rich,bulk_excess,charge_fraction
99,50,99Sn,True,,24,B+=100;B+p=5 3,False,beta_plus_ec,12.32307162037774,7.191934049663999,2.525846613214682,49,0.5050505050505051
100,50,100Sn,True,,1.18,B+=100;B+p<17,False,beta_plus_ec,11.931652035047826,6.799798776522408,2.130101942530473,50,0.5
101,50,101Sn,True,,2.22,B+=100;B+p=21.0 7,False,beta_plus_ec,11.540160633366298,6.407930181433144,1.7349121728564043,51,0.49504950495049505
102,50,102Sn,True,,3.8,B+=100,False,beta_plus_ec,11.148598361872082,6.016324749581671,1.340269990601719,52,0.49019607843137253
102,51,102Sb,True,,,p ?,False,other,12.148598361872082,7.016324749581671,2.340269990601719,51,0.5
103,50,103Sn,True,,7.0,B+=100;B+p=1.2 1,False,beta_plus_ec,10.756966145485606,5.624979046430134,0.946168249214594,53,0.4854368932038835
103,51,103Sb,True,,,p ?,False,other,11.756966145485606,6.624979046430134,1.946168249214594,52,0.49514563106796117
104,50,104Sn,True,,20.8,B+=100,False,beta_plus_ec,10.36526488820732,5.233889715123475,0.5525999637847505,54,0.4807692307692308
104,51,104Sb,True,,470,B+=?;B+p<7;p<7;A ?,False,beta_plus_ec,11.36526488820732,6.233889715123475,1.5525999637847503,53,0.49038461538461536
104,52,104Te,True,,<4,A=100,False,alpha,12.36526488820732,7.233889715123475,2.5525999637847505,52,0.5
105,50,105Sn,True,,32.7,B+=100;B+p=0.011 4,False,beta_plus_ec,9.973495473787231,4.843053474003426,0.1595583058706893,55,0.47619047619047616
105,51,105Sb,True,,1.12,B+=100;p<0.1;B+p ?,False,beta_plus_ec,10.973495473787231,5.843053474003426,1.1595583058706893,54,0.4857142857142857
105,52,105Te,True,,633,A~100,False,other,11.973495473787231,6.843053474003426,2.1595583058706893,53,0.49523809523809526
106,50,106Sn,True,,1.92,B+=100,False,beta_plus_ec,9.5816587663667,4.452467114224973,-0.2329634014600543,56,0.4716981132075472
106,51,106Sb,True,,600,B+=100,False,beta_plus_ec,10.5816587663667,5.452467114224973,0.7670365985399457,55,0.4811320754716981
106,52,106Te,True,,78,A=100,False,alpha,11.5816587663667,6.452467114224973,1.7670365985399457,54,0.49056603773584906
106,53,106I,True,,,A ?,False,other,12.5816587663667,7.452467114224973,2.7670365985399457,53,0.5
107,50,107Sn,True,,2.90,B+=100,False,beta_plus_ec,9.189755611094228,4.062127497470115,-0.6249716883880367,57,0.4672897196261682
107,51,107Sb,True,,4.0,B+=100,False,beta_plus_ec,10.189755611094228,5.062127497470115,0.3750283116119632,56,0.4766355140186916
107,52,107Te,True,,3.22,A=70 30;B+ ?;B+p ?,False,beta_plus_ec,11.189755611094228,6.062127497470115,1.3750283116119633,55,0.48598130841121495
107,53,107I,True,,20#,A ?,False,other,12.189755611094228,7.062127497470115,2.3750283116119637,54,0.4953271028037383
108,50,108Sn,True,,10.30,B+=100,False,beta_plus_ec,8.797786834716156,3.672031553754003,-1.016472942906837,58,0.46296296296296297
108,51,108Sb,True,,7.4,B+=100,False,beta_plus_ec,9.797786834716156,4.672031553754003,-0.0164729429068373,57,0.4722222222222222
108,52,108Te,True,,2.1,B+=51 4;A=49 4;B+p=2.4 10;B+A<0.065,False,beta_plus_ec,10.797786834716156,5.672031553754003,0.9835270570931628,56,0.48148148148148145
108,53,108I,True,,26.4,A~99.50 21;p=0.50 21;B+ ?;B+p ?,False,beta_plus_ec,11.797786834716156,6.672031553754003,1.983527057093163,55,0.49074074074074076
108,54,108Xe,True,,72,A=100,False,alpha,12.797786834716156,7.672031553754003,2.9835270570931627,54,0.5
109,50,109Sn,True,,18.1,B+=100,False,beta_plus_ec,8.405753246143874,3.2821762793191027,-1.4074734152049473,59,0.45871559633027525
109,51,109Sb,True,,17.2,B+=100,False,beta_plus_ec,9.405753246143874,4.282176279319103,-0.4074734152049473,58,0.46788990825688076
109,52,109Te,True,,4.4,B+=96.1 13;A=3.9 13;B+p=9.4 31;B+A<0.0049,False,beta_plus_ec,10.405753246143874,5.282176279319103,0.5925265847950527,57,0.47706422018348627
109,53,109I,True,,92.8,p=99.986 4;A=0.014 4,False,alpha,11.405753246143874,6.282176279319103,1.5925265847950527,56,0.48623853211009177
109,54,109Xe,True,,13,A~100;B+ ?;B+p ?,False,beta_plus_ec,12.405753246143874,7.282176279319103,2.5925265847950527,55,0.4954128440366973
110,50,110Sn,True,,4.154,EC=100,False,beta_plus_ec,8.01365563699833,2.8925587346128623,-1.7979792218737742,60,0.45454545454545453
110,51,110Sb,True,,23.6,B+=100,False,beta_plus_ec,9.01365563699833,3.8925587346128623,-0.7979792218737742,59,0.4636363636363636
110,52,110Te,True,,18.6,B+~100;A ?,False,beta_plus_ec,10.01365563699833,4.892558734612862,0.2020207781262257,58,0.4727272727272727
110,53,110I,True,,664,B+=83 4;A=17 4;B+p=11 3;B+A=1.1 3,False,beta_plus_ec,11.01365563699833,5.892558734612862,1.2020207781262258,57,0.4818181818181818
110,54,110Xe,True,,93,A=64 35;B+=36 35;B+p ?,False,beta_plus_ec,12.01365563699833,6.892558734612862,2.2020207781262258,56,0.4909090909090909
111,50,111Sn,True,,35.3,B+=100,False,beta_plus_ec,7.621494782133331,2.5031760423449043,-2.187996349950197,61,0.45045045045045046
111,51,111Sb,True,,75,B+=100,False,beta_plus_ec,8.621494782133333,3.5031760423449043,-1.1879963499501969,60,0.4594594594594595
111,52,111Te,True,,26.2,B+=100;B+p=?,False,beta_plus_ec,9.621494782133333,4.503176042344904,-0.1879963499501968,59,0.46846846846846846
111,53,111I,True,,2.5,B+~100;A~0.088 9;B+p ?,False,beta_plus_ec,10.621494782133333,5.503176042344904,0.8120036500498031,58,0.4774774774774775
111,54,111Xe,True,,740,B+=89.6 1.9;A=10.4 1.9;B+p ?,False,beta_plus_ec,11.621494782133333,6.503176042344904,1.8120036500498031,57,0.4864864864864865
111,55,111Cs,True,,1#,p ?,False,other,12.621494782133333,7.503176042344904,2.812003650049803,56,0.4954954954954955
112,50,112Sn,True,,stbl,IS=0.97 1;2B+ ?,True,stable,7.22927144013822,2.1140253856200677,-2.577530660801329,62,0.44642857142857145
112,51,112Sb,True,,53.5,B+=100,False,beta_plus_ec,8.22927144013822,3.1140253856200677,-1.5775306608013295,61,0.45535714285714285
112,52,112Te,True,,2.0,B+=100,False,beta_plus_ec,9.22927144013822,4.114025385620067,-0.5775306608013295,60,0.4642857142857143
112,53,112I,True,,3.34,B+~100;A~0.0012;B+p=0.88 10;B+A=0.104 12,False,beta_plus_ec,10.22927144013822,5.114025385620067,0.4224693391986704,59,0.4732142857142857
112,54,112Xe,True,,2.7,B+=98.8 8;A=1.2 8;B+p ?,False,beta_plus_ec,11.22927144013822,6.114025385620067,1.4224693391986705,58,0.48214285714285715
112,55,112Cs,True,,490,p~100;A<0.26,False,other,12.22927144013822,7.114025385620067,2.4224693391986705,57,0.49107142857142855
113,50,113Sn,True,,115.08,B+=100,False,beta_plus_ec,6.836986353821324,1.725104006143482,-2.966587893859426,63,0.4424778761061947
113,51,113Sb,True,,6.67,B+=100,False,beta_plus_ec,7.836986353821324,2.725104006143482,-1.966587893859426,62,0.45132743362831856
113,52,113Te,True,,1.7,B+=100,False,beta_plus_ec,8.836986353821324,3.725104006143482,-0.966587893859426,61,0.46017699115044247
113,53,113I,True,,6.6,B+=100;A=3.310e-5#;B+A ?,False,beta_plus_ec,9.836986353821324,4.725104006143482,0.0334121061405738,60,0.4690265486725664
113,54,113Xe,True,,2.74,B+~100;A=?;B+p=7 4;B+A~0.007 4,False,beta_plus_ec,10.836986353821324,5.725104006143482,1.033412106140574,59,0.4778761061946903
113,55,113Cs,True,,16.94,p=100,False,other,11.836986353821324,6.725104006143482,2.033412106140574,58,0.48672566371681414
113,56,113Ba,True,,30#,p ?;A ?,False,other,12.836986353821324,7.725104006143482,3.033412106140574,57,0.49557522123893805
114,50,114Sn,True,,stbl,IS=0.66 1,True,stable,6.444640250674752,1.3364092024944156,-3.3551736702136026,64,0.43859649122807015
114,51,114Sb,True,,3.49,B+=100,False,beta_plus_ec,7.444640250674752,2.336409202494416,-2.3551736702136026,63,0.4473684210526316
114,52,114Te,True,,15.2,B+=100,False,beta_plus_ec,8.444640250674752,3.336409202494416,-1.3551736702136026,62,0.45614035087719296
114,53,114I,True,,2.01,B+=100;B+p ?;A~7.7e-9#,False,beta_plus_ec,9.444640250674752,4.336409202494416,-0.3551736702136026,61,0.4649122807017544
114,54,114Xe,True,,10.0,B+=100,False,beta_plus_ec,10.444640250674752,5.336409202494416,0.6448263297863974,60,0.47368421052631576
114,55,114Cs,True,,570,B+~100;A=0.018 6;B+p=8.7 13;B+A=0.19 3,False,beta_plus_ec,11.444640250674752,6.336409202494416,1.6448263297863974,59,0.4824561403508772
114,56,114Ba,True,,460,B+~100;B+p=20 10;A=0.9 3;12C<0.0034,False,beta_plus_ec,12.444640250674752,7.336409202494416,2.644826329786397,58,0.49122807017543857
115,50,115Sn,True,,stbl,IS=0.34 1,True,stable,6.052233843321645,0.9479383284656252,-3.743293496065234,65,0.43478260869565216
115,51,115Sb,True,,32.1,B+=100,False,beta_plus_ec,7.052233843321645,1.947938328465625,-2.743293496065234,64,0.4434782608695652
115,52,115Te,True,,5.8,B+=100,False,beta_plus_ec,8.052233843321645,2.947938328465625,-1.7432934960652346,63,0.45217391304347826
115,53,115I,True,,1.3,B+=100,False,beta_plus_ec,9.052233843321645,3.947938328465625,-0.7432934960652346,62,0.4608695652173913
115,54,115Xe,True,,18,B+=100;B+p=0.34 6,False,beta_plus_ec,10.052233843321645,4.947938328465625,0.2567065039347653,61,0.46956521739130436
115,55,115Cs,True,,1.4,B+=100;B+p~0.07,False,beta_plus_ec,11.052233843321645,5.947938328465625,1.2567065039347654,60,0.4782608695652174
115,56,115Ba,True,,450,B+=100;B+p>15,False,beta_plus_ec,12.052233843321645,6.947938328465625,2.2567065039347654,59,0.48695652173913045
116,50,116Sn,True,,stbl,IS=14.54 9,True,stable,5.659767829946532,0.5596887914652342,-4.130952766053497,66,0.43103448275862066
116,51,116Sb,True,,15.8,B+=100,False,beta_plus_ec,6.659767829946532,1.5596887914652342,-3.130952766053497,65,0.4396551724137931
116,52,116Te,True,,2.49,B+=100,False,beta_plus_ec,7.6597678299465315,2.559688791465234,-2.130952766053497,64,0.4482758620689655
116,53,116I,True,,2.91,B+=100,False,beta_plus_ec,8.659767829946531,3.559688791465234,-1.1309527660534968,63,0.45689655172413796
116,54,116Xe,True,,59,B+=100,False,beta_plus_ec,9.659767829946531,4.559688791465234,-0.1309527660534968,62,0.46551724137931033
116,55,116Cs,True,,700,B+=100;B+p=0.28 7;B+A=0.049 25,False,beta_plus_ec,10.659767829946531,5.559688791465234,0.8690472339465032,61,0.47413793103448276
116,56,116Ba,True,,1.3,B+=100;B+p=3 1,False,beta_plus_ec,11.659767829946531,6.559688791465234,1.8690472339465032,60,0.4827586206896552
116,57,116La,True,,10#,B+ ?;B+p ?;p ?,False,beta_plus_ec,12.659767829946531,7.559688791465234,2.869047233946503,59,0.49137931034482757
117,50,117Sn,True,,stbl,IS=7.68 7,True,stable,5.2672428947096535,0.1716580509781735,-4.518156766456556,67,0.42735042735042733
117,51,117Sb,True,,2.97,B+=100,False,beta_plus_ec,6.2672428947096535,1.1716580509781735,-3.5181567664565563,66,0.4358974358974359
117,52,117Te,True,,62,B+=100;EC=75 1;e+=25 1,False,beta_plus_ec,7.267242894709653,2.171658050978173,-2.5181567664565563,65,0.4444444444444444
117,53,117I,True,,2.22,B+=100;e+~77,False,beta_plus_ec,8.267242894709653,3.171658050978173,-1.5181567664565565,64,0.452991452991453
117,54,117Xe,True,,61,B+=100;B+p=0.0029 6,False,beta_plus_ec,9.267242894709652,4.1716580509781735,-0.5181567664565563,63,0.46153846153846156
117,55,117Cs,True,,8.4,B+=100,False,beta_plus_ec,10.267242894709652,5.1716580509781735,0.4818432335434437,62,0.4700854700854701
117,56,117Ba,True,,1.75,B+=100;B+p=13 3;B+A=0.024 8,False,beta_plus_ec,11.267242894709652,6.1716580509781735,1.4818432335434435,61,0.47863247863247865
117,57,117La,True,,21.7,p~100;B+ ?;B+p ?,False,beta_plus_ec,12.267242894709652,7.1716580509781735,2.481843233543444,60,0.48717948717948717
118,50,118Sn,True,,stbl,IS=24.22 9,True,stable,4.874659708145991,-0.2161563829154289,-4.904910678274639,68,0.423728813559322
118,51,118Sb,True,,3.6,B+=100,False,beta_plus_ec,5.874659708145991,0.7838436170845711,-3.9049106782746392,67,0.4322033898305085
118,52,118Te,True,,6.00,EC=100,False,beta_plus_ec,6.874659708145991,1.783843617084571,-2.9049106782746392,66,0.4406779661016949
118,53,118I,True,,13.7,B+=100,False,beta_plus_ec,7.874659708145991,2.783843617084571,-1.9049106782746392,65,0.4491525423728814
118,54,118Xe,True,,3.8,B+=100,False,beta_plus_ec,8.874659708145991,3.783843617084571,-0.9049106782746392,64,0.4576271186440678
118,55,118Cs,True,,14,B+=100;B+p=0.021 14;B+A=0.0012 5,False,beta_plus_ec,9.874659708145993,4.783843617084571,0.0950893217253607,63,0.4661016949152542
118,56,118Ba,True,,5.2,B+=100,False,beta_plus_ec,10.874659708145993,5.783843617084571,1.0950893217253608,62,0.4745762711864407
118,57,118La,True,,200#,B+ ?;B+p ?,False,beta_plus_ec,11.874659708145993,6.783843617084571,2.0950893217253608,61,0.4830508474576271
119,50,119Sn,True,,stbl,IS=8.59 4,True,stable,4.482018927549603,-0.603756950967508,-5.291219580199908,69,0.42016806722689076
119,51,119Sb,True,,38.19,EC=100,False,beta_plus_ec,5.482018927549603,0.3962430490324919,-4.291219580199908,68,0.42857142857142855
119,52,119Te,True,,16.05,B+=100;EC=97.94 5;e+=2.06 5,False,beta_plus_ec,6.482018927549603,1.396243049032492,-3.291219580199908,67,0.4369747899159664
119,53,119I,True,,19.1,B+=100;e+=51 4;EC=49 4,False,beta_plus_ec,7.482018927549603,2.396243049032492,-2.291219580199908,66,0.44537815126050423
119,54,119Xe,True,,5.8,B+=100;e+=79 5;EC=21 5,False,beta_plus_ec,8.482018927549603,3.396243049032492,-1.2912195801999076,65,0.453781512605042
119,55,119Cs,True,,43.0,B+=100;B+A<2e-6,False,beta_plus_ec,9.482018927549603,4.396243049032492,-0.2912195801999075,64,0.46218487394957986
119,56,119Ba,True,,5.4,B+=100;B+p=25 2,False,beta_plus_ec,10.482018927549603,5.396243049032492,0.7087804198000924,63,0.47058823529411764
119,57,119La,True,,1#,B+ ?,False,beta_plus_ec,11.482018927549603,6.396243049032492,1.7087804198000924,62,0.4789915966386555
119,58,119Ce,True,,200#,B+ ?;B+p ?,False,beta_plus_ec,12.482018927549603,7.396243049032492,2.7087804198000924,61,0.48739495798319327
120,50,120Sn,True,,stbl,IS=32.58 9,True,stable,4.0893211973440415,-0.99114604613753,-5.677088451478284,70,0.4166666666666667
120,51,120Sb,True,,15.89,B+=100,False,beta_plus_ec,5.0893211973440415,0.0088539538624701,-4.677088451478284,69,0.425
120,52,120Te,True,,stbl,IS=0.09 1;2B+ ?,True,stable,6.0893211973440415,1.00885395386247,-3.677088451478284,68,0.43333333333333335
120,53,120I,True,,81.67,B+=100,False,beta_plus_ec,7.0893211973440415,2.00885395386247,-2.677088451478284,67,0.44166666666666665
120,54,120Xe,True,,46.0,B+=100,False,beta_plus_ec,8.089321197344042,3.00885395386247,-1.6770884514782836,66,0.45
120,55,120Cs,True,,60.4,B+=100;B+A<2.0e-5 4;B+p<7e-6 3,False,beta_plus_ec,9.089321197344042,4.00885395386247,-0.6770884514782836,65,0.4583333333333333
120,56,120Ba,True,,24,B+=100,False,beta_plus_ec,10.089321197344042,5.00885395386247,0.3229115485217164,64,0.4666666666666667
120,57,120La,True,,2.8,B+=100;B+p=?,False,beta_plus_ec,11.089321197344042,6.00885395386247,1.3229115485217164,63,0.475
120,58,120Ce,True,,250#,B+ ?;B+p ?,False,beta_plus_ec,12.089321197344042,7.00885395386247,2.3229115485217164,62,0.48333333333333334
121,50,121Sn,True,,27.03,B-=100,False,beta_minus,3.696567149439375,-1.3783260149182013,-6.062522174668203,71,0.4132231404958678
121,51,121Sb,True,,stbl,IS=57.21 5,True,stable,4.696567149439375,-0.3783260149182013,-5.062522174668203,70,0.4214876033057851
121,52,121Te,True,,19.31,B+=100,False,beta_plus_ec,5.696567149439375,0.6216739850817987,-4.062522174668203,69,0.4297520661157025
121,53,121I,True,,2.12,B+=100,False,beta_plus_ec,6.696567149439375,1.6216739850817987,-3.062522174668203,68,0.4380165289256198
121,54,121Xe,True,,40.1,B+=100,False,beta_plus_ec,7.696567149439375,2.6216739850817987,-2.062522174668203,67,0.4462809917355372
121,55,121Cs,True,,155,B+=100,False,beta_plus_ec,8.696567149439375,3.621673985081799,-1.062522174668203,66,0.45454545454545453
121,56,121Ba,True,,29.7,B+=100;B+p=0.02 1,False,beta_plus_ec,9.696567149439376,4.621673985081799,-0.0625221746682029,65,0.4628099173553719
121,57,121La,True,,5.3,B+=100;B+p ?,False,beta_plus_ec,10.696567149439376,5.621673985081799,0.937477825331797,64,0.47107438016528924
121,58,121Ce,True,,1.1,B+=100;B+p~1,False,beta_plus_ec,11.696567149439376,6.621673985081799,1.937477825331797,63,0.4793388429752066
121,59,121Pr,True,,12,p~100,False,other,12.696567149439376,7.621673985081799,2.937477825331797,62,0.48760330578512395
122,50,122Sn,True,,stbl,IS=4.63 3;2B- ?,True,stable,3.3037574035764408,-1.7652991586138285,-6.447525538300589,72,0.4098360655737705
122,51,122Sb,True,,2.7238,B-=97.59 12;B+=2.41 12,False,beta_minus,4.303757403576441,-0.7652991586138285,-5.447525538300589,71,0.4180327868852459
122,52,122Te,True,,stbl,IS=2.55 12,True,stable,5.303757403576441,0.2347008413861715,-4.447525538300589,70,0.4262295081967213
122,53,122I,True,,3.63,B+=100;e+=78 2;EC=22 2,False,beta_plus_ec,6.303757403576441,1.2347008413861715,-3.4475255383005887,69,0.4344262295081967
122,54,122Xe,True,,20.1,EC=100,False,beta_plus_ec,7.303757403576441,2.2347008413861715,-2.4475255383005887,68,0.4426229508196721
122,55,122Cs,True,,21.18,B+=100;B+A<2e-7,False,beta_plus_ec,8.30375740357644,3.2347008413861715,-1.4475255383005887,67,0.45081967213114754
122,56,122Ba,True,,1.95,B+=100,False,beta_plus_ec,9.30375740357644,4.234700841386172,-0.4475255383005887,66,0.45901639344262296
122,57,122La,True,,8.6,B+=100;B+p=?,False,beta_plus_ec,10.30375740357644,5.234700841386172,0.5524744616994113,65,0.4672131147540984
122,58,122Ce,True,,2#,B+ ?;B+p ?,False,beta_plus_ec,11.30375740357644,6.234700841386172,1.5524744616994113,64,0.47540983606557374
122,59,122Pr,True,,500#,B+ ?;B+p ?,False,beta_plus_ec,12.30375740357644,7.2347008413861715,2.5524744616994117,63,0.48360655737704916
123,50,123Sn,True,,129.2,B-=100,False,beta_minus,2.9108925676589124,-2.1520677345734214,-6.832103239444507,73,0.4065040650406504
123,51,123Sb,True,,stbl,IS=42.79 5,True,stable,3.910892567658912,-1.1520677345734214,-5.832103239444507,72,0.4146341463414634
123,52,123Te,True,,stbl,IS=0.89 3;EC=100,True,stable,4.910892567658912,-0.1520677345734213,-4.832103239444507,71,0.42276422764227645
123,53,123I,True,,13.2232,B+=100,False,beta_plus_ec,5.910892567658912,0.8479322654265786,-3.832103239444507,70,0.43089430894308944
123,54,123Xe,True,,2.08,B+=100,False,beta_plus_ec,6.910892567658912,1.8479322654265784,-2.832103239444507,69,0.43902439024390244
123,55,123Cs,True,,5.88,B+=100,False,beta_plus_ec,7.910892567658912,2.847932265426578,-1.832103239444507,68,0.44715447154471544
123,56,123Ba,True,,2.7,B+=100,False,beta_plus_ec,8.910892567658912,3.847932265426578,-0.8321032394445069,67,0.45528455284552843
123,57,123La,True,,17,B+=100,False,beta_plus_ec,9.910892567658912,4.847932265426579,0.167896760555493,66,0.4634146341463415
123,58,123Ce,True,,3.8,B+=100;B+p=?,False,beta_plus_ec,10.910892567658912,5.847932265426579,1.167896760555493,65,0.4715447154471545
123,59,123Pr,True,,800#,B+ ?;B+p ?,False,beta_plus_ec,11.910892567658912,6.847932265426579,2.167896760555493,64,0.4796747967479675
124,50,124Sn,True,,stbl,IS=5.79 5;2B- ?,True,stable,2.5179732380736795,-2.5386339573802488,-7.216259886182598,74,0.4032258064516129
124,51,124Sb,True,,60.20,B-=100,False,beta_minus,3.5179732380736795,-1.5386339573802488,-6.216259886182598,73,0.4112903225806452
124,52,124Te,True,,stbl,IS=4.74 14,True,stable,4.51797323807368,-0.5386339573802488,-5.216259886182598,72,0.41935483870967744
124,53,124I,True,,4.1760,B+=100,False,beta_plus_ec,5.51797323807368,0.4613660426197512,-4.216259886182598,71,0.4274193548387097
124,54,124Xe,True,,stbl,IS=0.095 5;2B+ ?,True,stable,6.51797323807368,1.4613660426197512,-3.2162598861825984,70,0.43548387096774194
124,55,124Cs,True,,30.9,B+=100,False,beta_plus_ec,7.517973238073679,2.4613660426197512,-2.2162598861825984,69,0.4435483870967742
124,56,124Ba,True,,11.0,B+=100,False,beta_plus_ec,8.51797323807368,3.4613660426197512,-1.2162598861825984,68,0.45161290322580644
124,57,124La,True,,29.21,B+=100,False,beta_plus_ec,9.51797323807368,4.461366042619751,-0.2162598861825984,67,0.4596774193548387
124,58,124Ce,True,,9.1,B+=100,False,beta_plus_ec,10.51797323807368,5.461366042619751,0.7837401138174016,66,0.46774193548387094
124,59,124Pr,True,,1.2,B+=100;B+p=?,False,beta_plus_ec,11.51797323807368,6.461366042619751,1.7837401138174016,65,0.47580645161290325
124,60,124Nd,True,,500#,B+ ?;B+p ?,False,beta_plus_ec,12.51797323807368,7.461366042619751,2.7837401138174016,64,0.4838709677419355
125,50,125Sn,True,,9.634,B-=100,False,beta_minus,2.125,-2.924999999999997,-7.599999999999994,75,0.4
125,51,125Sb,True,,2.7576,B-=100,False,beta_minus,3.125,-1.9249999999999967,-6.599999999999994,74,0.408
125,52,125Te,True,,stbl,IS=7.07 15,True,stable,4.125,-0.9249999999999972,-5.599999999999994,73,0.416
125,53,125I,True,,59.392,EC=100,False,beta_plus_ec,5.125,0.0750000000000028,-4.599999999999994,72,0.424
125,54,125Xe,True,,16.87,B+=100,False,beta_plus_ec,6.125,1.0750000000000028,-3.5999999999999943,71,0.432
125,55,125Cs,True,,44.35,B+=100,False,beta_plus_ec,7.125,2.075000000000003,-2.5999999999999943,70,0.44
125,56,125Ba,True,,3.3,B+=100,False,beta_plus_ec,8.125,3.075000000000003,-1.5999999999999943,69,0.448
125,57,125La,True,,64.8,B+=100,False,beta_plus_ec,9.125,4.075000000000003,-0.5999999999999943,68,0.456
125,58,125Ce,True,,9.7,B+=100;B+p=?,False,beta_plus_ec,10.125,5.075000000000003,0.4000000000000057,67,0.464
125,59,125Pr,True,,3.3,B+=100;B+p ?,False,beta_plus_ec,11.125,6.075000000000003,1.4000000000000057,66,0.472
125,60,125Nd,True,,650,B+=100;B+p>0,False,beta_plus_ec,12.125,7.075000000000003,2.4000000000000057,65,0.48
126,50,126Sn,True,,230,B-=100,False,beta_minus,1.7319734277080272,-3.311167994889132,-7.983328018090674,76,0.3968253968253968
126,51,126Sb,True,,12.35,B-=100,False,beta_minus,2.731973427708027,-2.311167994889132,-6.983328018090674,75,0.40476190476190477
126,52,126Te,True,,stbl,IS=18.84 25,True,stable,3.731973427708027,-1.3111679948891322,-5.983328018090674,74,0.4126984126984127
126,53,126I,True,,12.93,B+=52.7 5;B-=47.3 5,False,beta_minus,4.731973427708027,-0.3111679948891321,-4.983328018090674,73,0.42063492063492064
126,54,126Xe,True,,stbl,IS=0.089 3;2B+ ?,True,stable,5.731973427708027,0.6888320051108678,-3.983328018090674,72,0.42857142857142855
126,55,126Cs,True,,1.64,B+=100,False,beta_plus_ec,6.731973427708027,1.6888320051108678,-2.983328018090674,71,0.4365079365079365
126,56,126Ba,True,,100,B+=100,False,beta_plus_ec,7.731973427708027,2.688832005110868,-1.983328018090674,70,0.4444444444444444
126,57,126La,True,,54,B+=100,False,beta_plus_ec,8.731973427708027,3.688832005110868,-0.983328018090674,69,0.4523809523809524
126,58,126Ce,True,,51.0,B+=100,False,beta_plus_ec,9.731973427708027,4.688832005110868,0.0166719819093259,68,0.4603174603174603
126,59,126Pr,True,,3.12,B+=100;B+p=?,False,beta_plus_ec,10.731973427708027,5.688832005110868,1.016671981909326,67,0.46825396825396826
126,60,126Nd,True,,1#,B+ ?;B+p ?,False,beta_plus_ec,11.731973427708027,6.688832005110868,2.016671981909326,66,0.47619047619047616
127,50,127Sn,True,,2.10,B-=100,False,beta_minus,1.3388940848469986,-3.697140035065189,-8.36624829558447,77,0.3937007874015748
127,51,127Sb,True,,3.85,B-=100,False,beta_minus,2.3388940848469986,-2.697140035065189,-7.366248295584469,76,0.4015748031496063
127,52,127Te,True,,9.35,B-=100,False,beta_minus,3.3388940848469986,-1.697140035065189,-6.3662482955844695,75,0.4094488188976378
127,53,127I,True,,stbl,IS=100,True,stable,4.338894084846999,-0.6971400350651891,-5.3662482955844695,74,0.41732283464566927
127,54,127Xe,True,,36.342,EC=100,False,beta_plus_ec,5.338894084846999,0.3028599649348109,-4.3662482955844695,73,0.4251968503937008
127,55,127Cs,True,,6.25,B+=100,False,beta_plus_ec,6.338894084846999,1.302859964934811,-3.366248295584469,72,0.4330708661417323
127,56,127Ba,True,,12.7,B+=100,False,beta_plus_ec,7.338894084846999,2.302859964934811,-2.366248295584469,71,0.4409448818897638
127,57,127La,True,,5.1,B+=100,False,beta_plus_ec,8.338894084846999,3.302859964934811,-1.3662482955844697,70,0.44881889763779526
127,58,127Ce,True,,34,B+=100,False,beta_plus_ec,9.338894084847,4.302859964934811,-0.3662482955844695,69,0.4566929133858268
127,59,127Pr,True,,4.2,B+=100,False,beta_plus_ec,10.338894084847,5.302859964934811,0.6337517044155305,68,0.4645669291338583
127,60,127Nd,True,,1.8,B+=100;B+p=?,False,beta_plus_ec,11.338894084847,6.302859964934811,1.6337517044155303,67,0.47244094488188976
128,50,128Sn,True,,59.07,B-=100,False,beta_minus,0.9457625247236834,-4.082918175140591,-8.74876510769829,78,0.390625
128,51,128Sb,True,,9.05,B-=100,False,beta_minus,1.9457625247236836,-3.082918175140591,-7.74876510769829,77,0.3984375
128,52,128Te,True,,2.25,IS=31.74 8;2B-=100,True,stable,2.9457625247236834,-2.082918175140591,-6.74876510769829,76,0.40625
128,53,128I,True,,24.99,B-=93.1 8;B+=6.9 8,False,beta_minus,3.9457625247236834,-1.0829181751405912,-5.74876510769829,75,0.4140625
128,54,128Xe,True,,stbl,IS=1.910 13,True,stable,4.945762524723683,-0.0829181751405911,-4.74876510769829,74,0.421875
128,55,128Cs,True,,3.640,B+=100,False,beta_plus_ec,5.945762524723683,0.9170818248594088,-3.74876510769829,73,0.4296875
128,56,128Ba,True,,2.43,EC=100,False,beta_plus_ec,6.945762524723683,1.9170818248594088,-2.74876510769829,72,0.4375
128,57,128La,True,,5.18,B+=100,False,beta_plus_ec,7.945762524723683,2.917081824859409,-1.74876510769829,71,0.4453125
128,58,128Ce,True,,3.93,B+=100,False,beta_plus_ec,8.945762524723683,3.917081824859409,-0.74876510769829,70,0.453125
128,59,128Pr,True,,2.85,B+=100;B+p=?,False,beta_plus_ec,9.945762524723683,4.917081824859409,0.25123489230171,69,0.4609375
128,60,128Nd,True,,5#,B+ ?,False,beta_plus_ec,10.945762524723683,5.917081824859409,1.25123489230171,68,0.46875
129,50,129Sn,True,,2.23,B-=100,False,beta_minus,0.5525792905713374,-4.468504432321552,-9.13088265181451,79,0.3875968992248062
129,51,129Sb,True,,4.366,B-=100,False,beta_minus,1.5525792905713374,-3.468504432321552,-8.13088265181451,78,0.3953488372093023
129,52,129Te,True,,69.6,B-=100,False,beta_minus,2.5525792905713374,-2.468504432321552,-7.13088265181451,77,0.40310077519379844
129,53,129I,True,,16.14,B-=100,False,beta_minus,3.5525792905713374,-1.468504432321552,-6.13088265181451,76,0.4108527131782946
129,54,129Xe,True,,stbl,IS=26.401 138,True,stable,4.552579290571337,-0.4685044323215521,-5.13088265181451,75,0.4186046511627907
129,55,129Cs,True,,32.06,B+=100,False,beta_plus_ec,5.552579290571337,0.5314955676784479,-4.13088265181451,74,0.4263565891472868
129,56,129Ba,True,,2.23,B+=100,False,beta_plus_ec,6.552579290571337,1.531495567678448,-3.1308826518145096,73,0.43410852713178294
129,57,129La,True,,11.6,B+=100,False,beta_plus_ec,7.552579290571337,2.531495567678448,-2.1308826518145096,72,0.4418604651162791
129,58,129Ce,True,,3.5,B+=100,False,beta_plus_ec,8.552579290571337,3.531495567678448,-1.1308826518145096,71,0.4496124031007752
129,59,129Pr,True,,30,B+=100,False,beta_plus_ec,9.552579290571336,4.531495567678448,-0.1308826518145096,70,0.4573643410852713
129,60,129Nd,True,,6.8,B+=100;B+p=?,False,beta_plus_ec,10.552579290571336,5.531495567678448,0.8691173481854904,69,0.46511627906976744
130,50,130Sn,True,,3.72,B-=100,False,beta_minus,0.1593449158097115,-4.853900787373405,-9.51260504948972,80,0.38461538461538464
130,51,130Sb,True,,39.5,B-=100,False,beta_minus,1.1593449158097116,-3.853900787373405,-8.512605049489721,79,0.3923076923076923
130,52,130Te,True,,791,IS=34.08 62;2B-=100,True,stable,2.159344915809712,-2.853900787373405,-7.512605049489721,78,0.4
130,53,130I,True,,12.36,B-=100,False,beta_minus,3.159344915809712,-1.853900787373405,-6.512605049489721,77,0.4076923076923077
130,54,130Xe,True,,stbl,IS=4.071 22,True,stable,4.159344915809712,-0.853900787373405,-5.512605049489721,76,0.4153846153846154
130,55,130Cs,True,,29.21,B+=98.4;B-=1.6,False,beta_minus,5.159344915809712,0.1460992126265949,-4.512605049489721,75,0.4230769230769231
130,56,130Ba,True,,stbl,IS=0.11 1;2B+ ?,True,stable,6.159344915809712,1.146099212626595,-3.5126050494897214,74,0.4307692307692308
130,57,130La,True,,8.7,B+=100,False,beta_plus_ec,7.159344915809712,2.146099212626595,-2.5126050494897214,73,0.43846153846153846
130,58,130Ce,True,,22.9,B+=100,False,beta_plus_ec,8.159344915809712,3.146099212626595,-1.5126050494897214,72,0.4461538461538462
130,59,130Pr,True,,40.0,B+=100,False,beta_plus_ec,9.159344915809712,4.146099212626595,-0.5126050494897214,71,0.45384615384615384
130,60,130Nd,True,,21,B+=100,False,beta_plus_ec,10.159344915809712,5.146099212626595,0.4873949505102786,70,0.46153846153846156
131,50,131Sn,True,,56.0,B-=100,False,beta_minus,-0.2339400757036358,-5.239109185553801,-9.893936348396522,81,0.3816793893129771
131,51,131Sb,True,,23.03,B-=100,False,beta_minus,0.7660599242963642,-4.239109185553801,-8.893936348396522,80,0.3893129770992366
131,52,131Te,True,,25.0,B-=100,False,beta_minus,1.7660599242963642,-3.239109185553801,-7.893936348396522,79,0.3969465648854962
131,53,131I,True,,8.0249,B-=100,False,beta_minus,2.766059924296364,-2.239109185553801,-6.893936348396522,78,0.40458015267175573
131,54,131Xe,True,,stbl,IS=21.232 51,True,stable,3.766059924296364,-1.2391091855538008,-5.893936348396522,77,0.4122137404580153
131,55,131Cs,True,,9.689,EC=100,False,beta_plus_ec,4.766059924296364,-0.2391091855538007,-4.893936348396522,76,0.4198473282442748
131,56,131Ba,True,,11.52,B+=100,False,beta_plus_ec,5.766059924296364,0.7608908144461992,-3.8939363483965215,75,0.42748091603053434
131,57,131La,True,,59,B+=100,False,beta_plus_ec,6.766059924296364,1.7608908144461992,-2.8939363483965224,74,0.4351145038167939
131,58,131Ce,True,,10.3,B+=100,False,beta_plus_ec,7.766059924296364,2.760890814446199,-1.8939363483965224,73,0.44274809160305345
131,59,131Pr,True,,1.50,B+=100,False,beta_plus_ec,8.766059924296364,3.760890814446199,-0.8939363483965224,72,0.45038167938931295
131,60,131Nd,True,,25.4,B+=100;B+p=?,False,beta_plus_ec,9.766059924296364,4.760890814446199,0.1060636516034776,71,0.4580152671755725
132,50,132Sn,True,,39.7,B-=100,False,beta_minus,-0.6272751694303835,-5.624131537515169,-10.274880524201222,82,0.3787878787878788
132,51,132Sb,True,,2.79,B-=100,False,beta_minus,0.3727248305696164,-4.624131537515169,-9.274880524201222,81,0.38636363636363635
132,52,132Te,True,,3.204,B-=100,False,beta_minus,1.3727248305696165,-3.6241315375151686,-8.274880524201222,80,0.3939393939393939
132,53,132I,True,,2.295,B-=100,False,beta_minus,2.3727248305696165,-2.6241315375151686,-7.274880524201222,79,0.4015151515151515
132,54,132Xe,True,,stbl,IS=26.909 55,True,stable,3.3727248305696165,-1.6241315375151686,-6.274880524201222,78,0.4090909090909091
132,55,132Cs,True,,6.480,B+=98.13 9;B-=1.87 9,False,beta_minus,4.3727248305696165,-0.6241315375151686,-5.274880524201222,77,0.4166666666666667
132,56,132Ba,True,,stbl,IS=0.10 1;2B+ ?,True,stable,5.3727248305696165,0.3758684624848314,-4.274880524201222,76,0.42424242424242425
132,57,132La,True,,4.59,B+=100,False,beta_plus_ec,6.3727248305696165,1.3758684624848314,-3.2748805242012224,75,0.4318181818181818
132,58,132Ce,True,,3.51,B+=100,False,beta_plus_ec,7.372724830569616,2.3758684624848314,-2.2748805242012224,74,0.4393939393939394
132,59,132Pr,True,,1.49,B+=100,False,beta_plus_ec,8.372724830569616,3.3758684624848314,-1.2748805242012224,73,0.44696969696969696
132,60,132Nd,True,,1.56,B+=100,False,beta_plus_ec,9.372724830569616,4.375868462484831,-0.2748805242012224,72,0.45454545454545453
133,50,133Sn,True,,1.37,B-=100;B-n=0.0294 24,False,beta_minus,-1.0206598599163073,-6.008969720177426,-10.655441482379956,83,0.37593984962406013
133,51,133Sb,True,,2.34,B-=100,False,beta_minus,-0.0206598599163072,-5.008969720177426,-9.655441482379956,82,0.38345864661654133
133,52,133Te,True,,12.5,B-=100,False,beta_minus,0.9793401400836927,-4.008969720177426,-8.655441482379956,81,0.39097744360902253
133,53,133I,True,,20.83,B-=100,False,beta_minus,1.9793401400836927,-3.0089697201774257,-7.655441482379956,80,0.39849624060150374
133,54,133Xe,True,,5.2474,B-=100,False,beta_minus,2.9793401400836927,-2.0089697201774257,-6.655441482379956,79,0.40601503759398494
133,55,133Cs,True,,stbl,IS=100,True,stable,3.9793401400836927,-1.0089697201774257,-5.655441482379956,78,0.41353383458646614
133,56,133Ba,True,,10.5379,EC=100,False,beta_plus_ec,4.979340140083693,-0.0089697201774257,-4.655441482379956,77,0.42105263157894735
133,57,133La,True,,3.912,B+=100,False,beta_plus_ec,5.979340140083693,0.9910302798225744,-3.655441482379956,76,0.42857142857142855
133,58,133Ce,True,,97,B+=100,False,beta_plus_ec,6.979340140083693,1.9910302798225743,-2.655441482379956,75,0.43609022556390975
133,59,133Pr,True,,6.5,B+=100,False,beta_plus_ec,7.979340140083693,2.9910302798225743,-1.655441482379956,74,0.44360902255639095
133,60,133Nd,True,,70,B+=100,False,beta_plus_ec,8.979340140083693,3.9910302798225743,-0.6554414823799561,73,0.45112781954887216
134,50,134Sn,True,,0.93,B-=100;B-n=17 13,False,beta_minus,-1.4140936505639772,-6.393625577572429,-11.035623059975665,84,0.373134328358209
134,51,134Sb,True,,674,B-=100;B-n ?,False,beta_minus,-0.4140936505639772,-5.393625577572429,-10.035623059975665,83,0.3805970149253731
134,52,134Te,True,,41.8,B-=100,False,beta_minus,0.5859063494360228,-4.393625577572429,-9.035623059975665,82,0.3880597014925373
134,53,134I,True,,52.5,B-=100,False,beta_minus,1.5859063494360228,-3.393625577572429,-8.035623059975663,81,0.39552238805970147
134,54,134Xe,True,,stbl,IS=10.436 35;2B- ?,True,stable,2.585906349436023,-2.393625577572429,-7.035623059975663,80,0.40298507462686567
134,55,134Cs,True,,2.0650,B-=100;EC=0.00030 12,False,beta_minus,3.585906349436023,-1.393625577572429,-6.035623059975663,79,0.41044776119402987
134,56,134Ba,True,,stbl,IS=2.42 15,True,stable,4.585906349436023,-0.3936255775724291,-5.035623059975663,78,0.417910447761194
134,57,134La,True,,6.45,B+=100,False,beta_plus_ec,5.585906349436023,0.6063744224275709,-4.035623059975663,77,0.4253731343283582
134,58,134Ce,True,,3.16,EC=100,False,beta_plus_ec,6.585906349436023,1.606374422427571,-3.035623059975663,76,0.43283582089552236
134,59,134Pr,True,,17,B+=100,False,beta_plus_ec,7.585906349436023,2.606374422427571,-2.035623059975663,75,0.44029850746268656
134,60,134Nd,True,,8.5,B+=100,False,beta_plus_ec,8.585906349436023,3.606374422427571,-1.0356230599756628,74,0.44776119402985076
135,50,135Sn,True,,515,B-=100;B-n=21 3;B-2n ?,False,beta_minus,-1.8075760534126248,-6.778100921661093,-11.4154290272984,85,0.37037037037037035
135,51,135Sb,True,,1.668,B-=100;B-n=19.1 5,False,beta_minus,-0.8075760534126246,-5.778100921661093,-10.4154290272984,84,0.37777777777777777
135,52,135Te,True,,19.0,B-=100,False,beta_minus,0.1924239465873753,-4.778100921661093,-9.4154290272984,83,0.3851851851851852
135,53,135I,True,,6.58,B-=100,False,beta_minus,1.1924239465873754,-3.778100921661093,-8.415429027298401,82,0.3925925925925926
135,54,135Xe,True,,9.14,B-=100,False,beta_minus,2.1924239465873754,-2.778100921661093,-7.415429027298401,81,0.4
135,55,135Cs,True,,1.33,B-=100,False,beta_minus,3.1924239465873754,-1.7781009216610926,-6.415429027298401,80,0.4074074074074074
135,56,135Ba,True,,stbl,IS=6.59 10,True,stable,4.192423946587375,-0.7781009216610926,-5.415429027298401,79,0.4148148148148148
135,57,135La,True,,18.91,B+=100,False,beta_plus_ec,5.192423946587375,0.2218990783389074,-4.415429027298401,78,0.4222222222222222
135,58,135Ce,True,,17.7,B+=100,False,beta_plus_ec,6.192423946587375,1.2218990783389074,-3.4154290272984014,77,0.42962962962962964
135,59,135Pr,True,,24,B+=100,False,beta_plus_ec,7.192423946587375,2.2218990783389074,-2.4154290272984014,76,0.43703703703703706
135,60,135Nd,True,,12.4,B+=100,False,beta_plus_ec,8.192423946587375,3.2218990783389074,-1.4154290272984014,75,0.4444444444444444
136,50,136Sn,True,,355,B-=100;B-n=28 3;B-2n ?,False,beta_minus,-2.201106588925235,-7.162397533124299,-11.794863089571024,86,0.36764705882352944
136,51,136Sb,True,,923,B-=100;B-n=24.7 5;B-2n=0.14 3,False,beta_minus,-1.201106588925235,-6.162397533124299,-10.794863089571024,85,0.375
136,52,136Te,True,,17.63,B-=100;B-n=1.37 4,False,beta_minus,-0.201106588925235,-5.162397533124299,-9.794863089571024,84,0.38235294117647056
136,53,136I,True,,83.4,B-=100,False,beta_minus,0.798893411074765,-4.162397533124299,-8.794863089571024,83,0.3897058823529412
136,54,136Xe,True,,2.18,IS=8.857 72;2B-=100,True,stable,1.798893411074765,-3.162397533124299,-7.794863089571024,82,0.39705882352941174
136,55,136Cs,True,,13.01,B-=100,False,beta_minus,2.798893411074765,-2.162397533124299,-6.794863089571024,81,0.40441176470588236
136,56,136Ba,True,,stbl,IS=7.85 24,True,stable,3.798893411074765,-1.1623975331242988,-5.794863089571024,80,0.4117647058823529
136,57,136La,True,,9.87,B+=100,False,beta_plus_ec,4.798893411074765,-0.1623975331242988,-4.794863089571024,79,0.41911764705882354
136,58,136Ce,True,,stbl,IS=0.186 2;2B+ ?,True,stable,5.798893411074765,0.8376024668757012,-3.794863089571024,78,0.4264705882352941
136,59,136Pr,True,,13.1,B+=100,False,beta_plus_ec,6.798893411074765,1.8376024668757007,-2.794863089571024,77,0.4338235294117647
136,60,136Nd,True,,50.65,B+=100,False,beta_plus_ec,7.798893411074765,2.837602466875701,-1.7948630895710238,76,0.4411764705882353
137,50,137Sn,True,,249,B-=100;B-n=48 6;B-2n ?,False,beta_minus,-2.594684785782228,-7.5465171621286515,-12.173928888522632,87,0.36496350364963503
137,51,137Sb,True,,497,B-=100;B-n=49 6;B-2n ?,False,beta_minus,-1.5946847857822275,-6.546517162128652,-11.173928888522632,86,0.3722627737226277
137,52,137Te,True,,2.49,B-=100;B-n=2.94 14,False,beta_minus,-0.5946847857822277,-5.546517162128652,-10.173928888522632,85,0.3795620437956204
137,53,137I,True,,24.13,B-=100;B-n=7.51 11,False,beta_minus,0.4053152142177723,-4.546517162128652,-9.173928888522632,84,0.38686131386861317
137,54,137Xe,True,,3.818,B-=100,False,beta_minus,1.4053152142177725,-3.5465171621286515,-8.173928888522632,83,0.39416058394160586
137,55,137Cs,True,,30.04,B-=100,False,beta_minus,2.4053152142177723,-2.5465171621286515,-7.173928888522632,82,0.40145985401459855
137,56,137Ba,True,,stbl,IS=11.23 23,True,stable,3.4053152142177723,-1.5465171621286515,-6.173928888522632,81,0.40875912408759124
137,57,137La,True,,60,EC=100,False,beta_plus_ec,4.405315214217772,-0.5465171621286515,-5.173928888522632,80,0.41605839416058393
137,58,137Ce,True,,9.0,B+=100,False,beta_plus_ec,5.405315214217772,0.4534828378713484,-4.173928888522632,79,0.4233576642335766
137,59,137Pr,True,,1.28,B+=100,False,beta_plus_ec,6.405315214217772,1.4534828378713485,-3.173928888522632,78,0.4306569343065693
137,60,137Nd,True,,38.5,B+=100,False,beta_plus_ec,7.405315214217772,2.4534828378713485,-2.173928888522632,77,0.43795620437956206
138,50,138Sn,True,,148,B-=100;B-n=36 12;B-2n ?,False,beta_minus,-2.98831018068185,-7.930461529068047,-12.552630003931547,88,0.36231884057971014
138,51,138Sb,True,,333,B-=100;B-n=72 8;B-2n ?,False,beta_minus,-1.9883101806818504,-6.930461529068047,-11.552630003931547,87,0.3695652173913043
138,52,138Te,True,,1.46,B-=100;B-n=4.80 23,False,beta_minus,-0.9883101806818502,-5.930461529068047,-10.552630003931547,86,0.37681159420289856
138,53,138I,True,,6.26,B-=100;B-n=5.33 11,False,beta_minus,0.0116898193181498,-4.930461529068047,-9.552630003931547,85,0.38405797101449274
138,54,138Xe,True,,14.14,B-=100,False,beta_minus,1.0116898193181498,-3.930461529068048,-8.552630003931547,84,0.391304347826087
138,55,138Cs,True,,33.5,B-=100,False,beta_minus,2.01168981931815,-2.930461529068048,-7.552630003931547,83,0.39855072463768115
138,56,138Ba,True,,stbl,IS=71.70 29,True,stable,3.01168981931815,-1.9304615290680476,-6.552630003931547,82,0.4057971014492754
138,57,138La,True,,103,IS=0.08881 71;B+=65.5 4;B-=34.5 4,True,stable,4.01168981931815,-0.9304615290680474,-5.552630003931547,81,0.41304347826086957
138,58,138Ce,True,,stbl,IS=0.251 2;2B+ ?,True,stable,5.01168981931815,0.0695384709319526,-4.552630003931547,80,0.42028985507246375
138,59,138Pr,True,,1.45,B+=100,False,beta_plus_ec,6.01168981931815,1.0695384709319526,-3.5526300039315477,79,0.427536231884058
138,60,138Nd,True,,5.04,B+=100,False,beta_plus_ec,7.01168981931815,2.0695384709319526,-2.5526300039315477,78,0.43478260869565216
139,50,139Sn,True,,120,B-=100;B-n ?;B-2n ?,False,beta_minus,-3.381982318146676,-8.314232325281992,-12.93096995511997,89,0.3597122302158273
139,51,139Sb,True,,182,B-=100;B-n=90 10;B-2n ?,False,beta_minus,-2.381982318146676,-7.314232325281992,-11.93096995511997,88,0.3669064748201439
139,52,139Te,True,,724,B-=100;B-n ?,False,beta_minus,-1.381982318146676,-6.314232325281992,-10.93096995511997,87,0.37410071942446044
139,53,139I,True,,2.280,B-=100;B-n=9.74 24,False,beta_minus,-0.3819823181466759,-5.314232325281992,-9.93096995511997,86,0.381294964028777
139,54,139Xe,True,,39.68,B-=100,False,beta_minus,0.6180176818533241,-4.314232325281992,-8.93096995511997,85,0.38848920863309355
139,55,139Cs,True,,9.27,B-=100,False,beta_minus,1.618017681853324,-3.314232325281992,-7.93096995511997,84,0.39568345323741005
139,56,139Ba,True,,82.93,B-=100,False,beta_minus,2.618017681853324,-2.314232325281992,-6.93096995511997,83,0.4028776978417266
139,57,139La,True,,stbl,IS=99.91119 71,True,stable,3.618017681853324,-1.314232325281992,-5.93096995511997,82,0.41007194244604317
139,58,139Ce,True,,137.642,EC=100,False,beta_plus_ec,4.618017681853324,-0.3142323252819921,-4.93096995511997,81,0.4172661870503597
139,59,139Pr,True,,4.41,B+=100,False,beta_plus_ec,5.618017681853324,0.6857676747180079,-3.93096995511997,80,0.4244604316546763
139,60,139Nd,True,,29.7,B+=100,False,beta_plus_ec,6.618017681853324,1.685767674718008,-2.93096995511997,79,0.4316546762589928
140,50,140Sn,True,,50#,B- ?;B-n ?;B-2n ?,False,beta_minus,-3.775700750336227,-8.697831213751485,-13.308952202402097,90,0.35714285714285715
140,51,140Sb,True,,170,B-=100;B-n=23 4;B-2n=7.6 25,False,beta_minus,-2.7757007503362274,-7.697831213751485,-12.308952202402097,89,0.36428571428571427
140,52,140Te,True,,351,B-=100;B-n=?,False,beta_minus,-1.7757007503362274,-6.697831213751485,-11.308952202402097,88,0.37142857142857144
140,53,140I,True,,588,B-=100;B-n=7.60 28;B-2n ?,False,beta_minus,-0.7757007503362274,-5.697831213751485,-10.308952202402097,87,0.37857142857142856
140,54,140Xe,True,,13.60,B-=100,False,beta_minus,0.2242992496637725,-4.697831213751485,-9.308952202402097,86,0.38571428571428573
140,55,140Cs,True,,63.7,B-=100,False,beta_minus,1.2242992496637726,-3.697831213751485,-8.308952202402097,85,0.39285714285714285
140,56,140Ba,True,,12.7534,B-=100,False,beta_minus,2.224299249663773,-2.697831213751485,-7.308952202402096,84,0.4
140,57,140La,True,,40.289,B-=100,False,beta_minus,3.224299249663773,-1.6978312137514848,-6.3089522024020965,83,0.40714285714285714
140,58,140Ce,True,,stbl,IS=88.449 51,True,stable,4.224299249663773,-0.6978312137514848,-5.3089522024020965,82,0.4142857142857143
140,59,140Pr,True,,3.39,B+=100;e+=48.7 22;EC=51.3 22,False,beta_plus_ec,5.224299249663773,0.3021687862485152,-4.3089522024020965,81,0.42142857142857143
140,60,140Nd,True,,3.37,EC=100,False,beta_plus_ec,6.224299249663773,1.3021687862485152,-3.3089522024020965,80,0.42857142857142855
141,51,141Sb,True,,103,B-=100;B-n ?;B-2n ?,False,beta_minus,-3.1694650368653043,-8.0812598297735,-12.686580148487424,90,0.3617021276595745
141,52,141Te,True,,193,B-=100;B-n ?;B-2n ?,False,beta_minus,-2.1694650368653043,-7.081259829773501,-11.686580148487424,89,0.36879432624113473
141,53,141I,True,,420,B-=100;B-n=21.2 30,False,beta_minus,-1.1694650368653043,-6.081259829773501,-10.686580148487424,88,0.375886524822695
141,54,141Xe,True,,1.73,B-=100;B-n=0.044 5,False,beta_minus,-0.1694650368653043,-5.081259829773501,-9.686580148487424,87,0.3829787234042553
141,55,141Cs,True,,24.84,B-=100;B-n=0.0342 14,False,beta_minus,0.8305349631346957,-4.081259829773501,-8.686580148487423,86,0.3900709219858156
141,56,141Ba,True,,18.27,B-=100,False,beta_minus,1.830534963134696,-3.0812598297735008,-7.6865801484874225,85,0.3971631205673759
141,57,141La,True,,3.92,B-=100,False,beta_minus,2.830534963134696,-2.0812598297735008,-6.686580148487423,84,0.40425531914893614
141,58,141Ce,True,,32.505,B-=100,False,beta_minus,3.830534963134696,-1.0812598297735008,-5.686580148487423,83,0.41134751773049644
141,59,141Pr,True,,stbl,IS=100,True,stable,4.830534963134696,-0.0812598297735007,-4.686580148487423,82,0.41843971631205673
141,60,141Nd,True,,2.49,B+=100;EC=97.28 16;e+=2.72 16,False,beta_plus_ec,5.830534963134696,0.9187401702264992,-3.686580148487423,81,0.425531914893617
142,51,142Sb,True,,80,B-=100;B-n ?;B-2n ?,False,beta_minus,-3.5632747446279964,-8.46451978161469,-13.063857139840977,91,0.3591549295774648
142,52,142Te,True,,147,B-=100;B-n ?;B-2n ?,False,beta_minus,-2.5632747446279964,-7.46451978161469,-12.063857139840977,90,0.36619718309859156
142,53,142I,True,,235,B-=100;B-n ?;B-2n ?,False,beta_minus,-1.5632747446279964,-6.46451978161469,-11.063857139840977,89,0.3732394366197183
142,54,142Xe,True,,1.23,B-=100;B-n=0.37 3,False,beta_minus,-0.5632747446279964,-5.46451978161469,-10.063857139840977,88,0.38028169014084506
142,55,142Cs,True,,1.687,B-=100;B-n=0.089 3,False,beta_minus,0.4367252553720036,-4.46451978161469,-9.063857139840977,87,0.3873239436619718
142,56,142Ba,True,,10.6,B-=100,False,beta_minus,1.4367252553720036,-3.4645197816146904,-8.063857139840977,86,0.39436619718309857
142,57,142La,True,,91.1,B-=100,False,beta_minus,2.436725255372004,-2.4645197816146904,-7.063857139840977,85,0.4014084507042254
142,58,142Ce,True,,stbl,IS=11.114 51;A ?;2B- ?,True,stable,3.436725255372004,-1.4645197816146904,-6.063857139840977,84,0.4084507042253521
142,59,142Pr,True,,19.12,B-~100;EC=0.0164 8,False,beta_minus,4.436725255372004,-0.4645197816146904,-5.063857139840977,83,0.4154929577464789
142,60,142Nd,True,,stbl,IS=27.153 40,True,stable,5.436725255372004,0.5354802183853096,-4.063857139840977,82,0.4225352112676056
143,52,143Te,True,,120,B-=100;B-n ?;B-2n ?,False,beta_minus,-2.95712944762699,-7.847612651145113,-12.44078646800213,91,0.36363636363636365
143,53,143I,True,,182,B-=100;B-n ?;B-2n ?,False,beta_minus,-1.9571294476269896,-6.847612651145113,-11.44078646800213,90,0.3706293706293706
143,54,143Xe,True,,511,B-=100;B-n=1.00 15,False,beta_minus,-0.9571294476269898,-5.847612651145113,-10.44078646800213,89,0.3776223776223776
143,55,143Cs,True,,1.802,B-=100;B-n=1.62 6,False,beta_minus,0.0428705523730101,-4.847612651145113,-9.44078646800213,88,0.38461538461538464
143,56,143Ba,True,,14.5,B-=100,False,beta_minus,1.0428705523730102,-3.8476126511451127,-8.44078646800213,87,0.3916083916083916
143,57,143La,True,,14.2,B-=100,False,beta_minus,2.04287055237301,-2.8476126511451127,-7.44078646800213,86,0.3986013986013986
143,58,143Ce,True,,33.039,B-=100,False,beta_minus,3.04287055237301,-1.8476126511451127,-6.4407864680021305,85,0.40559440559440557
143,59,143Pr,True,,13.57,B-=100,False,beta_minus,4.04287055237301,-0.8476126511451127,-5.4407864680021305,84,0.4125874125874126
143,60,143Nd,True,,stbl,IS=12.173 26,True,stable,5.04287055237301,0.1523873488548872,-4.4407864680021305,83,0.4195804195804196
144,52,144Te,True,,93,B-=100;B-n ?;B-2n ?,False,beta_minus,-3.3510287268080035,-8.23053999445294,-12.81737137086347,92,0.3611111111111111
144,53,144I,True,,94,B-=100;B-n ?;B-2n ?,False,beta_minus,-2.3510287268080035,-7.23053999445294,-11.81737137086347,91,0.3680555555555556
144,54,144Xe,True,,388,B-=100;B-n=3.0 3,False,beta_minus,-1.3510287268080037,-6.23053999445294,-10.81737137086347,90,0.375
144,55,144Cs,True,,994,B-=100;B-n=2.98 6,False,beta_minus,-0.3510287268080034,-5.23053999445294,-9.81737137086347,89,0.3819444444444444
144,56,144Ba,True,,11.73,B-=100,False,beta_minus,0.6489712731919965,-4.23053999445294,-8.81737137086347,88,0.3888888888888889
144,57,144La,True,,44.0,B-=100,False,beta_minus,1.6489712731919963,-3.23053999445294,-7.817371370863469,87,0.3958333333333333
144,58,144Ce,True,,284.886,B-=100,False,beta_minus,2.6489712731919965,-2.23053999445294,-6.817371370863469,86,0.4027777777777778
144,59,144Pr,True,,17.28,B-=100,False,beta_minus,3.648971273191997,-1.2305399944529398,-5.817371370863469,85,0.4097222222222222
144,60,144Nd,True,,2.29,IS=23.798 19;A=100,True,stable,4.6489712731919965,-0.2305399944529398,-4.817371370863469,84,0.4166666666666667
145,52,145Te,True,,75#,B- ?;B-n ?;B-2n ?,False,beta_minus,-3.7449721698993272,-8.613303342440503,-13.1936150339112,93,0.3586206896551724
145,53,145I,True,,89.7,B-=100;B-n ?;B-2n ?,False,beta_minus,-2.7449721698993272,-7.613303342440503,-12.1936150339112,92,0.36551724137931035
145,54,145Xe,True,,188,B-=100;B-n=5.0 6;B-2n ?,False,beta_minus,-1.7449721698993272,-6.613303342440503,-11.1936150339112,91,0.3724137931034483
145,55,145Cs,True,,582,B-=100;B-n=12.8 3,False,beta_minus,-0.7449721698993272,-5.613303342440503,-10.1936150339112,90,0.3793103448275862
145,56,145Ba,True,,4.31,B-=100,False,beta_minus,0.2550278301006727,-4.613303342440503,-9.1936150339112,89,0.38620689655172413
145,57,145La,True,,24.8,B-=100,False,beta_minus,1.2550278301006728,-3.613303342440503,-8.1936150339112,88,0.3931034482758621
145,58,145Ce,True,,3.01,B-=100,False,beta_minus,2.2550278301006728,-2.6133033424405028,-7.1936150339112,87,0.4
145,59,145Pr,True,,5.984,B-=100,False,beta_minus,3.2550278301006728,-1.6133033424405028,-6.1936150339112,86,0.4068965517241379
145,60,145Nd,True,,stbl,IS=8.293 12;A ?,True,stable,4.255027830100673,-0.6133033424405028,-5.1936150339112,85,0.41379310344827586
146,53,146I,True,,94,B-=100;B-n ?;B-2n ?,False,beta_minus,-3.138959371256007,-7.995904201402666,-12.569520591428528,93,0.363013698630137
146,54,146Xe,True,,146,B-=100;B-n=6.9 15,False,beta_minus,-2.138959371256007,-6.995904201402666,-11.569520591428528,92,0.3698630136986301
146,55,146Cs,True,,321.6,B-=100;B-n=14.2 4;B-2n ?,False,beta_minus,-1.138959371256007,-5.995904201402666,-10.569520591428528,91,0.3767123287671233
146,56,146Ba,True,,2.15,B-=100,False,beta_minus,-0.1389593712560071,-4.995904201402666,-9.569520591428528,90,0.3835616438356164
146,57,146La,True,,9.9,B-=100,False,beta_minus,0.8610406287439929,-3.9959042014026656,-8.569520591428528,89,0.3904109589041096
146,58,146Ce,True,,13.49,B-=100,False,beta_minus,1.861040628743993,-2.9959042014026664,-7.569520591428528,88,0.3972602739726027
146,59,146Pr,True,,24.09,B-=100,False,beta_minus,2.861040628743993,-1.9959042014026664,-6.569520591428528,87,0.4041095890410959
146,60,146Nd,True,,stbl,IS=17.189 32;2B- ?;A ?,True,stable,3.861040628743993,-0.9959042014026664,-5.569520591428528,86,0.410958904109589
147,53,147I,True,,60#,B- ?;B-n ?;B-2n ?,False,beta_minus,-3.5329899317087907,-8.378344053588023,-12.945091127663432,94,0.36054421768707484
147,54,147Xe,True,,88,B-=100;B-n<8;B-2n ?,False,beta_minus,-2.5329899317087907,-7.378344053588023,-11.945091127663432,93,0.3673469387755102
147,55,147Cs,True,,230.5,B-=100;B-n=28.5 15,False,beta_minus,-1.5329899317087907,-6.378344053588023,-10.945091127663432,92,0.3741496598639456
147,56,147Ba,True,,893,B-=100;B-n=0.07 5,False,beta_minus,-0.5329899317087907,-5.378344053588023,-9.945091127663432,91,0.38095238095238093
147,57,147La,True,,4.026,B-=100;B-n=0.041 3,False,beta_minus,0.4670100682912093,-4.378344053588023,-8.945091127663432,90,0.3877551020408163
147,58,147Ce,True,,56.4,B-=100,False,beta_minus,1.4670100682912093,-3.378344053588023,-7.945091127663431,89,0.3945578231292517
147,59,147Pr,True,,13.39,B-=100,False,beta_minus,2.4670100682912093,-2.378344053588023,-6.945091127663432,88,0.4013605442176871
147,60,147Nd,True,,10.98,B-=100,False,beta_minus,3.4670100682912093,-1.3783440535880231,-5.945091127663432,87,0.40816326530612246
148,54,148Xe,True,,85,B-=100;B-n ?;B-2n ?,False,beta_minus,-2.9270634584173507,-7.760624357743566,-12.320329677961922,94,0.36486486486486486
148,55,148Cs,True,,151.8,B-=100;B-n=28.7 21;B-2n ?,False,beta_minus,-1.9270634584173507,-6.760624357743566,-11.320329677961922,93,0.3716216216216216
148,56,148Ba,True,,620,B-=100;B-n=0.4 3,False,beta_minus,-0.9270634584173508,-5.760624357743566,-10.320329677961922,92,0.3783783783783784
148,57,148La,True,,1.414,B-=100;B-n=0.18 7,False,beta_minus,0.0729365415826492,-4.760624357743566,-9.320329677961922,91,0.38513513513513514
148,58,148Ce,True,,56.8,B-=100,False,beta_minus,1.0729365415826493,-3.7606243577435663,-8.320329677961922,90,0.3918918918918919
148,59,148Pr,True,,2.29,B-=100,False,beta_minus,2.0729365415826493,-2.7606243577435663,-7.320329677961922,89,0.39864864864864863
148,60,148Nd,True,,stbl,IS=5.756 21;2B- ?;A ?,True,stable,3.0729365415826493,-1.7606243577435663,-6.320329677961922,88,0.40540540540540543
149,54,149Xe,True,,50#,B- ?;B-n ?;B-2n ?,False,beta_minus,-3.3211795647279985,-8.142746549643348,-12.695239229868292,95,0.3624161073825503
149,55,149Cs,True,,112.3,B-=100;B-n=25 4;B-2n ?,False,beta_minus,-2.3211795647279985,-7.142746549643348,-11.695239229868292,94,0.3691275167785235
149,56,149Ba,True,,349,B-=100;B-n=3.9 12,False,beta_minus,-1.3211795647279985,-6.142746549643348,-10.695239229868292,93,0.37583892617449666
149,57,149La,True,,1.071,B-=100;B-n=1.43 28,False,beta_minus,-0.3211795647279984,-5.142746549643348,-9.695239229868292,92,0.3825503355704698
149,58,149Ce,True,,4.94,B-=100,False,beta_minus,0.6788204352720015,-4.142746549643348,-8.695239229868292,91,0.38926174496644295
149,59,149Pr,True,,2.26,B-=100,False,beta_minus,1.6788204352720015,-3.1427465496433484,-7.695239229868292,90,0.3959731543624161
149,60,149Nd,True,,1.728,B-=100,False,beta_minus,2.678820435272001,-2.1427465496433484,-6.695239229868292,89,0.40268456375838924
150,54,150Xe,True,,40#,B- ?;B-n ?;B-2n ?,False,beta_minus,-3.71533787003537,-8.524712042601976,-13.069822724193358,96,0.36
150,55,150Cs,True,,81.0,B-=100;B-n~44;B-2n ?,False,beta_minus,-2.71533787003537,-7.524712042601976,-12.069822724193358,95,0.36666666666666664
150,56,150Ba,True,,258,B-=100;B-n=1.0 5,False,beta_minus,-1.71533787003537,-6.524712042601976,-11.069822724193358,94,0.37333333333333335
150,57,150La,True,,504,B-=100;B-n=2.7 3,False,beta_minus,-0.7153378700353699,-5.524712042601976,-10.069822724193358,93,0.38
150,58,150Ce,True,,6.05,B-=100,False,beta_minus,0.2846621299646301,-4.524712042601976,-9.069822724193358,92,0.38666666666666666
150,59,150Pr,True,,6.19,B-=100,False,beta_minus,1.28466212996463,-3.524712042601976,-8.069822724193358,91,0.3933333333333333
150,60,150Nd,True,,9.3,IS=5.638 28;2B-=100,True,stable,2.28466212996463,-2.524712042601976,-7.069822724193358,90,0.4
151,55,151Cs,True,,59,B-=100;B-n ?;B-2n ?,False,beta_minus,-3.1095379996481824,-7.906522227973099,-12.444083056051738,96,0.36423841059602646
151,56,151Ba,True,,167,B-=100;B-n ?,False,beta_minus,-2.1095379996481824,-6.906522227973099,-11.444083056051738,95,0.3708609271523179
151,57,151La,True,,465,B-=100;B-n ?,False,beta_minus,-1.1095379996481824,-5.906522227973099,-10.444083056051738,94,0.37748344370860926
151,58,151Ce,True,,1.76,B-=100,False,beta_minus,-0.1095379996481824,-4.906522227973099,-9.444083056051738,93,0.3841059602649007
151,59,151Pr,True,,18.90,B-=100,False,beta_minus,0.8904620003518176,-3.906522227973099,-8.444083056051738,92,0.39072847682119205
151,60,151Nd,True,,12.44,B-=100,False,beta_minus,1.8904620003518176,-2.906522227973099,-7.444083056051738,91,0.3973509933774834
152,55,152Cs,True,,17#,B- ?;B-n ?,False,beta_minus,-3.503779584658801,-8.288178475633643,-12.818023075869633,97,0.3618421052631579
152,56,152Ba,True,,139,B-=100;B-n ?,False,beta_minus,-2.503779584658801,-7.288178475633643,-11.818023075869633,96,0.3684210526315789
152,57,152La,True,,287,B-=100;B-n ?,False,beta_minus,-1.5037795846588011,-6.288178475633643,-10.818023075869633,95,0.375
152,58,152Ce,True,,1.42,B-=100,False,beta_minus,-0.5037795846588011,-5.288178475633643,-9.818023075869633,94,0.3815789473684211
152,59,152Pr,True,,3.57,B-=100,False,beta_minus,0.4962204153411989,-4.288178475633643,-8.818023075869633,93,0.3881578947368421
152,60,152Nd,True,,11.4,B-=100,False,beta_minus,1.4962204153411989,-3.288178475633643,-7.818023075869632,92,0.39473684210526316
153,56,153Ba,True,,113,B-=100;B-n ?;B-2n ?,False,beta_minus,-2.898062261816598,-7.669682134454369,-12.191645590363764,97,0.3660130718954248
153,57,153La,True,,245,B-=100;B-n ?;B-2n ?,False,beta_minus,-1.898062261816598,-6.669682134454369,-11.191645590363764,96,0.37254901960784315
153,58,153Ce,True,,865,B-=100;B-n ?,False,beta_minus,-0.8980622618165981,-5.669682134454369,-10.191645590363764,95,0.3790849673202614
153,59,153Pr,True,,4.28,B-=100;B-n ?,False,beta_minus,0.1019377381834019,-4.669682134454369,-9.191645590363764,94,0.38562091503267976
153,60,153Nd,True,,31.6,B-=100,False,beta_minus,1.101937738183402,-3.669682134454369,-8.191645590363763,93,0.39215686274509803
154,56,154Ba,True,,53,B-=100,False,beta_minus,-3.292385673404752,-8.051034532757,-12.564953363492576,98,0.36363636363636365
154,57,154La,True,,161,B-=100;B-n ?;B-2n ?,False,beta_minus,-2.292385673404752,-7.051034532757001,-11.564953363492576,97,0.37012987012987014
154,58,154Ce,True,,722,B-=100;B-n ?,False,beta_minus,-1.292385673404752,-6.051034532757001,-10.564953363492576,96,0.37662337662337664
154,59,154Pr,True,,2.30,B-=100;B-n ?,False,beta_minus,-0.2923856734047518,-5.051034532757001,-9.564953363492576,95,0.38311688311688313
154,60,154Nd,True,,25.9,B-=100,False,beta_minus,0.7076143265952481,-4.051034532757001,-8.564953363492577,94,0.38961038961038963
155,57,155La,True,,101,B-=100;B-n ?;B-2n ?,False,beta_minus,-2.686749467120684,-7.432236978758539,-11.937949117380867,98,0.36774193548387096
155,58,155Ce,True,,313,B-=100;B-n ?,False,beta_minus,-1.6867494671206842,-6.432236978758539,-10.937949117380867,97,0.3741935483870968
155,59,155Pr,True,,1.47,B-=100;B-n ?,False,beta_minus,-0.6867494671206842,-5.432236978758539,-9.937949117380867,96,0.38064516129032255
155,60,155Nd,True,,8.9,B-=100,False,beta_minus,0.3132505328793158,-4.432236978758539,-8.937949117380867,95,0.3870967741935484
156,57,156La,True,,84,B-=100;B-n ?,False,beta_minus,-3.081153295959659,-7.813290761003117,-12.31063553321836,99,0.36538461538461536
156,58,156Ce,True,,233,B-=100;B-n ?,False,beta_minus,-2.081153295959659,-6.813290761003117,-11.31063553321836,98,0.3717948717948718
156,59,156Pr,True,,444,B-=100;B-n ?,False,beta_minus,-1.081153295959659,-5.813290761003117,-10.31063553321836,97,0.3782051282051282
156,60,156Nd,True,,5.06,B-=100,False,beta_minus,-0.081153295959659,-4.813290761003117,-9.31063553321836,96,0.38461538461538464
157,57,157La,True,,30#,B- ?;B-n ?,False,beta_minus,-3.4755968181017707,-8.194197148782067,-12.6830152521336,100,0.3630573248407643
157,58,157Ce,True,,175,B-=100;B-n ?,False,beta_minus,-2.4755968181017707,-7.194197148782067,-11.6830152521336,99,0.36942675159235666
157,59,157Pr,True,,307,B-=100;B-n ?,False,beta_minus,-1.475596818101771,-6.194197148782067,-10.6830152521336,98,0.37579617834394907
157,60,157Nd,True,,1.15,B-=100,False,beta_minus,-0.4755968181017707,-5.194197148782067,-9.6830152521336,97,0.3821656050955414
158,58,158Ce,True,,99,B-=100;B-n ?,False,beta_minus,-2.8700796968019446,-7.574957392542075,-12.055090876043565,100,0.3670886075949367
158,59,158Pr,True,,181,B-=100;B-n ?,False,beta_minus,-1.8700796968019449,-6.574957392542075,-11.055090876043565,99,0.37341772151898733
158,60,158Nd,True,,810,B-=100,False,beta_minus,-0.8700796968019446,-5.574957392542075,-10.055090876043565,98,0.379746835443038
159,58,159Ce,True,,,B- ?;B-n ?,False,beta_minus,-3.264601600282994,-7.955572724282476,-12.42686496848006,101,0.36477987421383645
159,59,159Pr,True,,134,B-=100;B-n ?,False,beta_minus,-2.264601600282994,-6.955572724282476,-11.42686496848006,100,0.3710691823899371
159,60,159Nd,True,,500,B-=100;B-n ?,False,beta_minus,-1.2646016002829938,-5.955572724282476,-10.42686496848006,99,0.37735849056603776
160,59,160Pr,True,,170,B-=100;B-n ?,False,beta_minus,-2.6591622016315384,-7.33604435794156,-11.798340055393652,101,0.36875
160,60,160Nd,True,,439,B-=100;B-n ?,False,beta_minus,-1.6591622016315384,-6.33604435794156,-10.798340055393652,100,0.375
161,59,161Pr,True,,90#,B- ?;B-n ?,False,beta_minus,-3.0537611786968317,-7.716373489772408,-12.16951862593578,102,0.36645962732919257
161,60,161Nd,True,,215,B-=100;B-n ?,False,beta_minus,-2.0537611786968317,-6.716373489772408,-11.16951862593578,101,0.37267080745341613
162,60,162Nd,True,,310,B-=100,False,beta_minus,-2.448398213992249,-7.096561298708764,-11.540403133219854,102,0.37037037037037035
163,60,163Nd,True,,80#,B- ?;B-n ?,False,beta_minus,-2.843072994599389,-7.476608946720958,-11.91099599506208,103,0.36809815950920244
