A,Z,N,element,target,sigma
1,0,1,n,0,0.1
1,1,0,H,1,0.1
2,1,1,H,1,0.1
3,1,2,H,1,0.1
3,2,1,He,2,0.1
4,2,2,He,2,0.1
4,1,3,H,1,0.1
4,3,1,Li,3,0.1
5,1,4,H,1,0.1
5,2,3,He,2,0.1
5,3,2,Li,3,0.1
6,3,3,Li,3,0.1
6,2,4,He,2,0.1
6,1,5,H,1,0.1
6,4,2,Be,4,0.1
7,4,3,Be,4,0.1
7,3,4,Li,3,0.1
7,2,5,He,2,0.1
7,5,2,B,5,0.1
8,2,6,He,2,0.1
8,6,2,C,6,0.1
8,4,4,Be,4,0.1
8,3,5,Li,3,0.1
8,5,3,B,5,0.1
9,4,5,Be,4,0.1
9,3,6,Li,3,0.1
9,5,4,B,5,0.1
9,6,3,C,6,0.1
9,2,7,He,2,0.1
10,2,8,He,2,0.1
10,3,7,Li,3,0.1
10,7,3,N,7,0.1
10,6,4,C,6,0.1
10,4,6,Be,4,0.1
10,5,5,B,5,0.1
11,8,3,O,8,0.1
11,7,4,N,7,0.1
11,5,6,B,5,0.1
11,4,7,Be,4,0.1
11,6,5,C,6,0.1
11,3,8,Li,3,0.1
12,8,4,O,8,0.1
12,4,8,Be,4,0.1
12,3,9,Li,3,0.1
12,7,5,N,7,0.1
12,6,6,C,6,0.1
12,5,7,B,5,0.1
13,7,6,N,7,0.1
13,3,10,Li,3,0.1
13,4,9,Be,4,0.1
13,5,8,B,5,0.1
13,8,5,O,8,0.1
13,6,7,C,6,0.1
14,7,7,N,7,0.1
14,5,9,B,5,0.1
14,6,8,C,6,0.1
14,8,6,O,8,0.1
14,9,5,F,9,0.1
14,4,10,Be,4,0.1
15,9,6,F,9,0.1
15,6,9,C,6,0.1
15,7,8,N,7,0.1
15,8,7,O,8,0.1
15,5,10,B,5,0.1
15,10,5,Ne,10,0.1
15,4,11,Be,4,0.1
16,10,6,Ne,10,0.1
16,4,12,Be,4,0.1
16,5,11,B,5,0.1
16,8,8,O,8,0.1
16,9,7,F,9,0.1
16,6,10,C,6,0.1
16,7,9,N,7,0.1
17,6,11,C  2,6,0.1
17,5,12,B,5,0.1
17,11,6,Na,11,0.1
17,9,8,F,9,0.1
17,10,7,Ne,10,0.1
17,7,10,N,7,0.1
17,8,9,O,8,0.1
18,5,13,B,5,0.1
18,7,11,N,7,0.1
18,6,12,C,6,0.1
18,9,9,F,9,0.1
18,10,8,Ne,10,0.1
18,11,7,Na,11,0.1
18,8,10,O,8,0.1
19,5,14,B,5,0.1
19,6,13,C,6,0.1
19,8,11,O,8,0.1
19,7,12,N  p,7,0.1
19,9,10,F,9,0.1
19,12,7,Mg,12,0.1
19,11,8,Na,11,0.1
19,10,9,Ne,10,0.1
20,7,13,N,7,0.1
20,8,12,O,8,0.1
20,6,14,C,6,0.1
20,5,15,B,5,0.1
20,12,8,Mg,12,0.1
20,11,9,Na,11,0.1
20,10,10,Ne,10,0.1
20,9,11,F,9,0.1
21,7,14,N,7,0.1
21,8,13,O,8,0.1
21,9,12,F,9,0.1
21,10,11,Ne,10,0.1
21,11,10,Na,11,0.1
21,12,9,Mg,12,0.1
21,5,16,B,5,0.1
22,6,16,C,6,0.1
22,7,15,N,7,0.1
22,8,14,O,8,0.1
22,9,13,F,9,0.1
22,12,10,Mg,12,0.1
22,10,12,Ne,10,0.1
22,11,11,Na,11,0.1
23,9,14,F,9,0.1
23,13,10,Al,13,0.1
23,12,11,Mg,12,0.1
23,11,12,Na,11,0.1
23,10,13,Ne,10,0.1
23,8,15,O,8,0.1
23,7,16,N,7,0.1
24,10,14,Ne,10,0.1
24,8,16,O,8,0.1
24,14,10,Si,14,0.1
24,11,13,Na,11,0.1
24,12,12,Mg,12,0.1
24,13,11,Al,13,0.1
24,9,15,F,9,0.1
25,12,13,Mg,12,0.1
25,13,12,Al,13,0.1
25,9,16,F,9,0.1
25,14,11,Si,14,0.1
25,8,17,O,8,0.1
25,11,14,Na,11,0.1
25,10,15,Ne,10,0.1
26,14,12,Si,14,0.1
26,13,13,Al,13,0.1
26,11,15,Na,11,0.1
26,10,16,Ne,10,0.1
26,9,17,F,9,0.1
26,12,14,Mg,12,0.1
26,8,18,O,8,0.1
27,13,14,Al,13,0.1
27,14,13,Si,14,0.1
27,10,17,Ne,10,0.1
27,9,18,F,9,0.1
27,11,16,Na,11,0.1
27,12,15,Mg,12,0.1
27,15,12,P,15,0.1
28,14,14,Si,14,0.1
28,15,13,P,15,0.1
28,16,12,S,16,0.1
28,9,19,F,9,0.1
28,10,18,Ne,10,0.1
28,11,17,Na,11,0.1
28,12,16,Mg,12,0.1
28,13,15,Al,13,0.1
29,11,18,Na,11,0.1
29,12,17,Mg,12,0.1
29,13,16,Al,13,0.1
29,14,15,Si,14,0.1
29,10,19,Ne,10,0.1
29,9,20,F,9,0.1
29,15,14,P,15,0.1
29,16,13,S,16,0.1
30,11,19,Na,11,0.1
30,10,20,Ne,10,0.1
30,12,18,Mg,12,0.1
30,13,17,Al,13,0.1
30,16,14,S,16,0.1
30,17,13,Cl,17,0.1
30,14,16,Si,14,0.1
30,15,15,P,15,0.1
31,10,21,Ne,10,0.1
31,11,20,Na,11,0.1
31,12,19,Mg,12,0.1
31,13,18,Al,13,0.1
31,14,17,Si,14,0.1
31,15,16,P,15,0.1
31,16,15,S,16,0.1
31,17,14,Cl,17,0.1
32,11,21,Na,11,0.1
32,12,20,Mg,12,0.1
32,13,19,Al,13,0.1
32,14,18,Si,14,0.1
32,15,17,P,15,0.1
32,16,16,S,16,0.1
32,17,15,Cl,17,0.1
32,18,14,Ar,18,0.1
33,18,15,Ar,18,0.1
33,17,16,Cl,17,0.1
33,16,17,S,16,0.1
33,15,18,P,15,0.1
33,14,19,Si,14,0.1
33,13,20,Al,13,0.1
33,12,21,Mg,12,0.1
33,11,22,Na,11,0.1
34,18,16,Ar,18,0.1
34,17,17,Cl,17,0.1
34,16,18,S,16,0.1
34,15,19,P,15,0.1
34,14,20,Si,14,0.1
34,13,21,Al,13,0.1
34,12,22,Mg,12,0.1
34,11,23,Na,11,0.1
35,12,23,Mg,12,0.1
35,13,22,Al,13,0.1
35,14,21,Si 2,14,0.1
35,15,20,P,15,0.1
35,16,19,S,16,0.1
35,17,18,Cl,17,0.1
35,18,17,Ar,18,0.1
35,19,16,K,19,0.1
36,14,22,Si,14,0.1
36,15,21,P,15,0.1
36,16,20,S,16,0.1
36,17,19,Cl,17,0.1
36,18,18,Ar,18,0.1
36,19,17,K,19,0.1
36,20,16,Ca,20,0.1
36,12,24,Mg,12,0.1
36,13,23,Al,13,0.1
37,12,25,Mg,12,0.1
37,13,24,Al,13,0.1
37,14,23,Si,14,0.1
37,15,22,P  p,15,0.1
37,16,21,S,16,0.1
37,17,20,Cl,17,0.1
37,18,19,Ar,18,0.1
37,19,18,K,19,0.1
37,20,17,Ca,20,0.1
38,14,24,Si,14,0.1
38,15,23,P,15,0.1
38,16,22,S,16,0.1
38,17,21,Cl,17,0.1
38,18,20,Ar,18,0.1
38,19,19,K,19,0.1
38,20,18,Ca,20,0.1
39,14,25,Si,14,0.1
39,15,24,P,15,0.1
39,16,23,S  2,16,0.1
39,17,22,Cl,17,0.1
39,18,21,Ar,18,0.1
39,19,20,K,19,0.1
39,20,19,Ca,20,0.1
39,21,18,Sc 2,21,0.1
40,14,26,Si,14,0.1
40,15,25,P,15,0.1
40,16,24,S,16,0.1
40,17,23,Cl,17,0.1
40,18,22,Ar,18,0.1
40,19,21,K,19,0.1
40,20,20,Ca,20,0.1
40,21,19,Sc,21,0.1
40,22,18,Ti,22,0.1
41,15,26,P,15,0.1
41,16,25,S,16,0.1
41,17,24,Cl,17,0.1
41,18,23,Ar,18,0.1
41,19,22,K,19,0.1
41,20,21,Ca,20,0.1
41,21,20,Sc,21,0.1
41,22,19,Ti,22,0.1
42,22,20,Ti,22,0.1
42,20,22,Ca,20,0.1
42,19,23,K,19,0.1
42,18,24,Ar,18,0.1
42,15,27,P,15,0.1
42,16,26,S,16,0.1
42,17,25,Cl,17,0.1
42,21,21,Sc,21,0.1
43,22,21,Ti,22,0.1
43,20,23,Ca,20,0.1
43,23,20,V,23,0.1
43,21,22,Sc,21,0.1
43,16,27,S,16,0.1
43,17,26,Cl,17,0.1
43,18,25,Ar,18,0.1
43,19,24,K,19,0.1
44,24,20,Cr,24,0.1
44,23,21,V,23,0.1
44,17,27,Cl,17,0.1
44,19,25,K,19,0.1
44,16,28,S,16,0.1
44,22,22,Ti,22,0.1
44,20,24,Ca,20,0.1
44,21,23,Sc,21,0.1
44,18,26,Ar,18,0.1
45,19,26,K,19,0.1
45,23,22,V,23,0.1
45,18,27,Ar,18,0.1
45,21,24,Sc,21,0.1
45,20,25,Ca,20,0.1
45,17,28,Cl,17,0.1
45,24,21,Cr,24,0.1
45,22,23,Ti,22,0.1
46,17,29,Cl,17,0.1
46,23,23,V,23,0.1
46,24,22,Cr,24,0.1
46,21,25,Sc,21,0.1
46,22,24,Ti,22,0.1
46,18,28,Ar,18,0.1
46,20,26,Ca,20,0.1
46,19,27,K,19,0.1
46,25,21,Mn,25,0.1
47,23,24,V,23,0.1
47,24,23,Cr,24,0.1
47,25,22,Mn,25,0.1
47,21,26,Sc,21,0.1
47,18,29,Ar,18,0.1
47,19,28,K,19,0.1
47,20,27,Ca,20,0.1
47,22,25,Ti,22,0.1
48,18,30,Ar,18,0.1
48,22,26,Ti,22,0.1
48,19,29,K,19,0.1
48,21,27,Sc,21,0.1
48,20,28,Ca,20,0.1
48,25,23,Mn,25,0.1
48,24,24,Cr,24,0.1
48,23,25,V,23,0.1
48,26,22,Fe,26,0.1
49,21,28,Sc,21,0.1
49,19,30,K,19,0.1
49,20,29,Ca,20,0.1
49,23,26,V,23,0.1
49,26,23,Fe,26,0.1
49,24,25,Cr,24,0.1
49,25,24,Mn,25,0.1
49,22,27,Ti,22,0.1
50,27,23,Co,27,0.1
50,23,27,V,23,0.1
50,19,31,K,19,0.1
50,22,28,Ti,22,0.1
50,24,26,Cr,24,0.1
50,26,24,Fe,26,0.1
50,25,25,Mn,25,0.1
50,21,29,Sc,21,0.1
50,20,30,Ca,20,0.1
51,27,24,Co,27,0.1
51,24,27,Cr,24,0.1
51,26,25,Fe,26,0.1
51,23,28,V,23,0.1
51,25,26,Mn,25,0.1
51,22,29,Ti,22,0.1
51,21,30,Sc,21,0.1
51,20,31,Ca,20,0.1
51,19,32,K,19,0.1
52,27,25,Co,27,0.1
52,28,24,Ni,28,0.1
52,25,27,Mn,25,0.1
52,21,31,Sc,21,0.1
52,22,30,Ti,22,0.1
52,19,33,K,19,0.1
52,26,26,Fe,26,0.1
52,23,29,V,23,0.1
52,24,28,Cr,24,0.1
52,20,32,Ca,20,0.1
53,21,32,Sc,21,0.1
53,23,30,V,23,0.1
53,22,31,Ti,22,0.1
53,27,26,Co,27,0.1
53,28,25,Ni,28,0.1
53,25,28,Mn,25,0.1
53,24,29,Cr,24,0.1
53,20,33,Ca,20,0.1
53,26,27,Fe,26,0.1
53,19,34,K,19,0.1
54,21,33,Sc,21,0.1
54,22,32,Ti,22,0.1
54,23,31,V,23,0.1
54,24,30,Cr,24,0.1
54,25,29,Mn,25,0.1
54,28,26,Ni,28,0.1
54,27,27,Co,27,0.1
54,26,28,Fe,26,0.1
54,20,34,Ca,20,0.1
55,26,29,Fe,26,0.1
55,25,30,Mn,25,0.1
55,27,28,Co,27,0.1
55,20,35,Ca,20,0.1
55,23,32,V,23,0.1
55,22,33,Ti,22,0.1
55,21,34,Sc,21,0.1
55,29,26,Cu,29,0.1
55,24,31,Cr,24,0.1
55,28,27,Ni,28,0.1
56,22,34,Ti,22,0.1
56,27,29,Co,27,0.1
56,28,28,Ni,28,0.1
56,29,27,Cu,29,0.1
56,20,36,Ca,20,0.1
56,24,32,Cr,24,0.1
56,23,33,V,23,0.1
56,26,30,Fe,26,0.1
56,25,31,Mn,25,0.1
56,21,35,Sc,21,0.1
57,22,35,Ti,22,0.1
57,29,28,Cu,29,0.1
57,21,36,Sc,21,0.1
57,27,30,Co,27,0.1
57,28,29,Ni,28,0.1
57,25,32,Mn,25,0.1
57,26,31,Fe,26,0.1
57,24,33,Cr,24,0.1
57,23,34,V,23,0.1
58,24,34,Cr,24,0.1
58,27,31,Co,27,0.1
58,25,33,Mn,25,0.1
58,26,32,Fe,26,0.1
58,22,36,Ti,22,0.1
58,23,35,V,23,0.1
58,21,37,Sc,21,0.1
58,29,29,Cu,29,0.1
58,30,28,Zn,30,0.1
58,28,30,Ni,28,0.1
59,28,31,Ni,28,0.1
59,26,33,Fe,26,0.1
59,23,36,V,23,0.1
59,21,38,Sc,21,0.1
59,24,35,Cr,24,0.1
59,25,34,Mn,25,0.1
59,30,29,Zn,30,0.1
59,29,30,Cu,29,0.1
59,27,32,Co,27,0.1
60,26,34,Fe,26,0.1
60,23,37,V,23,0.1
60,24,36,Cr,24,0.1
60,25,35,Mn,25,0.1
60,22,38,Ti,22,0.1
60,27,33,Co,27,0.1
60,30,30,Zn,30,0.1
60,29,31,Cu,29,0.1
60,28,32,Ni,28,0.1
61,27,34,Co,27,0.1
61,29,32,Cu,29,0.1
61,25,36,Mn,25,0.1
61,28,33,Ni,28,0.1
61,31,30,Ga,31,0.1
61,30,31,Zn,30,0.1
61,24,37,Cr,24,0.1
61,23,38,V,23,0.1
61,26,35,Fe,26,0.1
62,30,32,Zn,30,0.1
62,29,33,Cu,29,0.1
62,28,34,Ni,28,0.1
62,26,36,Fe,26,0.1
62,24,38,Cr,24,0.1
62,27,35,Co,27,0.1
62,31,31,Ga,31,0.1
62,23,39,V,23,0.1
62,25,37,Mn,25,0.1
63,23,40,V,23,0.1
63,24,39,Cr,24,0.1
63,27,36,Co,27,0.1
63,25,38,Mn,25,0.1
63,26,37,Fe,26,0.1
63,28,35,Ni,28,0.1
63,31,32,Ga,31,0.1
63,30,33,Zn,30,0.1
63,29,34,Cu,29,0.1
63,32,31,Ge,32,0.1
64,24,40,Cr,24,0.1
64,32,32,Ge,32,0.1
64,25,39,Mn,25,0.1
64,30,34,Zn,30,0.1
64,31,33,Ga,31,0.1
64,28,36,Ni,28,0.1
64,29,35,Cu,29,0.1
64,26,38,Fe,26,0.1
64,27,37,Co,27,0.1
65,31,34,Ga,31,0.1
65,32,33,Ge,32,0.1
65,30,35,Zn,30,0.1
65,27,38,Co,27,0.1
65,28,37,Ni,28,0.1
65,26,39,Fe,26,0.1
65,29,36,Cu,29,0.1
65,25,40,Mn,25,0.1
65,33,32,As,33,0.1
66,30,36,Zn,30,0.1
66,32,34,Ge,32,0.1
66,26,40,Fe,26,0.1
66,27,39,Co,27,0.1
66,25,41,Mn,25,0.1
66,28,38,Ni,28,0.1
66,33,33,As,33,0.1
66,29,37,Cu,29,0.1
66,31,35,Ga,31,0.1
67,32,35,Ge,32,0.1
67,27,40,Co,27,0.1
67,34,33,Se,34,0.1
67,33,34,As,33,0.1
67,31,36,Ga,31,0.1
67,28,39,Ni,28,0.1
67,29,38,Cu,29,0.1
67,30,37,Zn,30,0.1
67,26,41,Fe,26,0.1
68,31,37,Ga,31,0.1
68,30,38,Zn,30,0.1
68,29,39,Cu,29,0.1
68,28,40,Ni,28,0.1
68,27,41,Co,27,0.1
68,32,36,Ge,32,0.1
68,34,34,Se,34,0.1
68,33,35,As,33,0.1
69,31,38,Ga,31,0.1
69,29,40,Cu,29,0.1
69,30,39,Zn,30,0.1
69,32,37,Ge,32,0.1
69,34,35,Se,34,0.1
69,33,36,As,33,0.1
69,35,34,Br,35,0.1
69,27,42,Co,27,0.1
69,28,41,Ni,28,0.1
70,32,38,Ge,32,0.1
70,33,37,As,33,0.1
70,34,36,Se,34,0.1
70,35,35,Br,35,0.1
70,27,43,Co,27,0.1
70,28,42,Ni,28,0.1
70,29,41,Cu,29,0.1
70,30,40,Zn,30,0.1
70,31,39,Ga,31,0.1
71,34,37,Se,34,0.1
71,33,38,As,33,0.1
71,32,39,Ge,32,0.1
71,36,35,Kr,36,0.1
71,35,36,Br,35,0.1
71,28,43,Ni,28,0.1
71,29,42,Cu,29,0.1
71,30,41,Zn,30,0.1
71,31,40,Ga,31,0.1
71,27,44,Co,27,0.1
72,29,43,Cu,29,0.1
72,32,40,Ge,32,0.1
72,28,44,Ni,28,0.1
72,30,42,Zn,30,0.1
72,34,38,Se,34,0.1
72,36,36,Kr,36,0.1
72,31,41,Ga,31,0.1
72,33,39,As,33,0.1
72,35,37,Br,35,0.1
73,29,44,Cu,29,0.1
73,30,43,Zn,30,0.1
73,34,39,Se,34,0.1
73,28,45,Ni,28,0.1
73,35,38,Br,35,0.1
73,37,36,Rb,37,0.1
73,33,40,As,33,0.1
73,32,41,Ge,32,0.1
73,31,42,Ga,31,0.1
73,36,37,Kr,36,0.1
74,35,39,Br,35,0.1
74,36,38,Kr,36,0.1
74,29,45,Cu,29,0.1
74,37,37,Rb,37,0.1
74,34,40,Se,34,0.1
74,33,41,As,33,0.1
74,30,44,Zn,30,0.1
74,31,43,Ga,31,0.1
74,32,42,Ge,32,0.1
75,36,39,Kr,36,0.1
75,37,38,Rb,37,0.1
75,34,41,Se,34,0.1
75,38,37,Sr,38,0.1
75,33,42,As,33,0.1
75,31,44,Ga,31,0.1
75,30,45,Zn,30,0.1
75,29,46,Cu,29,0.1
75,32,43,Ge,32,0.1
75,35,40,Br,35,0.1
76,37,39,Rb,37,0.1
76,38,38,Sr,38,0.1
76,34,42,Se,34,0.1
76,31,45,Ga,31,0.1
76,35,41,Br,35,0.1
76,36,40,Kr,36,0.1
76,30,46,Zn,30,0.1
76,29,47,Cu,29,0.1
76,32,44,Ge,32,0.1
76,33,43,As,33,0.1
77,29,48,Cu,29,0.1
77,38,39,Sr,38,0.1
77,31,46,Ga,31,0.1
77,30,47,Zn,30,0.1
77,37,40,Rb,37,0.1
77,36,41,Kr,36,0.1
77,35,42,Br,35,0.1
77,34,43,Se,34,0.1
77,32,45,Ge,32,0.1
77,33,44,As,33,0.1
78,31,47,Ga,31,0.1
78,30,48,Zn,30,0.1
78,29,49,Cu,29,0.1
78,38,40,Sr,38,0.1
78,35,43,Br,35,0.1
78,34,44,Se,34,0.1
78,36,42,Kr,36,0.1
78,37,41,Rb,37,0.1
78,33,45,As,33,0.1
78,32,46,Ge,32,0.1
79,37,42,Rb,37,0.1
79,36,43,Kr,36,0.1
79,39,40,Y,39,0.1
79,38,41,Sr,38,0.1
79,33,46,As,33,0.1
79,32,47,Ge,32,0.1
79,30,49,Zn,30,0.1
79,29,50,Cu,29,0.1
79,34,45,Se,34,0.1
79,31,48,Ga,31,0.1
79,35,44,Br,35,0.1
80,34,46,Se,34,0.1
80,30,50,Zn,30,0.1
80,35,45,Br,35,0.1
80,37,43,Rb,37,0.1
80,31,49,Ga,31,0.1
80,38,42,Sr,38,0.1
80,39,41,Y,39,0.1
80,32,48,Ge,32,0.1
80,36,44,Kr,36,0.1
80,33,47,As,33,0.1
81,35,46,Br,35,0.1
81,37,44,Rb,37,0.1
81,36,45,Kr,36,0.1
81,32,49,Ge,32,0.1
81,33,48,As,33,0.1
81,34,47,Se,34,0.1
81,30,51,Zn,30,0.1
81,31,50,Ga,31,0.1
81,40,41,Zr,40,0.1
81,39,42,Y,39,0.1
81,38,43,Sr,38,0.1
82,31,51,Ga,31,0.1
82,38,44,Sr,38,0.1
82,35,47,Br,35,0.1
82,32,50,Ge,32,0.1
82,33,49,As,33,0.1
82,40,42,Zr,40,0.1
82,39,43,Y,39,0.1
82,37,45,Rb,37,0.1
82,36,46,Kr,36,0.1
82,34,48,Se,34,0.1
82,30,52,Zn,30,0.1
83,38,45,Sr,38,0.1
83,39,44,Y,39,0.1
83,34,49,Se,34,0.1
83,33,50,As,33,0.1
83,40,43,Zr,40,0.1
83,41,42,Nb,41,0.1
83,32,51,Ge,32,0.1
83,31,52,Ga,31,0.1
83,37,46,Rb,37,0.1
83,36,47,Kr,36,0.1
83,35,48,Br,35,0.1
84,34,50,Se,34,0.1
84,37,47,Rb,37,0.1
84,36,48,Kr,36,0.1
84,35,49,Br,35,0.1
84,32,52,Ge,32,0.1
84,33,51,As,33,0.1
84,31,53,Ga,31,0.1
84,39,45,Y,39,0.1
84,38,46,Sr,38,0.1
84,41,43,Nb,41,0.1
84,40,44,Zr,40,0.1
85,32,53,Ge,32,0.1
85,31,54,Ga,31,0.1
85,34,51,Se,34,0.1
85,33,52,As,33,0.1
85,37,48,Rb,37,0.1
85,41,44,Nb,41,0.1
85,38,47,Sr,38,0.1
85,40,45,Zr,40,0.1
85,39,46,Y,39,0.1
85,42,43,Mo,42,0.1
85,36,49,Kr,36,0.1
85,35,50,Br +,35,0.1
86,41,45,Nb,41,0.1
86,34,52,Se,34,0.1
86,39,47,Y,39,0.1
86,37,49,Rb,37,0.1
86,38,48,Sr,38,0.1
86,36,50,Kr,36,0.1
86,35,51,Br,35,0.1
86,33,53,As,33,0.1
86,42,44,Mo,42,0.1
86,32,54,Ge,32,0.1
86,40,46,Zr,40,0.1
87,37,50,Rb,37,0.1
87,35,52,Br 2,35,0.1
87,34,53,Se,34,0.1
87,33,54,As,33,0.1
87,38,49,Sr,38,0.1
87,36,51,Kr,36,0.1
87,43,44,Tc,43,0.1
87,42,45,Mo,42,0.1
87,40,47,Zr,40,0.1
87,39,48,Y,39,0.1
87,41,46,Nb,41,0.1
88,42,46,Mo,42,0.1
88,41,47,Nb,41,0.1
88,36,52,Kr,36,0.1
88,43,45,Tc,43,0.1
88,39,49,Y,39,0.1
88,38,50,Sr,38,0.1
88,37,51,Rb,37,0.1
88,40,48,Zr,40,0.1
88,34,54,Se,34,0.1
88,35,53,Br,35,0.1
89,42,47,Mo,42,0.1
89,36,53,Kr,36,0.1
89,44,45,Ru,44,0.1
89,43,46,Tc,43,0.1
89,41,48,Nb,41,0.1
89,40,49,Zr,40,0.1
89,38,51,Sr,38,0.1
89,37,52,Rb,37,0.1
89,35,54,Br,35,0.1
89,34,55,Se,34,0.1
89,39,50,Y,39,0.1
90,39,51,Y,39,0.1
90,41,49,Nb,41,0.1
90,42,48,Mo,42,0.1
90,38,52,Sr,38,0.1
90,40,50,Zr,40,0.1
90,36,54,Kr,36,0.1
90,37,53,Rb,37,0.1
90,43,47,Tc,43,0.1
90,44,46,Ru,44,0.1
90,34,56,Se,34,0.1
90,35,55,Br,35,0.1
91,37,54,Rb,37,0.1
91,41,50,Nb,41,0.1
91,38,53,Sr,38,0.1
91,39,52,Y,39,0.1
91,43,48,Tc,43,0.1
91,42,49,Mo,42,0.1
91,36,55,Kr,36,0.1
91,34,57,Se,34,0.1
91,35,56,Br -,35,0.1
91,40,51,Zr,40,0.1
91,44,47,Ru,44,0.1
92,38,54,Sr,38,0.1
92,41,51,Nb,41,0.1
92,40,52,Zr,40,0.1
92,42,50,Mo,42,0.1
92,37,55,Rb,37,0.1
92,36,56,Kr,36,0.1
92,35,57,Br,35,0.1
92,39,53,Y,39,0.1
92,44,48,Ru,44,0.1
92,45,47,Rh,45,0.1
92,46,46,Pd,46,0.1
92,43,49,Tc,43,0.1
93,46,47,Pd,46,0.1
93,38,55,Sr,38,0.1
93,41,52,Nb,41,0.1
93,42,51,Mo,42,0.1
93,43,50,Tc,43,0.1
93,44,49,Ru,44,0.1
93,45,48,Rh,45,0.1
93,35,58,Br,35,0.1
93,39,54,Y,39,0.1
93,40,53,Zr,40,0.1
93,37,56,Rb,37,0.1
93,36,57,Kr,36,0.1
94,46,48,Pd,46,0.1
94,41,53,Nb,41,0.1
94,44,50,Ru,44,0.1
94,45,49,Rh,45,0.1
94,37,57,Rb,37,0.1
94,38,56,Sr,38,0.1
94,36,58,Kr,36,0.1
94,40,54,Zr,40,0.1
94,42,52,Mo,42,0.1
94,43,51,Tc,43,0.1
94,39,55,Y,39,0.1
95,36,59,Kr,36,0.1
95,42,53,Mo,42,0.1
95,45,50,Rh,45,0.1
95,44,51,Ru,44,0.1
95,43,52,Tc,43,0.1
95,41,54,Nb,41,0.1
95,37,58,Rb,37,0.1
95,38,57,Sr,38,0.1
95,39,56,Y,39,0.1
95,40,55,Zr,40,0.1
95,46,49,Pd,46,0.1
96,47,49,Ag,47,0.1
96,46,50,Pd,46,0.1
96,37,59,Rb,37,0.1
96,42,54,Mo,42,0.1
96,39,57,Y,39,0.1
96,45,51,Rh,45,0.1
96,44,52,Ru,44,0.1
96,43,53,Tc,43,0.1
96,36,60,Kr,36,0.1
96,38,58,Sr,38,0.1
96,41,55,Nb,41,0.1
96,40,56,Zr,40,0.1
97,45,52,Rh,45,0.1
97,46,51,Pd,46,0.1
97,41,56,Nb,41,0.1
97,43,54,Tc,43,0.1
97,47,50,Ag,47,0.1
97,48,49,Cd,48,0.1
97,44,53,Ru,44,0.1
97,38,59,Sr,38,0.1
97,37,60,Rb,37,0.1
97,36,61,Kr,36,0.1
97,40,57,Zr,40,0.1
97,39,58,Y,39,0.1
97,42,55,Mo,42,0.1
98,46,52,Pd,46,0.1
98,47,51,Ag,47,0.1
98,39,59,Y  p,39,0.1
98,40,58,Zr,40,0.1
98,42,56,Mo,42,0.1
98,38,60,Sr,38,0.1
98,45,53,Rh,45,0.1
98,37,61,Rb,37,0.1
98,43,55,Tc,43,0.1
98,44,54,Ru,44,0.1
98,41,57,Nb,41,0.1
98,48,50,Cd,48,0.1
99,45,54,Rh,45,0.1
99,48,51,Cd,48,0.1
99,42,57,Mo,42,0.1
99,46,53,Pd,46,0.1
99,39,60,Y,39,0.1
99,37,62,Rb,37,0.1
99,41,58,Nb,41,0.1
99,38,61,Sr,38,0.1
99,44,55,Ru,44,0.1
99,40,59,Zr,40,0.1
99,47,52,Ag,47,0.1
99,43,56,Tc,43,0.1
100,43,57,Tc,43,0.1
100,45,55,Rh,45,0.1
100,44,56,Ru,44,0.1
100,40,60,Zr,40,0.1
100,37,63,Rb,37,0.1
100,38,62,Sr,38,0.1
100,42,58,Mo,42,0.1
100,41,59,Nb,41,0.1
100,47,53,Ag,47,0.1
100,46,54,Pd,46,0.1
100,48,52,Cd,48,0.1
100,49,51,In,49,0.1
100,39,61,Y,39,0.1
100,50,50,Sn,50,0.1
101,47,54,Ag,47,0.1
101,46,55,Pd,46,0.1
101,50,51,Sn,50,0.1
101,49,52,In,49,0.1
101,40,61,Zr,40,0.1
101,45,56,Rh,45,0.1
101,44,57,Ru,44,0.1
101,43,58,Tc,43,0.1
101,48,53,Cd,48,0.1
101,42,59,Mo,42,0.1
101,37,64,Rb,37,0.1
101,38,63,Sr,38,0.1
101,39,62,Y,39,0.1
101,41,60,Nb,41,0.1
102,42,60,Mo,42,0.1
102,43,59,Tc,43,0.1
102,50,52,Sn,50,0.1
102,45,57,Rh,45,0.1
102,40,62,Zr,40,0.1
102,39,63,Y,39,0.1
102,41,61,Nb,41,0.1
102,48,54,Cd,48,0.1
102,46,56,Pd,46,0.1
102,47,55,Ag,47,0.1
102,44,58,Ru,44,0.1
102,37,65,Rb,37,0.1
102,38,64,Sr,38,0.1
102,49,53,In,49,0.1
103,46,57,Pd,46,0.1
103,49,54,In,49,0.1
103,40,63,Zr,40,0.1
103,41,62,Nb,41,0.1
103,47,56,Ag,47,0.1
103,39,64,Y,39,0.1
103,43,60,Tc,43,0.1
103,44,59,Ru,44,0.1
103,42,61,Mo,42,0.1
103,48,55,Cd,48,0.1
103,45,58,Rh,45,0.1
104,41,63,Nb,41,0.1
104,49,55,In,49,0.1
104,40,64,Zr,40,0.1
104,52,52,Te,52,0.1
104,50,54,Sn,50,0.1
104,42,62,Mo,42,0.1
104,43,61,Tc,43,0.1
104,44,60,Ru,44,0.1
104,45,59,Rh,45,0.1
104,47,57,Ag,47,0.1
104,46,58,Pd,46,0.1
104,48,56,Cd,48,0.1
105,41,64,Nb,41,0.1
105,52,53,Te,52,0.1
105,51,54,Sb,51,0.1
105,50,55,Sn,50,0.1
105,45,60,Rh,45,0.1
105,44,61,Ru,44,0.1
105,43,62,Tc,43,0.1
105,48,57,Cd,48,0.1
105,49,56,In,49,0.1
105,40,65,Zr,40,0.1
105,47,58,Ag,47,0.1
105,46,59,Pd,46,0.1
105,42,63,Mo,42,0.1
106,41,65,Nb,41,0.1
106,42,64,Mo,42,0.1
106,43,63,Tc,43,0.1
106,51,55,Sb,51,0.1
106,46,60,Pd,46,0.1
106,47,59,Ag,47,0.1
106,48,58,Cd,48,0.1
106,49,57,In,49,0.1
106,50,56,Sn,50,0.1
106,44,62,Ru,44,0.1
106,45,61,Rh,45,0.1
106,52,54,Te,52,0.1
107,44,63,Ru,44,0.1
107,45,62,Rh,45,0.1
107,46,61,Pd,46,0.1
107,43,64,Tc,43,0.1
107,47,60,Ag,47,0.1
107,42,65,Mo,42,0.1
107,50,57,Sn,50,0.1
107,49,58,In,49,0.1
107,51,56,Sb,51,0.1
107,41,66,Nb,41,0.1
107,48,59,Cd,48,0.1
108,52,56,Te,52,0.1
108,47,61,Ag,47,0.1
108,46,62,Pd,46,0.1
108,45,63,Rh,45,0.1
108,54,54,Xe,54,0.1
108,51,57,Sb,51,0.1
108,50,58,Sn,50,0.1
108,49,59,In,49,0.1
108,48,60,Cd,48,0.1
108,43,65,Tc,43,0.1
108,41,67,Nb,41,0.1
108,42,66,Mo,42,0.1
108,44,64,Ru,44,0.1
109,44,65,Ru,44,0.1
109,43,66,Tc,43,0.1
109,46,63,Pd,46,0.1
109,45,64,Rh,45,0.1
109,48,61,Cd,48,0.1
109,47,62,Ag,47,0.1
109,50,59,Sn,50,0.1
109,49,60,In,49,0.1
109,42,67,Mo,42,0.1
109,41,68,Nb,41,0.1
109,52,57,Te,52,0.1
109,51,58,Sb,51,0.1
109,54,55,Xe,54,0.1
109,53,56,I,53,0.1
110,47,63,Ag,47,0.1
110,48,62,Cd,48,0.1
110,46,64,Pd,46,0.1
110,50,60,Sn,50,0.1
110,52,58,Te,52,0.1
110,51,59,Sb,51,0.1
110,49,61,In,49,0.1
110,41,69,Nb,41,0.1
110,54,56,Xe,54,0.1
110,53,57,I,53,0.1
110,45,65,Rh,45,0.1
110,44,66,Ru,44,0.1
110,43,67,Tc,43,0.1
110,42,68,Mo,42,0.1
111,48,63,Cd,48,0.1
111,47,64,Ag,47,0.1
111,53,58,I,53,0.1
111,49,62,In,49,0.1
111,52,59,Te,52,0.1
111,45,66,Rh,45,0.1
111,46,65,Pd,46,0.1
111,44,67,Ru,44,0.1
111,43,68,Tc,43,0.1
111,51,60,Sb,51,0.1
111,50,61,Sn,50,0.1
111,42,69,Mo,42,0.1
112,44,68,Ru,44,0.1
112,45,67,Rh,45,0.1
112,43,69,Tc,43,0.1
112,49,63,In,49,0.1
112,50,62,Sn,50,0.1
112,48,64,Cd,48,0.1
112,47,65,Ag,47,0.1
112,46,66,Pd,46,0.1
112,54,58,Xe,54,0.1
112,53,59,I,53,0.1
112,52,60,Te,52,0.1
112,51,61,Sb,51,0.1
113,54,59,Xe,54,0.1
113,45,68,Rh,45,0.1
113,44,69,Ru,44,0.1
113,43,70,Tc,43,0.1
113,52,61,Te,52,0.1
113,51,62,Sb,51,0.1
113,50,63,Sn,50,0.1
113,49,64,In,49,0.1
113,48,65,Cd,48,0.1
113,47,66,Ag,47,0.1
113,55,58,Cs,55,0.1
113,53,60,I,53,0.1
113,46,67,Pd,46,0.1
114,54,60,Xe,54,0.1
114,56,58,Ba,56,0.1
114,52,62,Te,52,0.1
114,43,71,Tc,43,0.1
114,55,59,Cs,55,0.1
114,53,61,I,53,0.1
114,51,63,Sb,51,0.1
114,50,64,Sn,50,0.1
114,48,66,Cd,48,0.1
114,49,65,In,49,0.1
114,44,70,Ru,44,0.1
114,46,68,Pd,46,0.1
114,45,69,Rh,45,0.1
114,47,67,Ag,47,0.1
115,47,68,Ag,47,0.1
115,46,69,Pd,46,0.1
115,49,66,In,49,0.1
115,48,67,Cd,48,0.1
115,50,65,Sn,50,0.1
115,53,62,I,53,0.1
115,45,70,Rh,45,0.1
115,54,61,Xe,54,0.1
115,52,63,Te,52,0.1
115,44,71,Ru,44,0.1
115,51,64,Sb,51,0.1
116,54,62,Xe,54,0.1
116,51,65,Sb,51,0.1
116,50,66,Sn,50,0.1
116,53,63,I,53,0.1
116,46,70,Pd,46,0.1
116,47,69,Ag,47,0.1
116,44,72,Ru,44,0.1
116,45,71,Rh,45,0.1
116,52,64,Te,52,0.1
116,48,68,Cd,48,0.1
116,49,67,In,49,0.1
117,44,73,Ru,44,0.1
117,45,72,Rh,45,0.1
117,55,62,Cs,55,0.1
117,52,65,Te,52,0.1
117,50,67,Sn,50,0.1
117,49,68,In,49,0.1
117,48,69,Cd,48,0.1
117,47,70,Ag,47,0.1
117,53,64,I,53,0.1
117,51,66,Sb,51,0.1
117,56,61,Ba,56,0.1
117,54,63,Xe,54,0.1
117,46,71,Pd,46,0.1
118,50,68,Sn,50,0.1
118,54,64,Xe,54,0.1
118,51,67,Sb,51,0.1
118,55,63,Cs,55,0.1
118,52,66,Te,52,0.1
118,53,65,I,53,0.1
118,45,73,Rh,45,0.1
118,46,72,Pd,46,0.1
118,47,71,Ag,47,0.1
118,48,70,Cd,48,0.1
118,49,69,In,49,0.1
119,55,64,Cs,55,0.1
119,52,67,Te,52,0.1
119,53,66,I,53,0.1
119,50,69,Sn,50,0.1
119,48,71,Cd,48,0.1
119,49,70,In,49,0.1
119,45,74,Rh,45,0.1
119,54,65,Xe,54,0.1
119,51,68,Sb,51,0.1
119,46,73,Pd,46,0.1
119,47,72,Ag,47,0.1
119,56,63,Ba,56,0.1
120,56,64,Ba,56,0.1
120,46,74,Pd,46,0.1
120,55,65,Cs,55,0.1
120,54,66,Xe,54,0.1
120,51,69,Sb,51,0.1
120,50,70,Sn,50,0.1
120,52,68,Te,52,0.1
120,47,73,Ag,47,0.1
120,49,71,In,49,0.1
120,48,72,Cd,48,0.1
120,53,67,I,53,0.1
121,55,66,Cs,55,0.1
121,47,74,Ag,47,0.1
121,48,73,Cd,48,0.1
121,56,65,Ba,56,0.1
121,49,72,In,49,0.1
121,54,67,Xe,54,0.1
121,53,68,I,53,0.1
121,46,75,Pd,46,0.1
121,45,76,Rh,45,0.1
121,50,71,Sn,50,0.1
121,52,69,Te,52,0.1
121,51,70,Sb,51,0.1
122,52,70,Te,52,0.1
122,55,67,Cs,55,0.1
122,51,71,Sb,51,0.1
122,50,72,Sn,50,0.1
122,49,73,In,49,0.1
122,53,69,I,53,0.1
122,46,76,Pd,46,0.1
122,48,74,Cd,48,0.1
122,47,75,Ag,47,0.1
122,54,68,Xe,54,0.1
122,56,66,Ba,56,0.1
123,56,67,Ba,56,0.1
123,54,69,Xe,54,0.1
123,55,68,Cs,55,0.1
123,50,73,Sn,50,0.1
123,48,75,Cd,48,0.1
123,49,74,In,49,0.1
123,51,72,Sb,51,0.1
123,52,71,Te,52,0.1
123,53,70,I,53,0.1
123,46,77,Pd,46,0.1
123,47,76,Ag,47,0.1
124,56,68,Ba,56,0.1
124,55,69,Cs,55,0.1
124,53,71,I,53,0.1
124,54,70,Xe,54,0.1
124,52,72,Te,52,0.1
124,51,73,Sb,51,0.1
124,50,74,Sn,50,0.1
124,49,75,In,49,0.1
124,57,67,La,57,0.1
124,48,76,Cd,48,0.1
124,47,77,Ag,47,0.1
125,53,72,I,53,0.1
125,48,77,Cd,48,0.1
125,47,78,Ag,47,0.1
125,50,75,Sn,50,0.1
125,51,74,Sb,51,0.1
125,54,71,Xe,54,0.1
125,55,70,Cs,55,0.1
125,56,69,Ba,56,0.1
125,57,68,La,57,0.1
125,52,73,Te,52,0.1
125,49,76,In,49,0.1
126,56,70,Ba,56,0.1
126,54,72,Xe,54,0.1
126,58,68,Ce,58,0.1
126,55,71,Cs,55,0.1
126,52,74,Te,52,0.1
126,53,73,I,53,0.1
126,51,75,Sb,51,0.1
126,48,78,Cd,48,0.1
126,49,77,In,49,0.1
126,57,69,La,57,0.1
126,50,76,Sn,50,0.1
127,50,77,Sn,50,0.1
127,51,76,Sb,51,0.1
127,52,75,Te,52,0.1
127,53,74,I,53,0.1
127,54,73,Xe,54,0.1
127,55,72,Cs,55,0.1
127,57,70,La,57,0.1
127,49,78,In,49,0.1
127,48,79,Cd,48,0.1
127,56,71,Ba,56,0.1
127,58,69,Ce,58,0.1
128,54,74,Xe,54,0.1
128,58,70,Ce,58,0.1
128,55,73,Cs,55,0.1
128,56,72,Ba,56,0.1
128,57,71,La,57,0.1
128,48,80,Cd,48,0.1
128,52,76,Te,52,0.1
128,51,77,Sb,51,0.1
128,50,78,Sn,50,0.1
128,49,79,In,49,0.1
128,59,69,Pr,59,0.1
128,53,75,I,53,0.1
129,50,79,Sn,50,0.1
129,57,72,La,57,0.1
129,58,71,Ce,58,0.1
129,59,70,Pr,59,0.1
129,53,76,I,53,0.1
129,52,77,Te,52,0.1
129,51,78,Sb,51,0.1
129,48,81,Cd,48,0.1
129,49,80,In,49,0.1
129,55,74,Cs,55,0.1
129,54,75,Xe,54,0.1
129,56,73,Ba,56,0.1
130,53,77,I,53,0.1
130,58,72,Ce,58,0.1
130,57,73,La,57,0.1
130,55,75,Cs,55,0.1
130,56,74,Ba,56,0.1
130,50,80,Sn,50,0.1
130,51,79,Sb,51,0.1
130,48,82,Cd,48,0.1
130,49,81,In,49,0.1
130,52,78,Te,52,0.1
130,59,71,Pr,59,0.1
130,60,70,Nd,60,0.1
130,54,76,Xe,54,0.1
131,50,81,Sn,50,0.1
131,51,80,Sb,51,0.1
131,53,78,I,53,0.1
131,54,77,Xe,54,0.1
131,57,74,La,57,0.1
131,49,82,In,49,0.1
131,55,76,Cs,55,0.1
131,58,73,Ce,58,0.1
131,48,83,Cd,48,0.1
131,52,79,Te,52,0.1
131,56,75,Ba,56,0.1
131,59,72,Pr,59,0.1
131,60,71,Nd,60,0.1
132,56,76,Ba,56,0.1
132,55,77,Cs,55,0.1
132,53,79,I,53,0.1
132,60,72,Nd,60,0.1
132,49,83,In,49,0.1
132,52,80,Te,52,0.1
132,50,82,Sn,50,0.1
132,48,84,Cd,48,0.1
132,57,75,La,57,0.1
132,58,74,Ce,58,0.1
132,54,78,Xe,54,0.1
132,59,73,Pr,59,0.1
132,51,81,Sb,51,0.1
133,55,78,Cs,55,0.1
133,51,82,Sb,51,0.1
133,52,81,Te,52,0.1
133,53,80,I,53,0.1
133,54,79,Xe,54,0.1
133,50,83,Sn,50,0.1
133,58,75,Ce,58,0.1
133,56,77,Ba,56,0.1
133,61,72,Pm,61,0.1
133,60,73,Nd,60,0.1
133,57,76,La,57,0.1
133,59,74,Pr,59,0.1
134,59,75,Pr,59,0.1
134,51,83,Sb,51,0.1
134,50,84,Sn,50,0.1
134,58,76,Ce,58,0.1
134,57,77,La,57,0.1
134,56,78,Ba,56,0.1
134,54,80,Xe,54,0.1
134,55,79,Cs,55,0.1
134,53,81,I,53,0.1
134,60,74,Nd,60,0.1
134,61,73,Pm,61,0.1
134,52,82,Te,52,0.1
135,59,76,Pr,59,0.1
135,60,75,Nd,60,0.1
135,61,74,Pm,61,0.1
135,62,73,Sm,62,0.1
135,56,79,Ba,56,0.1
135,57,78,La,57,0.1
135,58,77,Ce,58,0.1
135,50,85,Sn,50,0.1
135,51,84,Sb,51,0.1
135,52,83,Te,52,0.1
135,53,82,I,53,0.1
135,54,81,Xe,54,0.1
135,55,80,Cs,55,0.1
136,53,83,I,53,0.1
136,54,82,Xe,54,0.1
136,51,85,Sb,51,0.1
136,52,84,Te,52,0.1
136,62,74,Sm,62,0.1
136,59,77,Pr,59,0.1
136,61,75,Pm,61,0.1
136,56,80,Ba,56,0.1
136,57,79,La,57,0.1
136,55,81,Cs,55,0.1
136,58,78,Ce,58,0.1
136,60,76,Nd,60,0.1
137,56,81,Ba,56,0.1
137,57,80,La,57,0.1
137,55,82,Cs,55,0.1
137,52,85,Te,52,0.1
137,51,86,Sb,51,0.1
137,53,84,I  p,53,0.1
137,54,83,Xe,54,0.1
137,58,79,Ce,58,0.1
137,59,78,Pr,59,0.1
137,61,76,Pm,61,0.1
137,60,77,Nd,60,0.1
137,62,75,Sm,62,0.1
137,63,74,Eu,63,0.1
138,54,84,Xe,54,0.1
138,55,83,Cs,55,0.1
138,56,82,Ba,56,0.1
138,57,81,La,57,0.1
138,58,80,Ce,58,0.1
138,59,79,Pr,59,0.1
138,61,77,Pm,61,0.1
138,62,76,Sm,62,0.1
138,63,75,Eu,63,0.1
138,52,86,Te,52,0.1
138,60,78,Nd,60,0.1
138,53,85,I,53,0.1
139,54,85,Xe,54,0.1
139,55,84,Cs,55,0.1
139,57,82,La,57,0.1
139,53,86,I,53,0.1
139,58,81,Ce,58,0.1
139,59,80,Pr,59,0.1
139,61,78,Pm,61,0.1
139,60,79,Nd,60,0.1
139,62,77,Sm,62,0.1
139,63,76,Eu,63,0.1
139,56,83,Ba,56,0.1
139,52,87,Te,52,0.1
140,55,85,Cs,55,0.1
140,56,84,Ba,56,0.1
140,57,83,La,57,0.1
140,58,82,Ce,58,0.1
140,59,81,Pr,59,0.1
140,61,79,Pm,61,0.1
140,53,87,I,53,0.1
140,54,86,Xe,54,0.1
140,60,80,Nd,60,0.1
140,62,78,Sm,62,0.1
140,63,77,Eu,63,0.1
140,64,76,Gd,64,0.1
140,52,88,Te,52,0.1
140,65,75,Tb,65,0.1
141,63,78,Eu,63,0.1
141,53,88,I,53,0.1
141,54,87,Xe,54,0.1
141,56,85,Ba,56,0.1
141,57,84,La,57,0.1
141,60,81,Nd,60,0.1
141,59,82,Pr,59,0.1
141,58,83,Ce,58,0.1
141,55,86,Cs,55,0.1
141,65,76,Tb,65,0.1
141,64,77,Gd,64,0.1
141,62,79,Sm,62,0.1
141,61,80,Pm,61,0.1
142,58,84,Ce,58,0.1
142,54,88,Xe,54,0.1
142,53,89,I,53,0.1
142,57,85,La,57,0.1
142,59,83,Pr,59,0.1
142,56,86,Ba,56,0.1
142,55,87,Cs,55,0.1
142,60,82,Nd,60,0.1
142,61,81,Pm,61,0.1
142,63,79,Eu,63,0.1
142,62,80,Sm,62,0.1
142,65,77,Tb,65,0.1
142,64,78,Gd,64,0.1
143,60,83,Nd,60,0.1
143,61,82,Pm,61,0.1
143,65,78,Tb,65,0.1
143,66,77,Dy,66,0.1
143,63,80,Eu,63,0.1
143,64,79,Gd,64,0.1
143,58,85,Ce,58,0.1
143,57,86,La,57,0.1
143,54,89,Xe,54,0.1
143,59,84,Pr,59,0.1
143,55,88,Cs,55,0.1
143,56,87,Ba,56,0.1
143,62,81,Sm,62,0.1
144,58,86,Ce,58,0.1
144,59,85,Pr,59,0.1
144,60,84,Nd,60,0.1
144,61,83,Pm,61,0.1
144,62,82,Sm,62,0.1
144,63,81,Eu,63,0.1
144,64,80,Gd,64,0.1
144,66,78,Dy,66,0.1
144,65,79,Tb,65,0.1
144,56,88,Ba,56,0.1
144,67,77,Ho,67,0.1
144,57,87,La,57,0.1
144,55,89,Cs,55,0.1
144,54,90,Xe,54,0.1
145,54,91,Xe,54,0.1
145,55,90,Cs,55,0.1
145,59,86,Pr,59,0.1
145,61,84,Pm,61,0.1
145,60,85,Nd,60,0.1
145,58,87,Ce,58,0.1
145,57,88,La,57,0.1
145,56,89,Ba,56,0.1
145,63,82,Eu,63,0.1
145,67,78,Ho,67,0.1
145,66,79,Dy,66,0.1
145,65,80,Tb,65,0.1
145,64,81,Gd,64,0.1
145,62,83,Sm,62,0.1
146,54,92,Xe,54,0.1
146,68,78,Er,68,0.1
146,62,84,Sm,62,0.1
146,65,81,Tb,65,0.1
146,63,83,Eu,63,0.1
146,64,82,Gd,64,0.1
146,55,91,Cs,55,0.1
146,66,80,Dy,66,0.1
146,61,85,Pm,61,0.1
146,60,86,Nd,60,0.1
146,59,87,Pr,59,0.1
146,58,88,Ce,58,0.1
146,57,89,La,57,0.1
146,56,90,Ba,56,0.1
146,67,79,Ho,67,0.1
147,64,83,Gd,64,0.1
147,65,82,Tb,65,0.1
147,67,80,Ho,67,0.1
147,66,81,Dy,66,0.1
147,62,85,Sm,62,0.1
147,63,84,Eu,63,0.1
147,61,86,Pm,61,0.1
147,56,91,Ba,56,0.1
147,57,90,La,57,0.1
147,60,87,Nd,60,0.1
147,68,79,Er,68,0.1
147,69,78,Tm,69,0.1
147,55,92,Cs,55,0.1
147,58,89,Ce,58,0.1
147,59,88,Pr,59,0.1
148,55,93,Cs,55,0.1
148,57,91,La,57,0.1
148,58,90,Ce,58,0.1
148,61,87,Pm,61,0.1
148,60,88,Nd,60,0.1
148,62,86,Sm,62,0.1
148,67,81,Ho,67,0.1
148,56,92,Ba,56,0.1
148,59,89,Pr,59,0.1
148,65,83,Tb,65,0.1
148,63,85,Eu,63,0.1
148,64,84,Gd,64,0.1
148,68,80,Er,68,0.1
148,69,79,Tm,69,0.1
148,66,82,Dy,66,0.1
149,67,82,Ho,67,0.1
149,64,85,Gd,64,0.1
149,63,86,Eu,63,0.1
149,62,87,Sm,62,0.1
149,60,89,Nd,60,0.1
149,65,84,Tb,65,0.1
149,61,88,Pm,61,0.1
149,59,90,Pr,59,0.1
149,66,83,Dy,66,0.1
149,56,93,Ba,56,0.1
149,68,81,Er,68,0.1
149,58,91,Ce,58,0.1
149,57,92,La,57,0.1
150,60,90,Nd,60,0.1
150,59,91,Pr,59,0.1
150,58,92,Ce,58,0.1
150,61,89,Pm,61,0.1
150,63,87,Eu,63,0.1
150,62,88,Sm,62,0.1
150,56,94,Ba,56,0.1
150,64,86,Gd,64,0.1
150,57,93,La,57,0.1
150,68,82,Er,68,0.1
150,67,83,Ho,67,0.1
150,66,84,Dy,66,0.1
150,65,85,Tb,65,0.1
151,59,92,Pr,59,0.1
151,67,84,Ho,67,0.1
151,64,87,Gd,64,0.1
151,66,85,Dy,66,0.1
151,63,88,Eu,63,0.1
151,62,89,Sm,62,0.1
151,61,90,Pm,61,0.1
151,57,94,La,57,0.1
151,68,83,Er,68,0.1
151,69,82,Tm,69,0.1
151,60,91,Nd,60,0.1
151,70,81,Yb,70,0.1
151,58,93,Ce,58,0.1
151,65,86,Tb,65,0.1
152,59,93,Pr,59,0.1
152,62,90,Sm,62,0.1
152,63,89,Eu,63,0.1
152,60,92,Nd,60,0.1
152,67,85,Ho,67,0.1
152,68,84,Er,68,0.1
152,65,87,Tb,65,0.1
152,66,86,Dy,66,0.1
152,64,88,Gd,64,0.1
152,69,83,Tm,69,0.1
152,61,91,Pm,61,0.1
152,70,82,Yb,70,0.1
153,68,85,Er,68,0.1
153,69,84,Tm,69,0.1
153,71,82,Lu,71,0.1
153,61,92,Pm,61,0.1
153,59,94,Pr,59,0.1
153,65,88,Tb,65,0.1
153,67,86,Ho,67,0.1
153,63,90,Eu,63,0.1
153,64,89,Gd,64,0.1
153,60,93,Nd,60,0.1
153,62,91,Sm,62,0.1
153,66,87,Dy,66,0.1
154,59,95,Pr,59,0.1
154,60,94,Nd,60,0.1
154,70,84,Yb,70,0.1
154,68,86,Er,68,0.1
154,67,87,Ho,67,0.1
154,66,88,Dy,66,0.1
154,65,89,Tb,65,0.1
154,64,90,Gd,64,0.1
154,61,93,Pm,61,0.1
154,63,91,Eu,63,0.1
154,62,92,Sm,62,0.1
154,69,85,Tm,69,0.1
155,59,96,Pr,59,0.1
155,65,90,Tb,65,0.1
155,60,95,Nd,60,0.1
155,69,86,Tm,69,0.1
155,70,85,Yb,70,0.1
155,71,84,Lu,71,0.1
155,63,92,Eu,63,0.1
155,68,87,Er,68,0.1
155,66,89,Dy,66,0.1
155,62,93,Sm,62,0.1
155,61,94,Pm,61,0.1
155,64,91,Gd,64,0.1
155,67,88,Ho,67,0.1
156,69,87,Tm,69,0.1
156,67,89,Ho,67,0.1
156,65,91,Tb,65,0.1
156,68,88,Er,68,0.1
156,70,86,Yb,70,0.1
156,66,90,Dy,66,0.1
156,59,97,Pr,59,0.1
156,61,95,Pm,61,0.1
156,71,85,Lu,71,0.1
156,72,84,Hf,72,0.1
156,64,92,Gd,64,0.1
156,63,93,Eu,63,0.1
156,62,94,Sm,62,0.1
156,60,96,Nd,60,0.1
157,65,92,Tb,65,0.1
157,66,91,Dy,66,0.1
157,70,87,Yb,70,0.1
157,68,89,Er,68,0.1
157,62,95,Sm,62,0.1
157,60,97,Nd,60,0.1
157,61,96,Pm,61,0.1
157,64,93,Gd,64,0.1
157,67,90,Ho,67,0.1
157,63,94,Eu,63,0.1
157,73,84,Ta,73,0.1
157,69,88,Tm,69,0.1
157,71,86,Lu,71,0.1
157,59,98,Pr,59,0.1
158,70,88,Yb,70,0.1
158,69,89,Tm,69,0.1
158,71,87,Lu,71,0.1
158,72,86,Hf,72,0.1
158,60,98,Nd,60,0.1
158,61,97,Pm,61,0.1
158,63,95,Eu,63,0.1
158,68,90,Er,68,0.1
158,64,94,Gd,64,0.1
158,66,92,Dy,66,0.1
158,67,91,Ho,67,0.1
158,65,93,Tb,65,0.1
158,62,96,Sm,62,0.1
159,62,97,Sm,62,0.1
159,63,96,Eu,63,0.1
159,64,95,Gd,64,0.1
159,66,93,Dy,66,0.1
159,67,92,Ho,67,0.1
159,65,94,Tb,65,0.1
159,69,90,Tm,69,0.1
159,68,91,Er,68,0.1
159,60,99,Nd,60,0.1
159,61,98,Pm,61,0.1
159,71,88,Lu,71,0.1
159,73,86,Ta,73,0.1
159,72,87,Hf,72,0.1
159,70,89,Yb,70,0.1
160,63,97,Eu,63,0.1
160,74,86,W,74,0.1
160,70,90,Yb,70,0.1
160,68,92,Er,68,0.1
160,65,95,Tb,65,0.1
160,69,91,Tm,69,0.1
160,71,89,Lu,71,0.1
160,72,88,Hf,72,0.1
160,73,87,Ta,73,0.1
160,60,100,Nd,60,0.1
160,67,93,Ho,67,0.1
160,64,96,Gd,64,0.1
160,62,98,Sm,62,0.1
160,61,99,Pm,61,0.1
160,66,94,Dy,66,0.1
161,73,88,Ta,73,0.1
161,72,89,Hf,72,0.1
161,71,90,Lu,71,0.1
161,61,100,Pm,61,0.1
161,62,99,Sm,62,0.1
161,69,92,Tm,69,0.1
161,70,91,Yb,70,0.1
161,67,94,Ho,67,0.1
161,66,95,Dy,66,0.1
161,65,96,Tb,65,0.1
161,75,86,Re,75,0.1
161,64,97,Gd,64,0.1
161,63,98,Eu,63,0.1
161,68,93,Er,68,0.1
162,74,88,W,74,0.1
162,70,92,Yb,70,0.1
162,73,89,Ta,73,0.1
162,72,90,Hf,72,0.1
162,71,91,Lu,71,0.1
162,63,99,Eu,63,0.1
162,64,98,Gd,64,0.1
162,65,97,Tb,65,0.1
162,62,100,Sm,62,0.1
162,66,96,Dy,66,0.1
162,69,93,Tm,69,0.1
162,67,95,Ho,67,0.1
162,68,94,Er,68,0.1
163,74,89,W,74,0.1
163,75,88,Re,75,0.1
163,73,90,Ta,73,0.1
163,66,97,Dy,66,0.1
163,69,94,Tm,69,0.1
163,68,95,Er,68,0.1
163,67,96,Ho,67,0.1
163,65,98,Tb,65,0.1
163,72,91,Hf,72,0.1
163,64,99,Gd,64,0.1
163,63,100,Eu,63,0.1
163,62,101,Sm,62,0.1
163,70,93,Yb,70,0.1
163,71,92,Lu,71,0.1
164,62,102,Sm,62,0.1
164,63,101,Eu,63,0.1
164,70,94,Yb,70,0.1
164,69,95,Tm,69,0.1
164,68,96,Er,68,0.1
164,67,97,Ho,67,0.1
164,66,98,Dy,66,0.1
164,65,99,Tb,65,0.1
164,64,100,Gd,64,0.1
164,71,93,Lu,71,0.1
164,72,92,Hf,72,0.1
164,73,91,Ta,73,0.1
164,74,90,W,74,0.1
164,75,89,Re,75,0.1
164,76,88,Os,76,0.1
165,63,102,Eu,63,0.1
165,64,101,Gd,64,0.1
165,69,96,Tm,69,0.1
165,70,95,Yb,70,0.1
165,71,94,Lu,71,0.1
165,72,93,Hf,72,0.1
165,68,97,Er,68,0.1
165,65,100,Tb,65,0.1
165,66,99,Dy,66,0.1
165,67,98,Ho,67,0.1
165,73,92,Ta,73,0.1
165,74,91,W,74,0.1
165,75,90,Re,75,0.1
166,66,100,Dy,66,0.1
166,69,97,Tm,69,0.1
166,67,99,Ho,67,0.1
166,76,90,Os,76,0.1
166,73,93,Ta,73,0.1
166,74,92,W,74,0.1
166,75,91,Re,75,0.1
166,70,96,Yb,70,0.1
166,72,94,Hf,72,0.1
166,71,95,Lu,71,0.1
166,65,101,Tb,65,0.1
166,68,98,Er,68,0.1
166,64,102,Gd,64,0.1
167,66,101,Dy,66,0.1
167,64,103,Gd,64,0.1
167,72,95,Hf,72,0.1
167,65,102,Tb,65,0.1
167,67,100,Ho,67,0.1
167,77,90,Ir,77,0.1
167,74,93,W,74,0.1
167,73,94,Ta,73,0.1
167,76,91,Os,76,0.1
167,68,99,Er,68,0.1
167,69,98,Tm,69,0.1
167,70,97,Yb,70,0.1
167,71,96,Lu,71,0.1
168,73,95,Ta,73,0.1
168,72,96,Hf,72,0.1
168,75,93,Re,75,0.1
168,74,94,W,74,0.1
168,76,92,Os,76,0.1
168,77,91,Ir,77,0.1
168,78,90,Pt,78,0.1
168,71,97,Lu,71,0.1
168,70,98,Yb,70,0.1
168,67,101,Ho,67,0.1
168,66,102,Dy,66,0.1
168,69,99,Tm,69,0.1
168,68,100,Er,68,0.1
168,65,103,Tb,65,0.1
169,74,95,W,74,0.1
169,66,103,Dy,66,0.1
169,77,92,Ir,77,0.1
169,76,93,Os,76,0.1
169,71,98,Lu,71,0.1
169,72,97,Hf,72,0.1
169,75,94,Re,75,0.1
169,70,99,Yb,70,0.1
169,68,101,Er,68,0.1
169,73,96,Ta,73,0.1
169,69,100,Tm,69,0.1
169,67,102,Ho,67,0.1
170,72,98,Hf,72,0.1
170,68,102,Er,68,0.1
170,69,101,Tm,69,0.1
170,71,99,Lu,71,0.1
170,70,100,Yb,70,0.1
170,67,103,Ho,67,0.1
170,76,94,Os,76,0.1
170,78,92,Pt,78,0.1
170,74,96,W,74,0.1
170,75,95,Re,75,0.1
170,73,97,Ta,73,0.1
171,76,95,Os,76,0.1
171,75,96,Re,75,0.1
171,74,97,W,74,0.1
171,73,98,Ta,73,0.1
171,72,99,Hf,72,0.1
171,71,100,Lu,71,0.1
171,70,101,Yb,70,0.1
171,69,102,Tm,69,0.1
171,77,94,Ir,77,0.1
171,78,93,Pt,78,0.1
171,68,103,Er,68,0.1
171,79,92,Au,79,0.1
171,67,104,Ho,67,0.1
172,68,104,Er,68,0.1
172,70,102,Yb,70,0.1
172,69,103,Tm,69,0.1
172,72,100,Hf,72,0.1
172,73,99,Ta,73,0.1
172,74,98,W,74,0.1
172,71,101,Lu,71,0.1
172,75,97,Re,75,0.1
172,78,94,Pt,78,0.1
172,77,95,Ir,77,0.1
172,76,96,Os,76,0.1
172,79,93,Au,79,0.1
172,80,92,Hg,80,0.1
173,71,102,Lu,71,0.1
173,70,103,Yb,70,0.1
173,69,104,Tm,69,0.1
173,74,99,W,74,0.1
173,75,98,Re,75,0.1
173,76,97,Os,76,0.1
173,78,95,Pt,78,0.1
173,77,96,Ir,77,0.1
173,79,94,Au,79,0.1
173,73,100,Ta,73,0.1
173,72,101,Hf,72,0.1
174,69,105,Tm,69,0.1
174,70,104,Yb,70,0.1
174,71,103,Lu,71,0.1
174,72,102,Hf,72,0.1
174,73,101,Ta,73,0.1
174,80,94,Hg,80,0.1
174,76,98,Os,76,0.1
174,77,97,Ir,77,0.1
174,78,96,Pt,78,0.1
174,75,99,Re,75,0.1
174,74,100,W,74,0.1
175,70,105,Yb,70,0.1
175,69,106,Tm,69,0.1
175,73,102,Ta,73,0.1
175,72,103,Hf,72,0.1
175,71,104,Lu,71,0.1
175,78,97,Pt,78,0.1
175,77,98,Ir,77,0.1
175,76,99,Os,76,0.1
175,75,100,Re,75,0.1
175,74,101,W,74,0.1
175,79,96,Au,79,0.1
175,80,95,Hg,80,0.1
176,69,107,Tm,69,0.1
176,76,100,Os,76,0.1
176,77,99,Ir,77,0.1
176,75,101,Re,75,0.1
176,79,97,Au,79,0.1
176,70,106,Yb,70,0.1
176,80,96,Hg,80,0.1
176,81,95,Tl,81,0.1
176,78,98,Pt,78,0.1
176,71,105,Lu,71,0.1
176,72,104,Hf,72,0.1
176,73,103,Ta,73,0.1
176,74,102,W,74,0.1
177,70,107,Yb,70,0.1
177,72,105,Hf,72,0.1
177,73,104,Ta,73,0.1
177,74,103,W,74,0.1
177,71,106,Lu,71,0.1
177,76,101,Os,76,0.1
177,77,100,Ir,77,0.1
177,78,99,Pt,78,0.1
177,75,102,Re,75,0.1
177,79,98,Au,79,0.1
177,80,97,Hg,80,0.1
177,81,96,Tl,81,0.1
178,77,101,Ir,77,0.1
178,76,102,Os,76,0.1
178,70,108,Yb,70,0.1
178,71,107,Lu,71,0.1
178,78,100,Pt,78,0.1
178,75,103,Re,75,0.1
178,74,104,W,74,0.1
178,72,106,Hf,72,0.1
178,80,98,Hg,80,0.1
178,82,96,Pb,82,0.1
178,79,99,Au,79,0.1
179,82,97,Pb,82,0.1
179,71,108,Lu,71,0.1
179,75,104,Re,75,0.1
179,81,98,Tl,81,0.1
179,72,107,Hf,72,0.1
179,80,99,Hg,80,0.1
179,79,100,Au,79,0.1
179,78,101,Pt,78,0.1
179,74,105,W,74,0.1
179,77,102,Ir,77,0.1
179,73,106,Ta,73,0.1
179,76,103,Os,76,0.1
180,79,101,Au,79,0.1
180,80,100,Hg,80,0.1
180,76,104,Os,76,0.1
180,81,99,Tl,81,0.1
180,82,98,Pb,82,0.1
180,78,102,Pt,78,0.1
180,77,103,Ir,77,0.1
180,71,109,Lu,71,0.1
180,73,107,Ta,73,0.1
180,74,106,W,74,0.1
180,72,108,Hf,72,0.1
180,75,105,Re,75,0.1
181,77,104,Ir,77,0.1
181,76,105,Os,76,0.1
181,78,103,Pt,78,0.1
181,71,110,Lu,71,0.1
181,81,100,Tl,81,0.1
181,74,107,W,74,0.1
181,82,99,Pb,82,0.1
181,73,108,Ta,73,0.1
181,79,102,Au,79,0.1
181,80,101,Hg,80,0.1
181,72,109,Hf,72,0.1
181,75,106,Re,75,0.1
182,82,100,Pb,82,0.1
182,80,102,Hg,80,0.1
182,76,106,Os,76,0.1
182,81,101,Tl,81,0.1
182,77,105,Ir,77,0.1
182,74,108,W,74,0.1
182,72,110,Hf,72,0.1
182,73,109,Ta,73,0.1
182,75,107,Re,75,0.1
182,79,103,Au,79,0.1
182,78,104,Pt,78,0.1
183,76,107,Os,76,0.1
183,71,112,Lu,71,0.1
183,82,101,Pb,82,0.1
183,72,111,Hf,72,0.1
183,73,110,Ta,73,0.1
183,77,106,Ir,77,0.1
183,79,104,Au,79,0.1
183,80,103,Hg,80,0.1
183,81,102,Tl,81,0.1
183,78,105,Pt,78,0.1
183,74,109,W,74,0.1
183,75,108,Re,75,0.1
184,76,108,Os,76,0.1
184,77,107,Ir,77,0.1
184,78,106,Pt,78,0.1
184,81,103,Tl,81,0.1
184,82,102,Pb,82,0.1
184,72,112,Hf,72,0.1
184,79,105,Au,79,0.1
184,80,104,Hg,80,0.1
184,74,110,W,74,0.1
184,75,109,Re,75,0.1
184,73,111,Ta,73,0.1
185,78,107,Pt,78,0.1
185,82,103,Pb,82,0.1
185,72,113,Hf,72,0.1
185,79,106,Au,79,0.1
185,80,105,Hg,80,0.1
185,77,108,Ir,77,0.1
185,76,109,Os,76,0.1
185,81,104,Tl,81,0.1
185,73,112,Ta,73,0.1
185,74,111,W,74,0.1
185,75,110,Re,75,0.1
186,78,108,Pt,78,0.1
186,79,107,Au,79,0.1
186,83,103,Bi,83,0.1
186,80,106,Hg,80,0.1
186,76,110,Os,76,0.1
186,77,109,Ir,77,0.1
186,81,105,Tl,81,0.1
186,84,102,Po,84,0.1
186,73,113,Ta,73,0.1
186,74,112,W,74,0.1
186,82,104,Pb,82,0.1
186,75,111,Re,75,0.1
186,72,114,Hf,72,0.1
187,81,106,Tl,81,0.1
187,79,108,Au,79,0.1
187,80,107,Hg,80,0.1
187,76,111,Os,76,0.1
187,77,110,Ir,77,0.1
187,73,114,Ta,73,0.1
187,74,113,W,74,0.1
187,75,112,Re,75,0.1
187,78,109,Pt,78,0.1
187,83,104,Bi,83,0.1
187,84,103,Po,84,0.1
187,82,105,Pb,82,0.1
188,79,109,Au,79,0.1
188,80,108,Hg,80,0.1
188,81,107,Tl,81,0.1
188,78,110,Pt,78,0.1
188,75,113,Re,75,0.1
188,77,111,Ir,77,0.1
188,76,112,Os,76,0.1
188,82,106,Pb,82,0.1
188,84,104,Po,84,0.1
188,74,114,W,74,0.1
188,83,105,Bi,83,0.1
189,80,109,Hg,80,0.1
189,82,107,Pb,82,0.1
189,83,106,Bi,83,0.1
189,84,105,Po,84,0.1
189,79,110,Au,79,0.1
189,78,111,Pt,78,0.1
189,77,112,Ir,77,0.1
189,76,113,Os,76,0.1
189,75,114,Re,75,0.1
189,81,108,Tl,81,0.1
190,74,116,W,74,0.1
190,75,115,Re,75,0.1
190,76,114,Os,76,0.1
190,79,111,Au,79,0.1
190,81,109,Tl,81,0.1
190,80,110,Hg,80,0.1
190,83,107,Bi,83,0.1
190,82,108,Pb,82,0.1
190,84,106,Po,84,0.1
190,77,113,Ir,77,0.1
190,78,112,Pt,78,0.1
191,77,114,Ir,77,0.1
191,78,113,Pt,78,0.1
191,79,112,Au,79,0.1
191,80,111,Hg,80,0.1
191,76,115,Os,76,0.1
191,81,110,Tl,81,0.1
191,84,107,Po,84,0.1
191,85,106,At,85,0.1
191,74,117,W,74,0.1
191,83,108,Bi,83,0.1
191,82,109,Pb,82,0.1
191,75,116,Re,75,0.1
192,75,117,Re,75,0.1
192,78,114,Pt,78,0.1
192,77,115,Ir,77,0.1
192,76,116,Os,76,0.1
192,81,111,Tl,81,0.1
192,83,109,Bi,83,0.1
192,82,110,Pb,82,0.1
192,85,107,At,85,0.1
192,84,108,Po,84,0.1
192,79,113,Au,79,0.1
192,80,112,Hg,80,0.1
193,76,117,Os,76,0.1
193,86,107,Rn,86,0.1
193,75,118,Re,75,0.1
193,77,116,Ir,77,0.1
193,82,111,Pb,82,0.1
193,80,113,Hg,80,0.1
193,85,108,At,85,0.1
193,84,109,Po,84,0.1
193,79,114,Au,79,0.1
193,83,110,Bi,83,0.1
193,81,112,Tl,81,0.1
193,78,115,Pt,78,0.1
194,84,110,Po,84,0.1
194,76,118,Os,76,0.1
194,86,108,Rn,86,0.1
194,77,117,Ir,77,0.1
194,81,113,Tl,81,0.1
194,83,111,Bi,83,0.1
194,78,116,Pt,78,0.1
194,85,109,At,85,0.1
194,79,115,Au,79,0.1
194,80,114,Hg,80,0.1
194,82,112,Pb,82,0.1
195,84,111,Po,84,0.1
195,77,118,Ir,77,0.1
195,83,112,Bi,83,0.1
195,78,117,Pt,78,0.1
195,81,114,Tl,81,0.1
195,82,113,Pb,82,0.1
195,85,110,At,85,0.1
195,86,109,Rn,86,0.1
195,76,119,Os,76,0.1
195,79,116,Au,79,0.1
195,80,115,Hg,80,0.1
196,83,113,Bi,83,0.1
196,85,111,At,85,0.1
196,80,116,Hg,80,0.1
196,78,118,Pt,78,0.1
196,79,117,Au,79,0.1
196,84,112,Po,84,0.1
196,81,115,Tl,81,0.1
196,86,110,Rn,86,0.1
196,77,119,Ir,77,0.1
196,76,120,Os,76,0.1
196,82,114,Pb,82,0.1
197,80,117,Hg,80,0.1
197,79,118,Au,79,0.1
197,83,114,Bi,83,0.1
197,87,110,Fr,87,0.1
197,86,111,Rn,86,0.1
197,85,112,At,85,0.1
197,84,113,Po,84,0.1
197,77,120,Ir,77,0.1
197,78,119,Pt,78,0.1
197,82,115,Pb,82,0.1
197,81,116,Tl,81,0.1
198,79,119,Au,79,0.1
198,87,111,Fr,87,0.1
198,83,115,Bi,83,0.1
198,80,118,Hg,80,0.1
198,78,120,Pt,78,0.1
198,81,117,Tl,81,0.1
198,85,113,At,85,0.1
198,84,114,Po,84,0.1
198,86,112,Rn,86,0.1
198,82,116,Pb,82,0.1
199,84,115,Po,84,0.1
199,85,114,At,85,0.1
199,87,112,Fr,87,0.1
199,77,122,Ir p,77,0.1
199,86,113,Rn,86,0.1
199,82,117,Pb,82,0.1
199,79,120,Au,79,0.1
199,83,116,Bi,83,0.1
199,80,119,Hg,80,0.1
199,81,118,Tl,81,0.1
199,78,121,Pt,78,0.1
200,80,120,Hg,80,0.1
200,87,113,Fr,87,0.1
200,86,114,Rn,86,0.1
200,83,117,Bi,83,0.1
200,81,119,Tl,81,0.1
200,78,122,Pt,78,0.1
200,79,121,Au,79,0.1
200,85,115,At,85,0.1
200,84,116,Po,84,0.1
200,82,118,Pb,82,0.1
201,81,120,Tl,81,0.1
201,82,119,Pb,82,0.1
201,83,118,Bi,83,0.1
201,84,117,Po,84,0.1
201,85,116,At,85,0.1
201,86,115,Rn,86,0.1
201,87,114,Fr,87,0.1
201,88,113,Ra,88,0.1
201,80,121,Hg,80,0.1
201,79,122,Au,79,0.1
201,78,123,Pt,78,0.1
202,80,122,Hg,80,0.1
202,84,118,Po,84,0.1
202,82,120,Pb,82,0.1
202,81,121,Tl,81,0.1
202,87,115,Fr,87,0.1
202,86,116,Rn,86,0.1
202,78,124,Pt,78,0.1
202,83,119,Bi,83,0.1
202,85,117,At,85,0.1
202,79,123,Au,79,0.1
202,88,114,Ra,88,0.1
203,80,123,Hg,80,0.1
203,83,120,Bi,83,0.1
203,82,121,Pb,82,0.1
203,84,119,Po,84,0.1
203,85,118,At,85,0.1
203,79,124,Au,79,0.1
203,87,116,Fr,87,0.1
203,88,115,Ra,88,0.1
203,81,122,Tl,81,0.1
203,86,117,Rn,86,0.1
204,85,119,At,85,0.1
204,82,122,Pb,82,0.1
204,87,117,Fr,87,0.1
204,86,118,Rn,86,0.1
204,81,123,Tl,81,0.1
204,83,121,Bi,83,0.1
204,84,120,Po,84,0.1
204,80,124,Hg,80,0.1
204,88,116,Ra,88,0.1
205,87,118,Fr,87,0.1
205,88,117,Ra,88,0.1
205,80,125,Hg,80,0.1
205,83,122,Bi,83,0.1
205,82,123,Pb,82,0.1
205,84,121,Po,84,0.1
205,81,124,Tl,81,0.1
205,89,116,Ac,89,0.1
205,86,119,Rn,86,0.1
205,85,120,At,85,0.1
206,80,126,Hg,80,0.1
206,81,125,Tl,81,0.1
206,82,124,Pb,82,0.1
206,89,117,Ac,89,0.1
206,85,121,At,85,0.1
206,86,120,Rn,86,0.1
206,88,118,Ra,88,0.1
206,83,123,Bi,83,0.1
206,84,122,Po,84,0.1
206,87,119,Fr,87,0.1
207,85,122,At,85,0.1
207,84,123,Po,84,0.1
207,80,127,Hg,80,0.1
207,83,124,Bi,83,0.1
207,86,121,Rn,86,0.1
207,88,119,Ra,88,0.1
207,81,126,Tl,81,0.1
207,87,120,Fr,87,0.1
207,89,118,Ac,89,0.1
207,82,125,Pb,82,0.1
208,85,123,At,85,0.1
208,84,124,Po,84,0.1
208,82,126,Pb,82,0.1
208,81,127,Tl,81,0.1
208,87,121,Fr,87,0.1
208,83,125,Bi,83,0.1
208,80,128,Hg,80,0.1
208,90,118,Th,90,0.1
208,88,120,Ra,88,0.1
208,89,119,Ac,89,0.1
208,86,122,Rn,86,0.1
209,85,124,At,85,0.1
209,84,125,Po,84,0.1
209,83,126,Bi,83,0.1
209,87,122,Fr,87,0.1
209,86,123,Rn,86,0.1
209,88,121,Ra,88,0.1
209,82,127,Pb,82,0.1
209,89,120,Ac,89,0.1
209,81,128,Tl,81,0.1
210,88,122,Ra,88,0.1
210,87,123,Fr,87,0.1
210,85,125,At,85,0.1
210,84,126,Po,84,0.1
210,90,120,Th,90,0.1
210,86,124,Rn,86,0.1
210,89,121,Ac,89,0.1
210,81,129,Tl,81,0.1
210,83,127,Bi,83,0.1
210,82,128,Pb,82,0.1
211,82,129,Pb,82,0.1
211,83,128,Bi,83,0.1
211,84,127,Po,84,0.1
211,85,126,At,85,0.1
211,87,124,Fr,87,0.1
211,86,125,Rn,86,0.1
211,91,120,Pa,91,0.1
211,90,121,Th,90,0.1
211,89,122,Ac,89,0.1
211,88,123,Ra,88,0.1
211,81,130,Tl,81,0.1
212,87,125,Fr,87,0.1
212,84,128,Po,84,0.1
212,86,126,Rn,86,0.1
212,83,129,Bi,83,0.1
212,82,130,Pb,82,0.1
212,85,127,At,85,0.1
212,91,121,Pa,91,0.1
212,89,123,Ac,89,0.1
212,88,124,Ra,88,0.1
212,90,122,Th,90,0.1
213,89,124,Ac,89,0.1
213,81,132,Tl,81,0.1
213,85,128,At,85,0.1
213,90,123,Th,90,0.1
213,91,122,Pa,91,0.1
213,86,127,Rn,86,0.1
213,83,130,Bi,83,0.1
213,82,131,Pb,82,0.1
213,87,126,Fr,87,0.1
213,88,125,Ra,88,0.1
213,84,129,Po,84,0.1
214,85,129,At,85,0.1
214,91,123,Pa,91,0.1
214,83,131,Bi,83,0.1
214,84,130,Po,84,0.1
214,90,124,Th,90,0.1
214,86,128,Rn,86,0.1
214,89,125,Ac,89,0.1
214,88,126,Ra,88,0.1
214,87,127,Fr,87,0.1
214,82,132,Pb,82,0.1
215,90,125,Th,90,0.1
215,91,124,Pa,91,0.1
215,89,126,Ac,89,0.1
215,85,130,At,85,0.1
215,88,127,Ra,88,0.1
215,92,123,U,92,0.1
215,86,129,Rn,86,0.1
215,84,131,Po,84,0.1
215,82,133,Pb,82,0.1
215,83,132,Bi,83,0.1
215,87,128,Fr,87,0.1
216,83,133,Bi,83,0.1
216,86,130,Rn,86,0.1
216,85,131,At,85,0.1
216,92,124,U,92,0.1
216,88,128,Ra,88,0.1
216,89,127,Ac,89,0.1
216,90,126,Th,90,0.1
216,87,129,Fr,87,0.1
216,84,132,Po,84,0.1
216,91,125,Pa,91,0.1
217,84,133,Po,84,0.1
217,83,134,Bi,83,0.1
217,90,127,Th,90,0.1
217,91,126,Pa,91,0.1
217,88,129,Ra,88,0.1
217,87,130,Fr,87,0.1
217,86,131,Rn,86,0.1
217,85,132,At,85,0.1
217,89,128,Ac,89,0.1
218,84,134,Po,84,0.1
218,90,128,Th,90,0.1
218,83,135,Bi,83,0.1
218,87,131,Fr,87,0.1
218,86,132,Rn,86,0.1
218,85,133,At,85,0.1
218,91,127,Pa,91,0.1
218,88,130,Ra,88,0.1
218,92,126,U,92,0.1
218,89,129,Ac,89,0.1
219,87,132,Fr,87,0.1
219,84,135,Po,84,0.1
219,91,128,Pa,91,0.1
219,89,130,Ac,89,0.1
219,88,131,Ra,88,0.1
219,86,133,Rn,86,0.1
219,85,134,At,85,0.1
219,90,129,Th,90,0.1
219,92,127,U,92,0.1
219,93,126,Np,93,0.1
220,90,130,Th,90,0.1
220,93,127,Np,93,0.1
220,91,129,Pa,91,0.1
220,86,134,Rn,86,0.1
220,85,135,At,85,0.1
220,89,131,Ac,89,0.1
220,84,136,Po,84,0.1
220,88,132,Ra,88,0.1
220,87,133,Fr,87,0.1
221,92,129,U,92,0.1
221,85,136,At,85,0.1
221,84,137,Po,84,0.1
221,91,130,Pa,91,0.1
221,90,131,Th,90,0.1
221,89,132,Ac,89,0.1
221,88,133,Ra,88,0.1
221,87,134,Fr,87,0.1
221,86,135,Rn,86,0.1
222,91,131,Pa,91,0.1
222,85,137,At,85,0.1
222,84,138,Po,84,0.1
222,86,136,Rn,86,0.1
222,87,135,Fr,87,0.1
222,88,134,Ra,88,0.1
222,89,133,Ac,89,0.1
222,90,132,Th,90,0.1
222,92,130,U,92,0.1
222,93,129,Np,93,0.1
223,85,138,At,85,0.1
223,93,130,Np,93,0.1
223,90,133,Th,90,0.1
223,88,135,Ra,88,0.1
223,87,136,Fr,87,0.1
223,86,137,Rn,86,0.1
223,91,132,Pa,91,0.1
223,92,131,U,92,0.1
223,89,134,Ac,89,0.1
224,93,131,Np,93,0.1
224,85,139,At,85,0.1
224,90,134,Th,90,0.1
224,91,133,Pa,91,0.1
224,92,132,U,92,0.1
224,88,136,Ra,88,0.1
224,89,135,Ac,89,0.1
224,87,137,Fr,87,0.1
224,86,138,Rn,86,0.1
225,93,132,Np,93,0.1
225,92,133,U,92,0.1
225,90,135,Th,90,0.1
225,91,134,Pa,91,0.1
225,86,139,Rn,86,0.1
225,88,137,Ra,88,0.1
225,87,138,Fr,87,0.1
225,89,136,Ac,89,0.1
226,91,135,Pa,91,0.1
226,90,136,Th,90,0.1
226,92,134,U,92,0.1
226,87,139,Fr,87,0.1
226,86,140,Rn,86,0.1
226,93,133,Np,93,0.1
226,88,138,Ra,88,0.1
226,89,137,Ac,89,0.1
227,89,138,Ac,89,0.1
227,90,137,Th,90,0.1
227,91,136,Pa,91,0.1
227,92,135,U,92,0.1
227,86,141,Rn,86,0.1
227,88,139,Ra,88,0.1
227,87,140,Fr,87,0.1
227,93,134,Np,93,0.1
228,90,138,Th,90,0.1
228,91,137,Pa,91,0.1
228,92,136,U,92,0.1
228,94,134,Pu,94,0.1
228,89,139,Ac,89,0.1
228,86,142,Rn,86,0.1
228,88,140,Ra,88,0.1
228,87,141,Fr,87,0.1
229,88,141,Ra,88,0.1
229,87,142,Fr,87,0.1
229,91,138,Pa,91,0.1
229,90,139,Th,90,0.1
229,92,137,U,92,0.1
229,93,136,Np,93,0.1
229,89,140,Ac,89,0.1
229,86,143,Rn,86,0.1
229,95,134,Am,95,0.1
229,94,135,Pu,94,0.1
230,87,143,Fr,87,0.1
230,88,142,Ra,88,0.1
230,91,139,Pa,91,0.1
230,89,141,Ac,89,0.1
230,90,140,Th,90,0.1
230,94,136,Pu,94,0.1
230,92,138,U,92,0.1
230,93,137,Np,93,0.1
231,91,140,Pa,91,0.1
231,90,141,Th,90,0.1
231,87,144,Fr,87,0.1
231,89,142,Ac,89,0.1
231,88,143,Ra,88,0.1
231,92,139,U,92,0.1
231,94,137,Pu,94,0.1
231,93,138,Np,93,0.1
232,89,143,Ac,89,0.1
232,87,145,Fr,87,0.1
232,88,144,Ra,88,0.1
232,94,138,Pu,94,0.1
232,92,140,U,92,0.1
232,91,141,Pa,91,0.1
232,90,142,Th,90,0.1
233,88,145,Ra,88,0.1
233,94,139,Pu,94,0.1
233,96,137,Cm,96,0.1
233,90,143,Th,90,0.1
233,91,142,Pa,91,0.1
233,93,140,Np,93,0.1
233,92,141,U,92,0.1
233,87,146,Fr,87,0.1
233,89,144,Ac,89,0.1
234,91,143,Pa,91,0.1
234,92,142,U,92,0.1
234,94,140,Pu,94,0.1
234,93,141,Np,93,0.1
234,96,138,Cm,96,0.1
234,88,146,Ra,88,0.1
234,90,144,Th,90,0.1
234,89,145,Ac,89,0.1
235,93,142,Np,93,0.1
235,95,140,Am,95,0.1
235,91,144,Pa,91,0.1
235,92,143,U,92,0.1
235,94,141,Pu,94,0.1
235,89,146,Ac,89,0.1
235,90,145,Th,90,0.1
236,90,146,Th,90,0.1
236,96,140,Cm,96,0.1
236,92,144,U,92,0.1
236,93,143,Np,93,0.1
236,94,142,Pu,94,0.1
236,91,145,Pa,91,0.1
236,89,147,Ac,89,0.1
237,92,145,U,92,0.1
237,96,141,Cm,96,0.1
237,94,143,Pu,94,0.1
237,98,139,Cf,98,0.1
237,90,147,Th,90,0.1
237,91,146,Pa,91,0.1
237,93,144,Np,93,0.1
238,95,143,Am,95,0.1
238,96,142,Cm,96,0.1
238,93,145,Np,93,0.1
238,92,146,U,92,0.1
238,91,147,Pa,91,0.1
238,94,144,Pu,94,0.1
239,93,146,Np,93,0.1
239,94,145,Pu,94,0.1
239,95,144,Am,95,0.1
239,96,143,Cm,96,0.1
239,92,147,U,92,0.1
240,93,147,Np,93,0.1
240,95,145,Am,95,0.1
240,92,148,U,92,0.1
240,94,146,Pu,94,0.1
240,96,144,Cm,96,0.1
240,98,142,Cf,98,0.1
241,94,147,Pu,94,0.1
241,96,145,Cm,96,0.1
241,93,148,Np,93,0.1
241,95,146,Am,95,0.1
242,96,146,Cm,96,0.1
242,98,144,Cf,98,0.1
242,95,147,Am,95,0.1
242,93,149,Np,93,0.1
242,94,148,Pu,94,0.1
243,97,146,Bk,97,0.1
243,96,147,Cm,96,0.1
243,94,149,Pu,94,0.1
243,95,148,Am,95,0.1
244,97,147,Bk,97,0.1
244,98,146,Cf,98,0.1
244,94,150,Pu,94,0.1
244,95,149,Am,95,0.1
244,96,148,Cm,96,0.1
245,94,151,Pu,94,0.1
245,95,150,Am,95,0.1
245,98,147,Cf,98,0.1
245,97,148,Bk,97,0.1
245,96,149,Cm,96,0.1
246,94,152,Pu,94,0.1
246,98,148,Cf,98,0.1
246,96,150,Cm,96,0.1
246,99,147,Es,99,0.1
246,100,146,Fm,100,0.1
246,97,149,Bk,97,0.1
247,97,150,Bk,97,0.1
247,96,151,Cm,96,0.1
247,99,148,Es,99,0.1
247,98,149,Cf,98,0.1
248,97,151,Bk,97,0.1
248,100,148,Fm,100,0.1
248,98,150,Cf,98,0.1
248,96,152,Cm,96,0.1
249,97,152,Bk,97,0.1
249,96,153,Cm,96,0.1
249,98,151,Cf,98,0.1
249,100,149,Fm,100,0.1
249,101,148,Md,101,0.1
250,96,154,Cm,96,0.1
250,98,152,Cf,98,0.1
250,100,150,Fm,100,0.1
250,97,153,Bk,97,0.1
250,101,149,Md,101,0.1
251,100,151,Fm,100,0.1
251,98,153,Cf,98,0.1
251,99,152,Es,99,0.1
251,96,155,Cm,96,0.1
251,97,154,Bk,97,0.1
251,101,150,Md,101,0.1
252,102,150,No,102,0.1
252,100,152,Fm,100,0.1
252,98,154,Cf,98,0.1
252,99,153,Es,99,0.1
252,101,151,Md,101,0.1
253,99,154,Es,99,0.1
253,98,155,Cf,98,0.1
253,103,150,Lr,103,0.1
253,102,151,No,102,0.1
253,100,153,Fm,100,0.1
254,103,151,Lr,103,0.1
254,99,155,Es,99,0.1
254,98,156,Cf,98,0.1
254,100,154,Fm,100,0.1
254,102,152,No,102,0.1
255,103,152,Lr,103,0.1
255,102,153,No,102,0.1
255,101,154,Md,101,0.1
255,99,156,Es,99,0.1
255,100,155,Fm,100,0.1
256,103,153,Lr,103,0.1
256,102,154,No,102,0.1
256,100,156,Fm,100,0.1
256,104,152,Rf,104,0.1
257,100,157,Fm,100,0.1
257,101,156,Md,101,0.1
257,105,152,Db,105,0.1
257,102,155,No,102,0.1
257,104,153,Rf,104,0.1
258,104,154,Rf,104,0.1
258,105,153,Db,105,0.1
258,101,157,Md,101,0.1
259,102,157,No,102,0.1
259,105,154,Db,105,0.1
260,106,154,Sg,106,0.1
261,107,154,Bh,107,0.1
261,106,155,Sg,106,0.1
261,104,157,Rf,104,0.1
262,107,155,Bh,107,0.1
262,106,156,Sg,106,0.1
264,108,156,Hs,108,0.1
265,108,157,Hs,108,0.1
266,108,158,Hs,108,0.1
266,109,157,Mt,109,0.1
269,110,159,Ds,110,0.1
270,110,160,Ds,110,0.1
